sample,noise_level,rank,candidate_x,candidate_y,gt_x,gt_y,template_score,gray_score,edge_score,gradient_score,structural_score,center_distance,distance_to_gt,label
sample_001,clean,1,278.0,433.0,279.0,433.1,0.9074140787124634,0.9537071883678436,0.7248106300830841,0.935409277677536,0.9006087124347687,0.16397103402735497,1.0049875621120912,1
sample_001,clean,2,278.0,481.0,279.0,433.1,0.8778853416442871,0.9389427602291107,0.6685207486152649,0.9035701751708984,0.8707093238830567,0.15755157885594165,47.910437276234475,0
sample_001,clean,3,278.0,385.0,279.0,433.1,0.8403040766716003,0.9201526641845703,0.6298266649246216,0.8730690479278564,0.8432540178298951,0.17678942276052603,48.110393887391965,0
sample_001,clean,4,278.0,338.0,279.0,433.1,0.8400507569313049,0.9200261533260345,0.6714664399623871,0.8884762525558472,0.8576942503452301,0.19432961688841976,95.1052574782278,0
sample_001,clean,5,278.0,529.0,279.0,433.1,0.709815263748169,0.8549077212810516,0.6172682121396065,0.8072914183139801,0.788333298265934,0.15831140198987562,95.905213622618,0
sample_001,clean,6,553.0,757.0,279.0,433.1,0.5130905508995056,0.7565454840660095,0.5553834997117519,0.6328926533460617,0.666851954907179,0.18555053220079967,424.2489952846088,0
sample_001,clean,7,272.0,782.0,279.0,433.1,0.5028144717216492,0.7514069974422455,0.5229313801974058,0.7208715826272964,0.6934977080672979,0.2564254277562972,348.97021362861324,0
sample_001,clean,8,553.0,709.0,279.0,433.1,0.49846625328063965,0.7492322623729706,0.5543867349624634,0.6213524639606476,0.65911123752594,0.1524631102922933,388.84033998544953,0
sample_001,clean,9,272.0,710.0,279.0,433.1,0.497724711894989,0.7488619983196259,0.540442980825901,0.7332154810428619,0.7009195879101753,0.21918485349129394,276.98846546381674,0
sample_001,clean,10,553.0,637.0,279.0,433.1,0.49342048168182373,0.746709868311882,0.5375641733407974,0.6146550104022026,0.6520587861537934,0.10387011119662865,341.54239853933217,0
sample_001,clean,11,553.0,662.0,279.0,433.1,0.4894362986087799,0.7447183579206467,0.5642585158348083,0.6171533167362213,0.6576003730297089,0.12052593081988622,357.0311050874979,0
sample_001,clean,12,272.0,638.0,279.0,433.1,0.48476341366767883,0.7423818856477737,0.5307634528726339,0.7174841612577438,0.6900991093367339,0.1884515852944729,205.01953565453218,0
sample_001,clean,13,572.0,733.0,279.0,433.1,0.48315054178237915,0.7415744811296463,0.5362348034977913,0.759209007024765,0.7075603559613228,0.17244274412105604,419.2720000190807,0
sample_001,clean,14,242.0,433.0,279.0,433.1,0.481511652469635,0.7407572716474533,0.5868851020932198,0.514128333888948,0.6193312626332045,0.18848474739352256,37.00013513488836,0
sample_001,clean,15,278.0,290.0,279.0,433.1,0.4811336398124695,0.7405668348073959,0.5830356627702713,0.738461509346962,0.7082184702157974,0.21608331726442925,143.10349401744182,0
sample_001,clean,16,242.0,481.0,279.0,433.1,0.47719258069992065,0.7385960072278976,0.5658340826630592,0.5035656895488501,0.610031495243311,0.18292758129926714,60.52611006830026,0
sample_001,clean,17,572.0,781.0,279.0,433.1,0.4706101715564728,0.7353046536445618,0.5275040864944458,0.7571605741977692,0.7024869084358216,0.20511582094026778,454.8443799806698,0
sample_001,clean,18,553.0,805.0,279.0,433.1,0.4683185815811157,0.7341590970754623,0.5336976423859596,0.6134881898760796,0.6457984432578087,0.21889952032839177,461.9368030369522,0
sample_001,clean,19,260.0,457.0,279.0,433.1,0.46723613142967224,0.7336180210113525,0.59274572879076,0.6464340537786484,0.6705699756741523,0.17240794645259247,30.5321142405828,0
sample_001,clean,20,254.0,746.0,279.0,433.1,0.4670882225036621,0.7335440367460251,0.5559466555714607,0.5665476992726326,0.6312260255217552,0.246,313.89713283176064,0
sample_001,clean,21,242.0,361.0,279.0,433.1,0.4659956991672516,0.7329980432987213,0.5455382168292999,0.5025976237375289,0.6033459101803601,0.20722572234160508,81.03955824163903,0
sample_001,clean,22,254.0,674.0,279.0,433.1,0.4627167284488678,0.7313583642244339,0.5572144389152527,0.5689312964677811,0.6315587520599366,0.21306337085477645,242.1937447581997,0
sample_001,clean,23,259.0,505.0,279.0,433.1,0.45514795184135437,0.7275738716125488,0.5648440569639206,0.6106518730521202,0.6482591092586518,0.1704494059831245,74.62981977735171,0
sample_001,clean,24,259.0,409.0,279.0,433.1,0.45420169830322266,0.727101132273674,0.5557116493582726,0.5968688428401947,0.6407303199172021,0.18215652609774924,31.317886263284134,0
sample_001,clean,25,236.0,710.0,279.0,433.1,0.4537443220615387,0.7268714010715485,0.5687267482280731,0.5095403222367167,0.6083100389689207,0.2385330165826106,280.2188608926958,0
sample_001,clean,26,236.0,782.0,279.0,433.1,0.45040979981422424,0.7252043038606644,0.5526602752506733,0.5003103883937001,0.6007379319518805,0.2731483113621609,351.53977015410356,0
sample_001,clean,27,293.0,457.0,279.0,433.1,0.4450361728668213,0.72251757979393,0.5971029624342918,0.6690271943807602,0.6760385021567346,0.1494958193395387,27.698555919036625,0
sample_001,clean,28,236.0,638.0,279.0,433.1,0.4433063268661499,0.7216530442237854,0.5580054000020027,0.5005740495980717,0.6004919175291434,0.2106418761785035,209.36334445169715,0
sample_001,clean,29,518.0,733.0,279.0,433.1,0.4423062801361084,0.7211523354053497,0.537128135561943,0.5489652641117573,0.6154726669192314,0.16524678514270708,383.48534522195234,0
sample_001,clean,30,518.0,637.0,279.0,433.1,0.4384213089942932,0.7192097753286362,0.5378736779093742,0.5444238893687725,0.6130282014608384,0.09770619222956137,314.1595295387361,0
sample_002,clean,1,288.0,438.0,288.4,438.1,0.9064276218414307,0.9532148241996765,0.7152263820171356,0.9363055527210236,0.8988534271717072,0.15618578680533,0.4123105625617495,1
sample_002,clean,2,288.0,342.0,288.4,438.1,0.858497679233551,0.929250031709671,0.6550053507089615,0.89503213763237,0.8607139378786087,0.1869598887462228,96.1008324625755,0
sample_002,clean,3,288.0,390.0,288.4,438.1,0.8440039753913879,0.9220031201839447,0.6659020632505417,0.898359626531601,0.8613255113363266,0.1688845759683222,48.10166317290913,0
sample_002,clean,4,288.0,486.0,288.4,438.1,0.7799234986305237,0.8899613916873932,0.5893326625227928,0.8502691388130188,0.8139587447047234,0.15023315213360863,47.90167011702199,0
sample_002,clean,5,288.0,516.0,288.4,438.1,0.6604987978935242,0.83024862408638,0.5881105959415436,0.7867455780506134,0.7644198000431062,0.15033296378372907,77.90102695086885,0
sample_002,clean,6,288.0,309.0,288.4,438.1,0.6203967928886414,0.8101982772350311,0.5807376652956009,0.7411536276340485,0.736688295006752,0.2017733877398107,129.10061967318362,0
sample_002,clean,7,580.0,724.0,288.4,438.1,0.5623980164527893,0.7811991274356842,0.6206722855567932,0.7953485250473022,0.7547535181045533,0.1681903683330291,408.3740564727392,0
sample_002,clean,8,580.0,695.0,288.4,438.1,0.5565443634986877,0.77827188372612,0.6116669923067093,0.7790480852127075,0.7452613860368729,0.1490385856078888,388.6234295561707,0
sample_002,clean,9,580.0,657.0,288.4,438.1,0.5531271696090698,0.776563286781311,0.6170754507184029,0.7968496680259705,0.7527802720665933,0.12459735149673126,364.6200351050392,0
sample_002,clean,10,580.0,772.0,288.4,438.1,0.5398765802383423,0.7699386775493622,0.591546356678009,0.7720650136470795,0.7351107478141785,0.20047942537826666,443.30550413907565,0
sample_002,clean,11,870.0,759.0,288.4,438.1,0.5017256140708923,0.7508629858493805,0.6398531645536423,0.8103820085525513,0.7524686306715012,0.3193595152801933,664.255500541772,0
sample_002,clean,12,282.0,931.0,288.4,438.1,0.49816539883613586,0.7490820735692978,0.6149501353502274,0.7494987994432449,0.7224223762750626,0.34152964732216146,492.94154825902024,0
sample_002,clean,13,870.0,701.0,288.4,438.1,0.49792900681495667,0.7489638775587082,0.6248769983649254,0.810276448726654,0.7486715301871301,0.2977423382725406,638.259328173118,0
sample_002,clean,14,870.0,730.0,288.4,438.1,0.49391910433769226,0.7469594925642014,0.6215461269021034,0.802508145570755,0.7440962806344033,0.3080584360149872,650.7412465796217,0
sample_002,clean,15,870.0,788.0,288.4,438.1,0.4896423816680908,0.7448220700025558,0.6147103831171989,0.8004953265190125,0.7410690352320671,0.33154486875836275,678.7404290301263,0
sample_002,clean,16,580.0,614.0,288.4,438.1,0.4782639145851135,0.7391316443681717,0.5795229598879814,0.7126704007387161,0.6966254100203515,0.09847842403288143,340.54569443761875,0
sample_002,clean,17,288.0,549.0,288.4,438.1,0.47063392400741577,0.7353161573410034,0.5812215581536293,0.7351209819316864,0.7044191673398018,0.15385870141139238,110.90072136825799,0
sample_002,clean,18,266.0,357.0,288.4,438.1,0.46223533153533936,0.7311176806688309,0.5725991129875183,0.5915960073471069,0.6436052978038788,0.19391364057229188,84.13661509711454,0
sample_002,clean,19,870.0,653.0,288.4,438.1,0.4572865664958954,0.7286422252655029,0.5926439017057419,0.7833158075809479,0.7233119934797287,0.28311570073028447,620.0327168787144,0
sample_002,clean,20,266.0,423.0,288.4,438.1,0.4560619592666626,0.7280304729938507,0.5470483265817165,0.5871018841862679,0.6354626081883907,0.17419098713768172,27.01425549594139,0
sample_002,clean,21,331.0,438.0,288.4,438.1,0.4533226788043976,0.7266599982976913,0.6285316348075867,0.6302506327629089,0.6684705793857575,0.12728904116223047,42.60011737073035,0
sample_002,clean,22,266.0,453.0,288.4,438.1,0.4518028497695923,0.7259008437395096,0.5568311288952827,0.5913150981068611,0.638252602517605,0.16876759167565317,26.902973813316592,0
sample_002,clean,23,914.0,759.0,288.4,438.1,0.44424960017204285,0.7221247553825378,0.6121408194303513,0.6089651361107826,0.6548641204833985,0.34530928165921054,703.1018205068168,0
sample_002,clean,24,325.0,950.0,288.4,438.1,0.4418031871318817,0.7209010273218155,0.6262565553188324,0.6214570328593254,0.662194535136223,0.3414125070936916,513.2067517092892,0
sample_002,clean,25,266.0,501.0,288.4,438.1,0.43759089708328247,0.7187945544719696,0.5661441907286644,0.583983302116394,0.6343399807810783,0.1654644977026794,66.76952897841946,0
sample_002,clean,26,870.0,624.0,288.4,438.1,0.43577295541763306,0.717886433005333,0.5737093836069107,0.7581971287727356,0.7051753014326096,0.2759311508329569,610.5877250649573,0
sample_002,clean,27,914.0,730.0,288.4,438.1,0.4356963038444519,0.7178481370210648,0.5938173308968544,0.6011462137103081,0.64636120647192,0.33488505490690385,690.348441006424,0
sample_002,clean,28,914.0,682.0,288.4,438.1,0.43478116393089294,0.717390775680542,0.6017306447029114,0.6028217971324921,0.6484311580657959,0.31978117518077886,671.4630071716535,0
sample_002,clean,29,616.0,719.0,288.4,438.1,0.4346802234649658,0.7173402607440948,0.6107169613242149,0.6170008108019829,0.6558798208832741,0.17523840903181015,431.5397664178818,0
sample_002,clean,30,616.0,681.0,288.4,438.1,0.42993319034576416,0.7149662226438522,0.6252167969942093,0.6221844628453255,0.659903633594513,0.15201480191086655,407.82615168721094,0
sample_003,clean,1,148.0,545.0,149.2,544.8,0.9368916153907776,0.9684455692768097,0.6705021411180496,0.9421656429767609,0.8983449131250383,0.25092728030248124,1.2165525060596403,1
sample_003,clean,2,76.0,545.0,149.2,544.8,0.8843716382980347,0.9421850740909576,0.6490483433008194,0.8951953053474426,0.864761820435524,0.30149709783014494,73.20027322353378,0
sample_003,clean,3,197.0,545.0,149.2,544.8,0.8822137713432312,0.941106766462326,0.6339689046144485,0.9056963622570038,0.8655150324106217,0.21660332407421634,47.800418408210625,0
sample_003,clean,4,697.0,541.0,149.2,544.8,0.8316295146942139,0.9158149659633636,0.5452212281525135,0.8250272572040558,0.8053811348974704,0.14228492541376264,547.8131798341475,0
sample_003,clean,5,794.0,541.0,149.2,544.8,0.826172947883606,0.9130865931510925,0.550908625125885,0.8149577677249908,0.8013994693756104,0.2099011672192415,644.81119717325,0
sample_003,clean,6,649.0,541.0,149.2,544.8,0.8260173797607422,0.9130094945430756,0.545645460486412,0.8172824084758759,0.801245853304863,0.1092748827498799,499.81444556955336,0
sample_003,clean,7,746.0,541.0,149.2,544.8,0.8249669075012207,0.9124836921691895,0.5545746833086014,0.8204275965690613,0.8040794521570206,0.17634766797437385,596.8120977326113,0
sample_003,clean,8,764.0,249.0,149.2,544.8,0.7749547362327576,0.8874777257442474,0.5557068660855293,0.7801065146923065,0.7781750693917275,0.257582025770433,682.2585140546066,0
sample_003,clean,9,716.0,249.0,149.2,544.8,0.769071638584137,0.8845361769199371,0.5564529933035374,0.7774576246738434,0.7760881192982197,0.2341548632849636,639.3433193519737,0
sample_003,clean,10,668.0,249.0,149.2,544.8,0.7675028443336487,0.8837516009807587,0.5491863116621971,0.7718505561351776,0.772078125178814,0.21357083134173543,597.2027126529148,0
sample_003,clean,11,173.0,529.0,149.2,544.8,0.7465587854385376,0.8732791841030121,0.6036886945366859,0.7472629249095917,0.7689545825123787,0.232131428290096,28.567113959936503,0
sample_003,clean,12,770.0,525.0,149.2,544.8,0.7448310852050781,0.8724158108234406,0.597734697163105,0.7397430092096329,0.7644104674458504,0.19173549488814007,621.1156736067767,0
sample_003,clean,13,124.0,529.0,149.2,544.8,0.744018018245697,0.8720086812973022,0.6150153055787086,0.748554140329361,0.7712281897664071,0.26666177078839026,29.74357073385773,0
sample_003,clean,14,722.0,525.0,149.2,544.8,0.742993950843811,0.8714971840381622,0.6058569326996803,0.7383343428373337,0.7651039972901346,0.15796993384818517,573.1421115220901,0
sample_003,clean,15,674.0,525.0,149.2,544.8,0.7380146384239197,0.8690078854560852,0.5934434086084366,0.7325483411550522,0.7593111723661423,0.12430004022525495,525.173380894348,0
sample_003,clean,16,626.0,525.0,149.2,544.8,0.7212136387825012,0.860606849193573,0.5860337093472481,0.7227097302675247,0.7505333736538888,0.09083226299063565,477.2109386843517,0
sample_003,clean,17,692.0,233.0,149.2,544.8,0.7165294289588928,0.8582643270492554,0.5789788067340851,0.7181822508573532,0.7463743925094605,0.23254354430944754,625.9800955302013,0
sample_003,clean,18,220.0,529.0,149.2,544.8,0.7101255059242249,0.8550624251365662,0.5968561545014381,0.7306584864854813,0.7536595955491067,0.19904898894493286,72.54157428674952,0
sample_003,clean,19,52.0,529.0,149.2,544.8,0.7097307443618774,0.8548648059368134,0.5980103388428688,0.7243672609329224,0.7512948945164681,0.317446845944325,98.47578382526335,0
sample_003,clean,20,788.0,233.0,149.2,544.8,0.708311915397644,0.8541555404663086,0.5860252976417542,0.7102121710777283,0.7429521441459657,0.27769857759808564,710.8337921061434,0
sample_003,clean,21,644.0,233.0,149.2,544.8,0.707772433757782,0.8538858592510223,0.5827241837978363,0.714601531624794,0.7439397931098939,0.21450524469112636,584.8472279151197,0
sample_003,clean,22,740.0,233.0,149.2,544.8,0.7029902338981628,0.8514946401119232,0.5759386867284775,0.7002021372318268,0.7358664482831956,0.2538592129508007,668.0298496324846,0
sample_003,clean,23,244.0,545.0,149.2,544.8,0.7019740343093872,0.8509862720966339,0.5986274108290672,0.8032441139221191,0.7814176365733148,0.18379472244871448,94.8002109702294,0
sample_003,clean,24,812.0,249.0,149.2,544.8,0.6715885400772095,0.8357943296432495,0.5488553643226624,0.7364748865365982,0.7386787593364716,0.2831474880693805,725.8109120149683,0
sample_003,clean,25,620.0,249.0,149.2,544.8,0.6652179956436157,0.8326089680194855,0.5297372154891491,0.7199972718954086,0.7269899390637875,0.19672442654637476,556.0128415783217,0
sample_003,clean,26,602.0,541.0,149.2,544.8,0.6642394661903381,0.8321198225021362,0.5281238425523043,0.748877540230751,0.7380237136036158,0.07773351915358008,452.8159449489384,0
sample_003,clean,27,673.0,557.0,149.2,544.8,0.6607343554496765,0.8303671479225159,0.5708682909607887,0.7497214823961258,0.7462091103196145,0.1287982919141399,523.9420578651803,0
sample_003,clean,28,148.0,513.0,149.2,544.8,0.6601574420928955,0.8300785720348358,0.5812063068151474,0.68935826420784,0.7240159958600998,0.2490712749395241,31.82263345482264,0
sample_003,clean,29,770.0,557.0,149.2,544.8,0.6597960591316223,0.8298980593681335,0.5820362791419029,0.7475635409355164,0.7473918959498406,0.19512688179746018,620.919866005268,0
sample_003,clean,30,722.0,557.0,149.2,544.8,0.6595484018325806,0.8297742903232574,0.5772225558757782,0.7455170005559921,0.7455610275268555,0.16206942956646697,572.9299084530323,0
sample_004,clean,1,223.0,669.0,223.7,669.3,0.9280127286911011,0.9640060663223267,0.6734122782945633,0.9200624823570251,0.8883098751306534,0.2294449825121482,0.7615773105863625,1
sample_004,clean,2,223.0,708.0,223.7,669.3,0.9203062653541565,0.9601522982120514,0.6941956281661987,0.9140152335166931,0.8885061383247376,0.24494182982904328,38.70633023163012,0
sample_004,clean,3,223.0,631.0,223.7,669.3,0.8932521343231201,0.946625143289566,0.6431170254945755,0.8795189559459686,0.8590810447931291,0.21666794871415568,38.306396332727466,0
sample_004,clean,4,814.0,105.0,223.7,669.3,0.8892990946769714,0.9446498155593872,0.6601524949073792,0.8795655369758606,0.861716639995575,0.3568059696810018,816.6324632293281,0
sample_004,clean,5,223.0,766.0,223.7,669.3,0.8838889598846436,0.9419445097446442,0.6397137641906738,0.87087282538414,0.8530696868896486,0.27155570330965245,96.70253357591004,0
sample_004,clean,6,814.0,163.0,223.7,669.3,0.8814373016357422,0.9407184720039368,0.6579249501228333,0.8740019500255585,0.8574731588363649,0.32570308564703526,777.6848847701747,0
sample_004,clean,7,526.0,456.0,223.7,669.3,0.8787496089935303,0.9393746256828308,0.6677294969558716,0.8714515864849091,0.8578763842582704,0.0361386219991853,369.9759181352213,0
sample_004,clean,8,526.0,398.0,223.7,669.3,0.8765023946762085,0.9382512867450714,0.6482415497303009,0.8705105781555176,0.8531530559062959,0.07443117626371357,406.1883553229954,0
sample_004,clean,9,526.0,495.0,223.7,669.3,0.8762903213500977,0.9381449818611145,0.6795410513877869,0.8678110241889954,0.8582906126976013,0.018721645226849055,348.94953789910653,0
sample_004,clean,10,814.0,66.0,223.7,669.3,0.870877206325531,0.9354391396045685,0.6263314187526703,0.8504030406475067,0.8396031558513641,0.37878225935225635,844.0527116241022,0
sample_004,clean,11,526.0,360.0,223.7,669.3,0.8566396832466125,0.9283197522163391,0.6488496512174606,0.8448244631290436,0.8390276163816452,0.100687635785135,432.49483233906966,0
sample_004,clean,12,799.0,192.0,223.7,669.3,0.8566083908081055,0.9283036887645721,0.7074404507875443,0.8620014786720276,0.8576101571321488,0.30353335895746286,747.519484695884,0
sample_004,clean,13,799.0,134.0,223.7,669.3,0.8528903722763062,0.9264455437660217,0.6806928515434265,0.8524298965930939,0.8476887464523315,0.33418333291772645,785.8219772951122,0
sample_004,clean,14,511.0,427.0,223.7,669.3,0.852748692035675,0.9263741374015808,0.6466986835002899,0.8648107647895813,0.8458136975765229,0.052201532544552745,375.8331810790527,0
sample_004,clean,15,222.0,804.0,223.7,669.3,0.8401324152946472,0.9200658798217773,0.6417630314826965,0.848466545343399,0.83576557636261,0.2912902332725901,134.7107271155494,0
sample_004,clean,16,79.0,669.0,223.7,669.3,0.8340882062911987,0.9170438647270203,0.654178649187088,0.815950483083725,0.8240334689617157,0.32078185734233783,144.70031098791736,0
sample_004,clean,17,655.0,76.0,223.7,669.3,0.8333016633987427,0.916651040315628,0.67926225066185,0.8118718266487122,0.8272615969181061,0.3192185771536487,733.5015882736724,0
sample_004,clean,18,79.0,708.0,223.7,669.3,0.8330305814743042,0.9165145456790924,0.6831074506044388,0.8192509114742279,0.8309276729822159,0.3320429189126008,149.7857803664954,0
sample_004,clean,19,727.0,163.0,223.7,669.3,0.8317484855651855,0.9158745408058167,0.6909699141979218,0.8200873732566833,0.8325787484645844,0.28731341771661134,713.8981580029465,0
sample_004,clean,20,194.0,669.0,223.7,669.3,0.8316144943237305,0.9158072769641876,0.6696849018335342,0.8233596980571747,0.8296037703752518,0.24718110769231535,29.70151511286923,0
sample_004,clean,21,655.0,134.0,223.7,669.3,0.8315361142158508,0.9157682955265045,0.6735798865556717,0.8133342266082764,0.8263569861650468,0.2810524862014211,687.4342004875812,0
sample_004,clean,22,425.0,485.0,223.7,669.3,0.8310835957527161,0.9155415296554565,0.6666676253080368,0.8107688128948212,0.8238576620817185,0.054083269131959835,272.92522785554286,0
sample_004,clean,23,727.0,105.0,223.7,669.3,0.8299994468688965,0.9149992763996124,0.6601332873106003,0.8080304563045502,0.8212385505437851,0.3221443775700578,756.1384661555051,0
sample_004,clean,24,353.0,456.0,223.7,669.3,0.8298290967941284,0.9149148464202881,0.6764070689678192,0.8150915205478668,0.827283960580826,0.1085011520676163,249.43011045180566,0
sample_004,clean,25,151.0,679.0,223.7,669.3,0.8292931318283081,0.9146459698677063,0.7083425372838974,0.8262416124343872,0.8380235403776168,0.2773463538610162,73.34425676220326,0
sample_004,clean,26,425.0,427.0,223.7,669.3,0.8291513323783875,0.9145751893520355,0.6676852703094482,0.8083763718605042,0.8227176785469055,0.07400675644831355,315.00949192048165,0
sample_004,clean,27,497.0,456.0,223.7,669.3,0.8290944695472717,0.9145470261573792,0.683684453368187,0.820250928401947,0.830656072497368,0.03118493225902535,346.68397713191183,0
sample_004,clean,28,497.0,495.0,223.7,669.3,0.8288557529449463,0.9144278764724731,0.6959368735551834,0.8202777206897736,0.8330696135759355,0.00412310562561766,324.1502429429908,0
sample_004,clean,29,468.0,456.0,223.7,669.3,0.8287966251373291,0.9143981635570526,0.6756077408790588,0.8115123808383942,0.8254857659339905,0.03847076812334269,324.31370615501277,0
sample_004,clean,30,165.0,708.0,223.7,669.3,0.8282688856124878,0.9141341149806976,0.6860487461090088,0.813767671585083,0.8283704638481141,0.27882700730022547,70.3091743657967,0
sample_005,clean,1,690.0,57.0,690.1,56.9,0.8895329833030701,0.9447660148143768,0.7705659866333008,0.8714959025382996,0.8806179642677308,0.34084380587007884,0.1414213562373266,1
sample_005,clean,2,633.0,57.0,690.1,56.9,0.863707423210144,0.9318540394306183,0.7540560960769653,0.8410730361938477,0.8599820494651795,0.32706115636070265,57.10008756560714,0
sample_005,clean,3,791.0,57.0,690.1,56.9,0.8489075303077698,0.9244539141654968,0.728827491402626,0.8363330066204071,0.8500802665948868,0.37478660595063956,100.90004955400168,0
sample_005,clean,4,402.0,207.0,690.1,56.9,0.8404271006584167,0.9202137887477875,0.7028881460428238,0.8068854212760925,0.8314173132181167,0.21846395583711284,324.8563066957451,0
sample_005,clean,5,719.0,57.0,690.1,56.9,0.8391699194908142,0.9195853471755981,0.72993603348732,0.8223840594291687,0.8427749693393708,0.3494352586674676,28.900173009862737,0
sample_005,clean,6,395.0,67.0,690.1,56.9,0.8388462066650391,0.9194235801696777,0.7137580960988998,0.813528299331665,0.835932371020317,0.3150507895562238,295.272789128968,0
sample_005,clean,7,352.0,67.0,690.1,56.9,0.8377463817596436,0.9188732802867889,0.71604123711586,0.8095114231109619,0.8345621287822724,0.32356838535308113,338.2508240936007,0
sample_005,clean,8,431.0,120.0,690.1,56.9,0.8374279737472534,0.9187153875827789,0.6936491280794144,0.7922312319278717,0.8231084734201433,0.2730943060556188,266.67287076116315,0
sample_005,clean,9,431.0,207.0,690.1,56.9,0.8347933292388916,0.9173965454101562,0.7002512961626053,0.7974255979061127,0.8259791165590287,0.2128497122384712,299.43750600083484,0
sample_005,clean,10,474.0,207.0,690.1,56.9,0.8321160078048706,0.916057676076889,0.6914094239473343,0.7992344498634338,0.8243987351655961,0.2079963941995149,263.11446178422045,0
sample_005,clean,11,402.0,120.0,690.1,56.9,0.8318090438842773,0.915905088186264,0.6946812570095062,0.7919830083847046,0.8220914900302887,0.27749234223668223,294.9291779393826,0
sample_005,clean,12,697.0,197.0,690.1,56.9,0.8314304947853088,0.9157146513462067,0.6996208131313324,0.7952027916908264,0.8242911398410797,0.2555562560376873,140.26981143496272,0
sample_005,clean,13,359.0,207.0,690.1,56.9,0.8291462063789368,0.9145725965499878,0.7001505941152573,0.79972043633461,0.8257473319768907,0.2299239004540415,363.53434500745595,0
sample_005,clean,14,424.0,67.0,690.1,56.9,0.8281031847000122,0.9140510857105255,0.6990076303482056,0.8026774823665619,0.8264929533004761,0.31085768447957013,266.29160707765465,0
sample_005,clean,15,359.0,120.0,690.1,56.9,0.8268799185752869,0.9134405553340912,0.6957130134105682,0.7884324193000793,0.8198917925357819,0.28660163991156784,337.0590749408774,0
sample_005,clean,16,467.0,67.0,690.1,56.9,0.8268130421638489,0.9134059548377991,0.7071262896060944,0.8065503239631653,0.8294077694416047,0.30706513966909366,223.3285024353139,0
sample_005,clean,17,474.0,120.0,690.1,56.9,0.824571967124939,0.9122858643531799,0.6869643777608871,0.7828035056591034,0.8154286235570908,0.2693287953413077,225.12401026989548,0
sample_005,clean,18,496.0,67.0,690.1,56.9,0.8239377737045288,0.9119684100151062,0.7042393684387207,0.8018047511577606,0.826357138156891,0.30619030030358574,194.36259928288678,0
sample_005,clean,19,402.0,178.0,690.1,56.9,0.8236094117164612,0.9118039309978485,0.6682699173688889,0.7756619155406952,0.8086403220891953,0.238,312.5169115423996,0
sample_005,clean,20,431.0,178.0,690.1,56.9,0.8231924772262573,0.9115958511829376,0.6717981398105621,0.7711294591426849,0.8074497520923615,0.2328572524101407,286.00353144672886,0
sample_005,clean,21,654.0,197.0,690.1,56.9,0.8178555369377136,0.9089281857013702,0.6862185001373291,0.7855768203735352,0.815045702457428,0.2403383032310913,144.6762592825789,0
sample_005,clean,22,431.0,91.0,690.1,56.9,0.8170989751815796,0.9085494577884674,0.6857830286026001,0.7736256718635559,0.8100266575813293,0.29329336848964044,261.33430697097543,0
sample_005,clean,23,359.0,178.0,690.1,56.9,0.8146281242370605,0.9073139131069183,0.6638342589139938,0.7685210406780243,0.8031008332967758,0.2485608577391058,352.5513012314662,0
sample_005,clean,24,395.0,96.0,690.1,56.9,0.8143462538719177,0.9071741998195648,0.6773831844329834,0.7658655047416687,0.8046925187110902,0.295161820024203,297.6790553599632,0
sample_005,clean,25,474.0,178.0,690.1,56.9,0.814268171787262,0.9071343243122101,0.6613314002752304,0.7667200267314911,0.8018080204725266,0.2284294201717458,247.71842886632396,0
sample_005,clean,26,762.0,57.0,690.1,56.9,0.8114997148513794,0.90574911236763,0.7076904475688934,0.8039104044437408,0.825401896238327,0.36393199914269697,71.90006954099556,0
sample_005,clean,27,643.0,924.0,690.1,56.9,0.810631275177002,0.905315101146698,0.6690317094326019,0.7682117819786072,0.8032170951366425,0.3164055941351227,868.3782701104399,0
sample_005,clean,28,690.0,153.0,690.1,56.9,0.8106284141540527,0.9053139686584473,0.6957606822252274,0.7899381518363953,0.8172529846429826,0.2797400579109113,96.10005202912222,0
sample_005,clean,29,460.0,91.0,690.1,56.9,0.8062689304351807,0.9031339585781097,0.6742216497659683,0.7594713270664215,0.7998864442110063,0.29058647594132797,232.6130262904466,0
sample_005,clean,30,431.0,149.0,690.1,56.9,0.8011415600776672,0.9005692601203918,0.6552321314811707,0.74823297560215,0.7905673205852508,0.2529446579787761,274.98221760688455,0
sample_006,clean,1,514.0,904.0,515.3,903.8,0.9270864129066467,0.9635430574417114,0.7012252956628799,0.9456230998039246,0.9039115220308305,0.28584261403786526,1.3152946437965525,1
sample_006,clean,2,800.0,608.0,515.3,903.8,0.8668485879898071,0.9334241449832916,0.6240881085395813,0.876266211271286,0.8486937642097474,0.22545953073667124,410.55052064270967,0
sample_006,clean,3,398.0,904.0,515.3,903.8,0.8603002429008484,0.9301504492759705,0.6919599920511246,0.8902744352817535,0.8665619522333146,0.2946353678701863,117.30017050285984,0
sample_006,clean,4,369.0,904.0,515.3,903.8,0.8582608699798584,0.9291305541992188,0.6935687214136124,0.8897555768489838,0.8662681967020036,0.30031400233755334,146.30013670533594,0
sample_006,clean,5,456.0,904.0,515.3,903.8,0.8577350378036499,0.9288676381111145,0.6954837888479233,0.8904982805252075,0.8668431252241136,0.28736040089058895,59.30033726716902,0
sample_006,clean,6,340.0,904.0,515.3,903.8,0.8537436127662659,0.9268723130226135,0.6835897862911224,0.8871861100196838,0.8623413264751434,0.3072588485300301,175.30011409009404,0
sample_006,clean,7,427.0,904.0,515.3,903.8,0.851837694644928,0.9259185791015625,0.6874028593301773,0.8830545246601105,0.8610698133707047,0.2902972614407514,88.30022650027571,0
sample_006,clean,8,485.0,904.0,515.3,903.8,0.8511174321174622,0.9255593121051788,0.6783271133899689,0.8812573254108429,0.8583920776844025,0.2858679765206309,30.300660058817154,0
sample_006,clean,9,210.0,610.0,515.3,903.8,0.8288331627845764,0.9144165813922882,0.6097878888249397,0.8365480899810791,0.8223434463143349,0.2193171219946131,423.7057115498916,0
sample_006,clean,10,181.0,610.0,515.3,903.8,0.8199050426483154,0.9099525213241577,0.6194959431886673,0.8422261774539948,0.8247706681489945,0.23860113159832244,445.0560975877085,0
sample_006,clean,11,771.0,608.0,515.3,903.8,0.8194290399551392,0.9097142219543457,0.6200820282101631,0.8435847163200378,0.8253359809517862,0.20628257318542445,390.9988874664479,0
sample_006,clean,12,685.0,608.0,515.3,903.8,0.8193243741989136,0.9096618294715881,0.6254978179931641,0.8450739085674286,0.8269938588142395,0.1514744202827659,341.0215975565184,0
sample_006,clean,13,656.0,608.0,515.3,903.8,0.8157171607017517,0.9078579843044281,0.6306407153606415,0.8523507118225098,0.8302116215229035,0.13416407864998736,327.5578269557911,0
sample_006,clean,14,152.0,610.0,515.3,903.8,0.8144503831863403,0.9072252810001373,0.6105879843235016,0.8323894739151001,0.8179634988307953,0.25807363290347973,467.23155929367607,0
sample_006,clean,15,714.0,608.0,515.3,903.8,0.8122014403343201,0.9060999751091003,0.6297086924314499,0.8490434885025024,0.8279991239309311,0.16949926253526884,356.3415917346725,0
sample_006,clean,16,123.0,610.0,515.3,903.8,0.8121634721755981,0.9060819447040558,0.6019083634018898,0.8270152509212494,0.8136205509305001,0.27769497654801034,490.12011793028853,0
sample_006,clean,17,94.0,610.0,515.3,903.8,0.8070406913757324,0.9035205245018005,0.5894291549921036,0.8210133910179138,0.8076993972063065,0.2974357073385776,513.6264498641011,0
sample_006,clean,18,66.0,610.0,515.3,903.8,0.8066311478614807,0.9033160507678986,0.5970310643315315,0.8336340487003326,0.8141862526535988,0.3165880604192141,536.8323108755657,0
sample_006,clean,19,742.0,608.0,515.3,903.8,0.8048380613327026,0.9024188816547394,0.6085453256964684,0.8283013105392456,0.8139971420168877,0.18738729946290383,372.6801980250628,0
sample_006,clean,20,627.0,608.0,515.3,903.8,0.7872167229652405,0.8936081826686859,0.601908378303051,0.8187700510025024,0.8053329691290856,0.11788341698474812,316.1874918462145,0
sample_006,clean,21,224.0,696.0,515.3,903.8,0.7830566763877869,0.8915286064147949,0.6631208062171936,0.816870242357254,0.8159837007522583,0.23936582880603488,357.8219249850405,0
sample_006,clean,22,224.0,754.0,515.3,903.8,0.7817500829696655,0.8908745050430298,0.6532946228981018,0.8072604238986969,0.8099128961563111,0.26522820362849797,327.5602692635356,0
sample_006,clean,23,224.0,792.0,515.3,903.8,0.7761870622634888,0.8880933523178101,0.6318258047103882,0.806625097990036,0.8042525410652162,0.2841126537132762,312.017515533984,0
sample_006,clean,24,800.0,780.0,515.3,903.8,0.7732325792312622,0.8866163790225983,0.6551513820886612,0.7980976700782776,0.8049158960580827,0.29017236257093815,310.45213801808484,0
sample_006,clean,25,800.0,665.0,515.3,903.8,0.7731478810310364,0.8865739703178406,0.6434088498353958,0.7975243628025055,0.8023211032152177,0.24210018587353457,371.5905407838041,0
sample_006,clean,26,514.0,943.0,515.3,903.8,0.7684793472290039,0.88423952460289,0.6104126498103142,0.7871696650981903,0.790646205842495,0.3134046904562853,39.221550198838436,0
sample_006,clean,27,799.0,200.0,515.3,903.8,0.7674471735954285,0.8837232291698456,0.6567557901144028,0.7844338715076447,0.7986139982938767,0.29950041736197963,758.8281294206218,0
sample_006,clean,28,800.0,104.0,515.3,903.8,0.7634982466697693,0.8817488551139832,0.6458163112401962,0.7855346202850342,0.7960766524076462,0.3512947480393067,848.9606174611399,0
sample_006,clean,29,224.0,638.0,515.3,903.8,0.7616623044013977,0.8808319270610809,0.5940122157335281,0.7793441116809845,0.7828728586435318,0.21819715855161817,394.3416412198944,0
sample_006,clean,30,239.0,610.0,515.3,903.8,0.7572193741798401,0.878609299659729,0.5773618370294571,0.8148508071899414,0.7928564101457596,0.20027605947791163,403.31145532950086,0
sample_007,clean,1,300.0,163.0,300.1,162.7,0.9352273941040039,0.9676132500171661,0.6614008098840714,0.9379264414310455,0.894496038556099,0.2771001623961992,0.3162277660168559,1
sample_007,clean,2,300.0,67.0,300.1,162.7,0.9256374835968018,0.9628196954727173,0.6413539946079254,0.9281147718429565,0.8846445858478547,0.33726028523975365,95.7000522465897,0
sample_007,clean,3,300.0,115.0,300.1,162.7,0.9132078886032104,0.9566045105457306,0.6175546869635582,0.9104017615318298,0.8703134462237359,0.30677760674469057,47.70010482168775,0
sample_007,clean,4,300.0,211.0,300.1,162.7,0.8939906358718872,0.9469953775405884,0.6114610880613327,0.8890984058380127,0.8567297309637071,0.24851659904320272,48.300103519557815,0
sample_007,clean,5,598.0,769.0,300.1,162.7,0.7817099690437317,0.8908548653125763,0.5694233104586601,0.8041349649429321,0.7918805941939355,0.2024413495311667,675.5324566591896,0
sample_007,clean,6,894.0,357.0,300.1,162.7,0.7799630165100098,0.8899813592433929,0.5822723358869553,0.7727204263210297,0.7815351814031601,0.2963823544005277,624.8757476490825,0
sample_007,clean,7,598.0,721.0,300.1,162.7,0.772260308265686,0.8861299753189087,0.5749409794807434,0.7982371151447296,0.788735032081604,0.170945897874152,632.8058944099682,0
sample_007,clean,8,599.0,649.0,300.1,162.7,0.7713733315467834,0.8856871426105499,0.5800480991601944,0.7845224440097809,0.7840934544801712,0.12649505919204906,570.8142429897839,0
sample_007,clean,9,894.0,405.0,300.1,162.7,0.7651102542877197,0.8825553357601166,0.5550940744578838,0.7545461058616638,0.7658593915402889,0.28658419356272946,641.4253658844495,0
sample_007,clean,10,894.0,453.0,300.1,162.7,0.7631362676620483,0.8815680742263794,0.5543940924108028,0.7559357583522797,0.7658803515136242,0.280575301835354,661.0531748656836,0
sample_007,clean,11,894.0,501.0,300.1,162.7,0.7614912986755371,0.8807460069656372,0.5504987724125385,0.7548112571239471,0.7643226601183415,0.2786009691296855,683.4940380135001,0
sample_007,clean,12,877.0,935.0,300.1,162.7,0.7479566931724548,0.8739786148071289,0.5833236873149872,0.8123794794082642,0.7912079751491548,0.40703439658092777,963.981794433899,0
sample_007,clean,13,408.0,163.0,300.1,162.7,0.7234297394752502,0.8617148399353027,0.6043083667755127,0.7410966455936432,0.761986267566681,0.24701518171966674,107.90041705202067,0
sample_007,clean,14,336.0,163.0,300.1,162.7,0.7183229923248291,0.8591617047786713,0.6058066263794899,0.721564918756485,0.7534519746899606,0.2650141505655877,35.901253460011645,0
sample_007,clean,15,444.0,163.0,300.1,162.7,0.7163366079330444,0.8581678867340088,0.5945925638079643,0.7440049350261688,0.7597876414656639,0.24156262128069397,143.90031271682489,0
sample_007,clean,16,725.0,637.0,300.1,162.7,0.7131487131118774,0.856574296951294,0.605647049844265,0.737226277589798,0.7586496397852898,0.18627130750601392,636.7892115920307,0
sample_007,clean,17,408.0,67.0,300.1,162.7,0.7123233675956726,0.856162428855896,0.595661923289299,0.7370320558547974,0.7564101785421372,0.3130119806013821,144.225171173412,0
sample_007,clean,18,462.0,79.0,300.1,162.7,0.7116814255714417,0.8558406829833984,0.5972579121589661,0.7467435747385025,0.7604852855205536,0.29890215790455577,182.25613844257754,0
sample_007,clean,19,761.0,637.0,300.1,162.7,0.7107018828392029,0.8553511798381805,0.6071119382977486,0.7353325337171555,0.7576958730816842,0.2084346420343797,661.3541411377115,0
sample_007,clean,20,761.0,685.0,300.1,162.7,0.7102950215339661,0.8551472723484039,0.6126498952507973,0.7348904758691788,0.7585450783371925,0.2262144999773445,696.5817252842627,0
sample_007,clean,21,408.0,115.0,300.1,162.7,0.7100465297698975,0.8550238609313965,0.5840885862708092,0.725946232676506,0.7492057546973229,0.27990087531124297,117.97330206449251,0
sample_007,clean,22,949.0,935.0,300.1,162.7,0.7096772193908691,0.8548389077186584,0.6023846939206123,0.735934779047966,0.7567864134907722,0.4420554263890446,1008.721220159465,0
sample_007,clean,23,653.0,637.0,300.1,162.7,0.7085957527160645,0.8542978167533875,0.588448204100132,0.729571744799614,0.751237465441227,0.1452205219657332,591.1843198191237,0
sample_007,clean,24,706.0,769.0,300.1,162.7,0.7078767418861389,0.8539387881755829,0.574140839278698,0.7422073483467102,0.7532866224646568,0.2395798405542503,729.6262741979622,0
sample_007,clean,25,462.0,127.0,300.1,162.7,0.7076924443244934,0.85384601354599,0.5820864364504814,0.7399881780147552,0.7539509639143944,0.2651160123417671,165.7893241436251,0
sample_007,clean,26,707.0,721.0,300.1,162.7,0.7074865698814392,0.8537429869174957,0.5869810581207275,0.7316328138113022,0.7515465319156647,0.21411445537375562,690.8447727239455,0
sample_007,clean,27,408.0,210.0,300.1,162.7,0.7062670588493347,0.8531339466571808,0.5980803817510605,0.7137876451015472,0.7463847130537034,0.21513251730038394,117.8121385936101,0
sample_007,clean,28,671.0,721.0,300.1,162.7,0.7061080932617188,0.8530539572238922,0.5957420617341995,0.7272504419088364,0.7512701719999314,0.19758795509848262,670.2728548882163,0
sample_007,clean,29,689.0,637.0,300.1,162.7,0.7059071660041809,0.8529535233974457,0.6102977469563484,0.7398556023836136,0.7591831997036934,0.1650605949341029,613.3544652156696,0
sample_007,clean,30,725.0,685.0,300.1,162.7,0.704639196395874,0.8523193299770355,0.6108158454298973,0.7282518893480301,0.7543916568160057,0.2059732992404598,673.3032749066351,0
sample_008,clean,1,586.0,289.0,586.9,289.5,0.8819860816001892,0.9409924447536469,0.6277832984924316,0.9146389067173004,0.8678092002868654,0.16111641753713368,1.0295630140986802,1
sample_008,clean,2,586.0,328.0,586.9,289.5,0.582569420337677,0.7912847399711609,0.5694532915949821,0.7063316106796265,0.7129371985793114,0.1359779393872403,38.51051804377604,0
sample_008,clean,3,586.0,462.0,586.9,289.5,0.5669442415237427,0.7834716141223907,0.5967062264680862,0.7591953277587891,0.7364080220460891,0.06648308055437865,172.50234781010954,0
sample_008,clean,4,586.0,500.0,586.9,289.5,0.5632561445236206,0.7816277742385864,0.5745298117399216,0.7413646429777145,0.7241029292345047,0.06081118318204309,210.50192398170617,0
sample_008,clean,5,586.0,366.0,586.9,289.5,0.5605178475379944,0.7802583873271942,0.5765503793954849,0.7486499845981598,0.7268734246492385,0.11258774356030055,76.50529393447228,0
sample_008,clean,6,759.0,290.0,586.9,289.5,0.5549485087394714,0.7774739265441895,0.5627780556678772,0.7532089650630951,0.7248287677764893,0.23577637710339006,172.10072632037324,0
sample_008,clean,7,586.0,424.0,586.9,289.5,0.5534088611602783,0.7767037153244019,0.587854340672493,0.7645237147808075,0.7340618401765824,0.08115417426109392,134.50301111871065,0
sample_008,clean,8,716.0,290.0,586.9,289.5,0.53753262758255,0.7687656879425049,0.5653869435191154,0.7356787323951721,0.7148551568388939,0.21302112571292076,129.1009682380423,0
sample_008,clean,9,673.0,290.0,586.9,289.5,0.5369375944137573,0.7684682905673981,0.5610838606953621,0.7473378628492355,0.7185392335057259,0.19239152787999786,86.10145178799254,0
sample_008,clean,10,629.0,290.0,586.9,289.5,0.5184001922607422,0.7591996192932129,0.550068162381649,0.721160814166069,0.7021578058600426,0.17427134015666487,42.102969016448256,0
sample_008,clean,11,802.0,290.0,586.9,289.5,0.47661423683166504,0.738306850194931,0.5463331937789917,0.692874863743782,0.6817393243312836,0.26009998077662366,215.10058112427313,0
sample_008,clean,12,303.0,297.0,586.9,289.5,0.4721561074256897,0.7360784411430359,0.5496809929609299,0.7322146594524384,0.6972534388303757,0.20002249873451736,283.99904929418335,0
sample_008,clean,13,876.0,72.0,586.9,289.5,0.45188161730766296,0.7259408235549927,0.5395452417433262,0.7076781392097473,0.6813566334545613,0.40283991857808726,361.7804030071281,0
sample_008,clean,14,876.0,130.0,586.9,289.5,0.4515491724014282,0.725774809718132,0.5458734817802906,0.720514327287674,0.6876903511583805,0.37301206414806476,330.1803446603083,0
sample_008,clean,15,876.0,188.0,586.9,289.5,0.4372069537639618,0.7186039537191391,0.5444345623254776,0.7135379016399384,0.6817436546087265,0.3454851661070269,306.40016318533515,0
sample_008,clean,16,289.0,326.0,586.9,289.5,0.4217516779899597,0.7108757346868515,0.5401583164930344,0.6467697769403458,0.6510898679494858,0.19338691786157614,300.12773947104586,0
sample_008,clean,17,289.0,479.0,586.9,289.5,0.41103848814964294,0.7055193334817886,0.5415667854249477,0.6963153183460236,0.6690472178161144,0.14993665329064804,353.0646682974664,0
sample_008,clean,18,891.0,159.0,586.9,289.5,0.4041351079940796,0.7020678073167801,0.5552418157458305,0.676659882068634,0.6625394389033318,0.3668528315278485,330.9185096062171,0
sample_008,clean,19,572.0,395.0,586.9,289.5,0.4026936888694763,0.7013464868068695,0.5467018000781536,0.637697845697403,0.6449580930173398,0.09002499652874195,106.54698494091701,0
sample_008,clean,20,289.0,441.0,586.9,289.5,0.400839626789093,0.7004199326038361,0.565078392624855,0.6998933106660843,0.6731409758329392,0.15492256130079957,334.2105025279726,0
sample_008,clean,21,289.0,364.0,586.9,289.5,0.3973410129547119,0.6986706256866455,0.5395415611565113,0.6849288195371628,0.6613480903208255,0.1775063379150164,307.0743558163071,0
sample_008,clean,22,461.0,288.0,586.9,289.5,0.39629247784614563,0.6981464773416519,0.5023972138296813,0.6449193209409714,0.6377057620789857,0.15242211125686456,125.90893534614608,0
sample_008,clean,23,891.0,101.0,586.9,289.5,0.3919883370399475,0.6959939897060394,0.5526681654155254,0.6702541559934616,0.6570328913629055,0.39502025264535484,357.7835379108435,0
sample_008,clean,24,318.0,326.0,586.9,289.5,0.3913019001483917,0.6956507563591003,0.5557524487376213,0.578618586063385,0.6208582267165185,0.17804493814764855,271.3659153246774,0
sample_008,clean,25,601.0,395.0,586.9,289.5,0.38930559158325195,0.6946527063846588,0.5457877703011036,0.6498198956251144,0.64694659486413,0.1030194156457898,106.43805710365068,0
sample_008,clean,26,289.0,402.0,586.9,289.5,0.3847677409648895,0.692383423447609,0.5291174463927746,0.6822375655174255,0.6556718848645686,0.164506838763621,318.4347028827103,0
sample_008,clean,27,404.0,287.0,586.9,289.5,0.38184458017349243,0.6909224689006805,0.544001366943121,0.6862325966358185,0.6596622996032238,0.16520441882710038,182.9170850412831,0
sample_008,clean,28,615.0,328.0,586.9,289.5,0.38135218620300293,0.6906759589910507,0.5447358638048172,0.5651279017329216,0.6112687170505524,0.14630276825815702,47.66403256125106,0
sample_008,clean,29,332.0,297.0,586.9,289.5,0.3798786997795105,0.6899391114711761,0.5408415012061596,0.649923175573349,0.6441132150590421,0.18632364315888628,255.0103135169242,0
sample_008,clean,30,375.0,287.0,586.9,289.5,0.3669869005680084,0.6834934800863266,0.547776747494936,0.6936544477939606,0.6604145206511021,0.1746339027795004,211.91474700926312,0
sample_009,clean,1,779.0,716.0,707.9,706.5,0.9263994097709656,0.9632003009319305,0.7507199645042419,0.9062914252281189,0.8979406833648682,0.249496492961324,71.73186181885985,0
sample_009,clean,2,707.0,649.0,707.9,706.5,0.9243959784507751,0.962197870016098,0.7159781903028488,0.898379921913147,0.8874267548322679,0.18034688796871431,57.5070430469173,0
sample_009,clean,3,635.0,716.0,707.9,706.5,0.9235852956771851,0.9617937803268433,0.7542315423488617,0.9006847143173218,0.8958377063274384,0.18011246486570548,73.51639272978508,0
sample_009,clean,4,721.0,716.0,707.9,706.5,0.9234148263931274,0.961707353591919,0.7521460652351379,0.90027716755867,0.8952230215072633,0.21851430159145188,16.182088863926083,0
sample_009,clean,5,779.0,678.0,707.9,706.5,0.923055112361908,0.9615276157855988,0.7756524085998535,0.8993244171142578,0.8994712948799134,0.2340138884767312,76.5993472557045,0
sample_009,clean,6,154.0,672.0,707.9,706.5,0.9215353727340698,0.9607686102390289,0.7510493993759155,0.8972101509571075,0.8934013843536377,0.273221521846285,554.9733867493106,0
sample_009,clean,7,750.0,716.0,707.9,706.5,0.921330451965332,0.960665225982666,0.7479240298271179,0.8947587311267853,0.8917543888092041,0.23361934851377356,43.15854492449904,0
sample_009,clean,8,721.0,678.0,707.9,706.5,0.9193339347839355,0.9596670269966125,0.7666482329368591,0.8923729062080383,0.8941456198692321,0.20065517685821113,31.366542684841768,0
sample_009,clean,9,707.0,745.0,707.9,706.5,0.9192444682121277,0.9596229195594788,0.7196383327245712,0.8924911916255951,0.8847733110189439,0.2267972662974578,38.51051804377604,0
sample_009,clean,10,635.0,678.0,707.9,706.5,0.9185187220573425,0.9592599272727966,0.7593127191066742,0.8917688429355621,0.8922740519046785,0.15796993384818517,78.27298384500234,0
sample_009,clean,11,750.0,678.0,707.9,706.5,0.9183342456817627,0.9591673314571381,0.7629190981388092,0.8877708911895752,0.8913591086864472,0.21700691233230335,50.839551532247036,0
sample_009,clean,12,82.0,643.0,707.9,706.5,0.9176141619682312,0.9588072597980499,0.7323898673057556,0.9003790020942688,0.8901524782180787,0.3123883800655844,629.1129151432198,0
sample_009,clean,13,641.0,403.0,707.9,706.5,0.9165636897087097,0.958282470703125,0.717506542801857,0.8847186267375946,0.8807017475366592,0.12101652779682617,310.7858748398968,0
sample_009,clean,14,197.0,643.0,707.9,706.5,0.9151002168655396,0.9575499594211578,0.7308903634548187,0.8909634947776794,0.8855834543704987,0.2369155967850154,514.8310985167853,0
sample_009,clean,15,678.0,649.0,707.9,706.5,0.9140303730964661,0.9570152461528778,0.7022678554058075,0.8856818377971649,0.8775324046611785,0.16414170707044567,64.80941289658469,0
sample_009,clean,16,670.0,403.0,707.9,706.5,0.9135770797729492,0.9567891955375671,0.7068808823823929,0.8769965767860413,0.874890485405922,0.13839978323682445,305.85725428702847,0
sample_009,clean,17,692.0,716.0,707.9,706.5,0.9135506749153137,0.9567760527133942,0.7365719527006149,0.8906036913394928,0.8862662881612777,0.20435263639111678,18.521878954360954,0
sample_009,clean,18,111.0,643.0,707.9,706.5,0.9127054214477539,0.956352710723877,0.718576118350029,0.8840164840221405,0.8798629015684127,0.29306142700805915,600.2681567433009,0
sample_009,clean,19,742.0,374.0,707.9,706.5,0.9123271107673645,0.9561637938022614,0.7019331455230713,0.8823203444480896,0.8757802844047546,0.1929248558377069,334.24401266140876,0
sample_009,clean,20,736.0,649.0,707.9,706.5,0.9110794067382812,0.9555393159389496,0.6891094893217087,0.8782808482646942,0.8713499635457993,0.19735374331387787,63.998906240653845,0
sample_009,clean,21,649.0,649.0,707.9,706.5,0.9099749326705933,0.9549874365329742,0.7075836062431335,0.8838049173355103,0.8770336627960206,0.149,82.31318241934275,0
sample_009,clean,22,692.0,678.0,707.9,706.5,0.9095861911773682,0.954793244600296,0.745685338973999,0.8821189403533936,0.8839019417762757,0.18513238506539045,32.63525700833378,0
sample_009,clean,23,678.0,745.0,707.9,706.5,0.9093655943870544,0.9546834230422974,0.705211952328682,0.8793516755104065,0.874656429886818,0.21413663862123172,48.746897337163915,0
sample_009,clean,24,713.0,374.0,707.9,706.5,0.909182608127594,0.9545919001102448,0.6955611705780029,0.8782897889614105,0.8722649097442627,0.1749928569970786,332.53911048175974,0
sample_009,clean,25,765.0,649.0,707.9,706.5,0.9089770913124084,0.9544884860515594,0.688376396894455,0.8767195641994476,0.8701584994792939,0.2149720912118594,81.03493073977421,0
sample_009,clean,26,183.0,672.0,707.9,706.5,0.9084441661834717,0.9542232155799866,0.7370265424251556,0.876167505979538,0.8795615971088411,0.25502254802271895,526.0325655318309,0
sample_009,clean,27,125.0,672.0,707.9,706.5,0.907848060131073,0.9539244771003723,0.7374464273452759,0.8779422342777252,0.8802359700202942,0.29172675571500123,583.92008014796,0
sample_009,clean,28,779.0,793.0,707.9,706.5,0.9074357151985168,0.9537182152271271,0.7144701778888702,0.8697279393672943,0.8722724974155427,0.28608565151017273,111.97079976493873,0
sample_009,clean,29,140.0,643.0,707.9,706.5,0.9074286818504333,0.9537146091461182,0.7003742158412933,0.8793601393699646,0.8733047425746918,0.273906005775704,571.4391131170494,0
sample_009,clean,30,736.0,745.0,707.9,706.5,0.9073954224586487,0.953697919845581,0.6975363045930862,0.8755924105644226,0.8712233930826188,0.240542096107937,47.66403256125106,0
sample_010,clean,1,807.0,598.0,807.6,598.1,0.9170948266983032,0.958547830581665,0.7161677479743958,0.952705055475235,0.9077347040176392,0.22787386862034006,0.6082762530298481,1
sample_010,clean,2,699.0,598.0,807.6,598.1,0.8354362845420837,0.9177183210849762,0.7090119421482086,0.8900928795337677,0.8649268686771394,0.15685184092002236,108.60004604050592,0
sample_010,clean,3,812.0,893.0,807.6,598.1,0.813355028629303,0.9066773951053619,0.6250243782997131,0.8810651302337646,0.8401018857955933,0.3548189679258988,294.9328228597149,0
sample_010,clean,4,645.0,598.0,807.6,598.1,0.813340961933136,0.9066710770130157,0.6948220729827881,0.8643257021903992,0.8473631262779238,0.12375176766414288,162.6000307503046,0
sample_010,clean,5,753.0,598.0,807.6,598.1,0.7981869578361511,0.8990939259529114,0.6754773855209351,0.8563803434371948,0.8372851848602295,0.19185020198060776,54.60009157501481,0
sample_010,clean,6,229.0,598.0,807.6,598.1,0.7795858979225159,0.8897926807403564,0.5951901152729988,0.8720654249191284,0.8237812653183938,0.20377070446950904,578.6000086415486,0
sample_010,clean,7,639.0,893.0,807.6,598.1,0.7680286765098572,0.8840147852897644,0.639504685997963,0.8420760631561279,0.8183372765779496,0.29476261635424533,339.69393577160014,0
sample_010,clean,8,704.0,893.0,807.6,598.1,0.7667937874794006,0.8833971917629242,0.6395775377750397,0.8443722426891327,0.8190232813358307,0.31310142126793356,312.5683445264411,0
sample_010,clean,9,747.0,893.0,807.6,598.1,0.7646057605743408,0.882302850484848,0.6448124051094055,0.8427157700061798,0.8189699292182923,0.32822096215811686,301.0620700121488,0
sample_010,clean,10,175.0,605.0,807.6,598.1,0.7505501508712769,0.8752756118774414,0.6061451807618141,0.8215879499912262,0.7999744608998299,0.24150569351466644,632.6376292950017,0
sample_010,clean,11,132.0,605.0,807.6,598.1,0.7418050765991211,0.8709028661251068,0.6073529794812202,0.8134975731372833,0.7952307716012001,0.27060025868428134,675.6352344275718,0
sample_010,clean,12,89.0,605.0,807.6,598.1,0.7352586388587952,0.8676294386386871,0.6054358929395676,0.8142049908638,0.7938209503889084,0.29995499662449365,718.6331261499153,0
sample_010,clean,13,807.0,641.0,807.6,598.1,0.6963934302330017,0.8481971025466919,0.6442953199148178,0.7561406791210175,0.7705941766500473,0.23888281646028875,42.904195599032015,0
sample_010,clean,14,807.0,684.0,807.6,598.1,0.6858254075050354,0.8429126143455505,0.6267682462930679,0.7430356442928314,0.7597329527139665,0.25308595377855325,85.9020954342791,0
sample_010,clean,15,807.0,713.0,807.6,598.1,0.682315468788147,0.8411576449871063,0.6080334559082985,0.7440089732408524,0.7556733384728431,0.2642139284746359,114.90156656895499,0
sample_010,clean,16,806.0,785.0,807.6,598.1,0.681496262550354,0.8407488763332367,0.6406961530447006,0.7408153265714645,0.7607649117708206,0.2956864893768398,186.90684845665766,0
sample_010,clean,17,229.0,770.0,807.6,598.1,0.6758151054382324,0.8379077613353729,0.6365206688642502,0.7478745877742767,0.76161707341671,0.27050046210681417,603.5955351060841,0
sample_010,clean,18,229.0,741.0,807.6,598.1,0.671268105506897,0.8356337249279022,0.6463341116905212,0.7350643873214722,0.757546067237854,0.2564390765854533,595.9852095480222,0
sample_010,clean,19,523.0,189.0,807.6,598.1,0.669746994972229,0.8348734676837921,0.6259625554084778,0.7405322790145874,0.7553548097610474,0.22051077071199945,498.3572714428877,0
sample_010,clean,20,807.0,742.0,807.6,598.1,0.6686743497848511,0.8343370854854584,0.5991545766592026,0.7350946068763733,0.7476035922765732,0.2764172570589615,143.90125086322215,0
sample_010,clean,21,229.0,669.0,807.6,598.1,0.6676095724105835,0.8338052928447723,0.6512050479650497,0.7355928272008896,0.7580002576112748,0.22583400983908514,582.9277571020272,0
sample_010,clean,22,229.0,698.0,807.6,598.1,0.6650953888893127,0.8325478136539459,0.6537010371685028,0.7358662188053131,0.7581058204174043,0.23732361871503643,587.1609404584062,0
sample_010,clean,23,523.0,160.0,807.6,598.1,0.6586633920669556,0.829331785440445,0.6234148591756821,0.7287727445363998,0.7479247838258745,0.24096576520327528,522.4258511980432,0
sample_010,clean,24,523.0,102.0,807.6,598.1,0.6570548415184021,0.8285272121429443,0.6266590803861618,0.7174824327230453,0.7437356740236283,0.2818980312098685,571.9373829362792,0
sample_010,clean,25,812.0,936.0,807.6,598.1,0.6557497382164001,0.8278753161430359,0.5943731740117073,0.7241149246692657,0.7396707311272621,0.3791042073098108,337.9286463145733,0
sample_010,clean,26,523.0,131.0,807.6,598.1,0.6550602316856384,0.8275303840637207,0.6121631041169167,0.7225818037986755,0.7424774959683419,0.2614287665885298,546.973098058762,0
sample_010,clean,27,523.0,73.0,807.6,598.1,0.6523599028587341,0.8261802196502686,0.5980576723814011,0.7152156680822372,0.7361698895692825,0.3023722870899382,597.2664145923493,0
sample_010,clean,28,229.0,640.0,807.6,598.1,0.645148515701294,0.8225744366645813,0.6089318618178368,0.7119989991188049,0.735615746676922,0.21568611452756992,580.1151351240545,0
sample_010,clean,29,935.0,200.0,807.6,598.1,0.6388676762580872,0.819433718919754,0.6447111964225769,0.6894530653953552,0.7324969530105592,0.37364756121243453,417.98848070251887,0
sample_010,clean,30,688.0,720.0,807.6,598.1,0.6388002038002014,0.8193997144699097,0.646931380033493,0.6889539510011673,0.7327277421951295,0.2046264889988586,170.77403198378846,0
sample_011,clean,1,949.0,558.0,950.0,557.5,0.8824501633644104,0.9412248730659485,0.6436986923217773,0.8957216143608093,0.8635183334350586,0.3201288802966705,1.118033988749895,1
sample_011,clean,2,913.0,558.0,950.0,557.5,0.7841089367866516,0.892054408788681,0.6075502261519432,0.8354889154434204,0.8125273749232294,0.2949008307889281,37.003378224156776,0
sample_011,clean,3,683.0,844.0,950.0,557.5,0.6795889139175415,0.8397945165634155,0.5912093967199326,0.7996635437011719,0.7740251034498216,0.2755222314079211,391.6264163715211,0
sample_011,clean,4,791.0,844.0,950.0,557.5,0.6789371371269226,0.839468389749527,0.607226051390171,0.8071251511573792,0.7800826266407968,0.3186039861646429,327.6633180568127,0
sample_011,clean,5,755.0,844.0,950.0,557.5,0.6771373152732849,0.838568240404129,0.6089098528027534,0.8082375228404999,0.7805042758584022,0.30278787954606107,346.56492898156904,0
sample_011,clean,6,719.0,844.0,950.0,557.5,0.674848735332489,0.8374243080615997,0.5997051075100899,0.8005834519863129,0.7751441255211831,0.2883548161553748,368.0261539619161,0
sample_011,clean,7,647.0,844.0,950.0,557.5,0.6678034067153931,0.8339016139507294,0.5976864621043205,0.7990026772022247,0.7726990088820458,0.26452315588620967,417.0026978329996,0
sample_011,clean,8,680.0,260.0,950.0,557.5,0.6571136116981506,0.8285563886165619,0.5925616547465324,0.7907767593860626,0.7662455901503563,0.21213203435596426,401.7539669997049,0
sample_011,clean,9,788.0,260.0,950.0,557.5,0.6531067490577698,0.8265531957149506,0.5739344134926796,0.7874579727649689,0.7603913500905037,0.26508866441249423,338.7480627250878,0
sample_011,clean,10,644.0,260.0,950.0,557.5,0.6504409313201904,0.8252197206020355,0.5763715282082558,0.7873306274414062,0.7602944448590279,0.1979090700296477,426.78126716152855,0
sample_011,clean,11,716.0,260.0,950.0,557.5,0.6468420028686523,0.8234207332134247,0.5976277366280556,0.7877253890037537,0.7639839962124825,0.22831557108528536,378.5,0
sample_011,clean,12,752.0,260.0,950.0,557.5,0.6431393027305603,0.8215692043304443,0.5797153934836388,0.7834374308586121,0.7579457327723504,0.24607315985291853,357.36570904327124,0
sample_011,clean,13,931.0,522.0,950.0,557.5,0.5643358826637268,0.782168060541153,0.6049432381987572,0.5980760082602501,0.6730862751603126,0.3051597942062486,40.26474885057648,0
sample_011,clean,14,611.0,844.0,950.0,557.5,0.5616273283958435,0.780813604593277,0.5757326781749725,0.7550398111343384,0.7294879019260407,0.2555944052595831,443.85048158135413,0
sample_011,clean,15,824.0,260.0,950.0,557.5,0.5389413833618164,0.7694696187973022,0.555070549249649,0.7296845018863678,0.7106757581233978,0.2851105048924013,323.0824198250347,0
sample_011,clean,16,827.0,844.0,950.0,557.5,0.5333972573280334,0.7666986286640167,0.5581944100558758,0.7246960550546646,0.7081967554986477,0.33560765783873286,311.787187036286,0
sample_011,clean,17,665.0,808.0,950.0,557.5,0.5297395586967468,0.7648696899414062,0.5681814923882484,0.6067684963345528,0.6622915729880334,0.24707185189737824,379.4407068304612,0
sample_011,clean,18,608.0,260.0,950.0,557.5,0.5281597971916199,0.7640795707702637,0.5485216192901134,0.7310381084680557,0.7077513955533505,0.18609674903124984,453.2882636909983,0
sample_011,clean,19,949.0,486.0,950.0,557.5,0.527109682559967,0.7635546326637268,0.6075341701507568,0.6909174919128418,0.7032956838607789,0.31764524236953395,71.50699266505339,0
sample_011,clean,20,877.0,557.0,950.0,557.5,0.5254109501838684,0.7627053558826447,0.5610880479216576,0.7325264066457748,0.7103103145956993,0.2696089761117014,73.00171230868493,0
sample_011,clean,21,701.0,808.0,950.0,557.5,0.5250805020332336,0.7625398933887482,0.5668533816933632,0.6036975532770157,0.6598656550049782,0.260062492489786,353.2014297819305,0
sample_011,clean,22,770.0,128.0,950.0,557.5,0.5243229269981384,0.7621611058712006,0.6195438355207443,0.6780937016010284,0.7000106900930405,0.3250261527938944,465.69330035979686,0
sample_011,clean,23,734.0,128.0,950.0,557.5,0.5238333940505981,0.7619163990020752,0.623131662607193,0.6784672737121582,0.700779801607132,0.3107571399018854,480.75591520021885,0
sample_011,clean,24,737.0,808.0,950.0,557.5,0.5220874547958374,0.7610438168048859,0.5674721300601959,0.6005465611815453,0.6581305772066117,0.2748026564645982,328.8149175448097,0
sample_011,clean,25,680.0,140.0,950.0,557.5,0.5200559496879578,0.7600277066230774,0.5996673330664635,0.671574279665947,0.6925742611289025,0.2846049894151541,497.19840104328574,0
sample_011,clean,26,645.0,140.0,950.0,557.5,0.5188320875167847,0.7594155967235565,0.6041423454880714,0.6730499118566513,0.6938146725296974,0.27443123000125186,517.0408591204374,0
sample_011,clean,27,701.0,761.0,950.0,557.5,0.5173562169075012,0.7586779296398163,0.5894750952720642,0.6815822124481201,0.6939990758895874,0.23293990641364995,321.5793059262365,0
sample_011,clean,28,665.0,713.0,950.0,557.5,0.5168991088867188,0.7584496736526489,0.5597123056650162,0.6580920070409775,0.6785591334104539,0.19051771571168913,324.66174705376056,0
sample_011,clean,29,773.0,761.0,950.0,557.5,0.516193687915802,0.7580967545509338,0.5973660498857498,0.6877425014972687,0.6978089123964311,0.2670674072214728,269.7058582975164,0
sample_011,clean,30,791.0,653.0,950.0,557.5,0.5147697925567627,0.7573846578598022,0.6079123988747597,0.668358787894249,0.6918798580765725,0.23247580519271246,185.47573965346518,0
sample_012,clean,1,550.0,272.0,550.7,272.0,0.8938208222389221,0.946910947561264,0.6939235329627991,0.9437237679958344,0.8950385928153992,0.16505150711217392,0.7000000000000455,1
sample_012,clean,2,507.0,272.0,550.7,272.0,0.5645409822463989,0.7822708487510681,0.6446663737297058,0.7574377059936523,0.7448166966438294,0.1612963111791463,43.700000000000045,0
sample_012,clean,3,378.0,272.0,550.7,272.0,0.5422466397285461,0.7711240649223328,0.6459397226572037,0.7785623669624329,0.7490625172853471,0.18284966502567074,172.70000000000005,0
sample_012,clean,4,435.0,272.0,550.7,272.0,0.5355933904647827,0.7677968740463257,0.6289288550615311,0.7636130154132843,0.7383497267961503,0.16764396797976358,115.70000000000005,0
sample_012,clean,5,464.0,272.0,550.7,272.0,0.5348271727561951,0.767414003610611,0.6484802812337875,0.7812913954257965,0.7491782158613205,0.1632176461048253,86.70000000000005,0
sample_012,clean,6,349.0,272.0,550.7,272.0,0.5228124856948853,0.7614067196846008,0.6456931233406067,0.7752106785774231,0.7437855839729309,0.19337140429753308,201.70000000000005,0
sample_012,clean,7,406.0,272.0,550.7,272.0,0.5115262866020203,0.755763441324234,0.6167774200439453,0.7646417319774628,0.7315175533294679,0.17438463235044535,144.70000000000005,0
sample_012,clean,8,551.0,127.0,550.7,272.0,0.4267562925815582,0.7133785039186478,0.6219456642866135,0.7220050692558289,0.6985425621271134,0.26620480837129895,145.00031034449546,0
sample_012,clean,9,550.0,368.0,550.7,272.0,0.4152727425098419,0.7076368033885956,0.5346129536628723,0.6948868185281754,0.6679320394992829,0.09980981915623331,96.00255204941169,0
sample_012,clean,10,550.0,185.0,550.7,272.0,0.4061264991760254,0.7030632197856903,0.5736624151468277,0.7098721563816071,0.6799066334962846,0.2255271602268782,87.00281604637864,0
sample_012,clean,11,550.0,464.0,550.7,272.0,0.40402624011039734,0.7020126283168793,0.5203006751835346,0.6788362711668015,0.6563996948301792,0.043566041821583926,192.00127603742638,0
sample_012,clean,12,551.0,99.0,550.7,272.0,0.39966723322868347,0.6998337656259537,0.574213795363903,0.6996261924505234,0.6746267423033715,0.28583386783234765,173.00026011541138,0
sample_012,clean,13,551.0,70.0,550.7,272.0,0.39778220653533936,0.6988913267850876,0.5891150608658791,0.7184229344129562,0.6847487166523933,0.3061870343433895,202.0002227721544,0
sample_012,clean,14,550.0,214.0,550.7,272.0,0.39772137999534607,0.6988611370325089,0.5700883492827415,0.7089584916830063,0.6771455213427544,0.2052997808084558,58.00422398412033,0
sample_012,clean,15,550.0,416.0,550.7,272.0,0.3898742198944092,0.694937452673912,0.523591935634613,0.6798986196517944,0.6546528160572052,0.06912307863514182,144.00170137883788,0
sample_012,clean,16,551.0,156.0,550.7,272.0,0.3871695399284363,0.6935849636793137,0.5827935859560966,0.7042583674192429,0.675696049630642,0.24590343633223183,116.00038793038581,0
sample_012,clean,17,265.0,564.0,550.7,272.0,0.38216978311538696,0.6910845339298248,0.552698154002428,0.7679204344749451,0.6941416181623936,0.17222224014336823,408.51987711738093,0
sample_012,clean,18,264.0,853.0,550.7,272.0,0.3788253962993622,0.6894129812717438,0.5494296438992023,0.7502075731754303,0.6857341505587102,0.30025405908996466,647.887250993566,0
sample_012,clean,19,550.0,320.0,550.7,272.0,0.34334129095077515,0.6716709434986115,0.5279975887387991,0.6109530106186867,0.6186490993946792,0.13209844813622906,48.00510389531513,0
sample_012,clean,20,320.0,272.0,550.7,272.0,0.34293332695961,0.6714669615030289,0.5835772231221199,0.6538758873939514,0.646852584183216,0.20540691322348426,230.70000000000005,0
sample_012,clean,21,264.0,790.0,550.7,272.0,0.3417605459690094,0.6708801239728928,0.5689361393451691,0.6503169238567352,0.642266047000885,0.26438229895361753,592.0480470367249,0
sample_012,clean,22,258.0,469.0,550.7,272.0,0.33524608612060547,0.6676229536533356,0.5692632049322128,0.678126335144043,0.6521523565053939,0.17251811499086117,352.8204784306036,0
sample_012,clean,23,261.0,947.0,550.7,272.0,0.3321714401245117,0.6660863310098648,0.5608022436499596,0.6752572804689407,0.6486978933215142,0.35842014452315596,734.5414147616185,0
sample_012,clean,24,265.0,738.0,550.7,272.0,0.32994845509529114,0.6649742275476456,0.5753687918186188,0.6502600163221359,0.6411674559116364,0.23650475682319794,546.6081686180696,0
sample_012,clean,25,265.0,671.0,550.7,272.0,0.3279304504394531,0.6639651358127594,0.5499113611876965,0.6473530381917953,0.6345095418393613,0.20550669088864235,490.7397375391563,0
sample_012,clean,26,222.0,564.0,550.7,272.0,0.3255912959575653,0.6627957671880722,0.5473722964525223,0.6606915593147278,0.6388693898916245,0.20171762441591462,439.6677040675151,0
sample_012,clean,27,258.0,421.0,550.7,272.0,0.3123320937156677,0.6561659574508667,0.567659318447113,0.6778283268213272,0.6471295773983002,0.1800069443104904,328.44221714024525,0
sample_012,clean,28,258.0,363.0,550.7,272.0,0.3065018951892853,0.6532514095306396,0.565209724009037,0.6785283535718918,0.6457538500428199,0.1966379922598886,306.5196404800189,0
sample_012,clean,29,841.0,857.0,550.7,272.0,0.2925056219100952,0.646252453327179,0.5125325759872794,0.7385758012533188,0.656437817029655,0.34909167850294,653.0689779801212,0
sample_012,clean,30,135.0,564.0,550.7,272.0,0.28951209783554077,0.6447561979293823,0.5542125292122364,0.6999288201332092,0.6487165130674839,0.2620314866576153,508.0063877551148,0
sample_013,clean,1,341.0,824.0,493.7,823.7,0.8793200254440308,0.939660519361496,0.6699928343296051,0.9180605113506317,0.8770869791507722,0.2552028604855361,152.70029469519696,0
sample_013,clean,2,384.0,824.0,493.7,823.7,0.8778921961784363,0.9389462172985077,0.6624839156866074,0.9163506627082825,0.8746155351400375,0.2433433787880821,109.70041020889575,0
sample_013,clean,3,718.0,236.0,493.7,823.7,0.8771070837974548,0.9385537803173065,0.6783571392297745,0.9112570881843567,0.8755957752466202,0.24209502266672067,629.0483129299371,0
sample_013,clean,4,653.0,236.0,493.7,823.7,0.8716293573379517,0.9358153641223907,0.6644935607910156,0.9091068208217621,0.8708675861358643,0.21576028364831187,608.9070372396759,0
sample_013,clean,5,449.0,824.0,493.7,823.7,0.8711811304092407,0.9355906546115875,0.6579092890024185,0.9098957479000092,0.8697764188051225,0.2319234787596978,44.70100670007331,0
sample_013,clean,6,492.0,824.0,493.7,823.7,0.8677783608436584,0.9338890016078949,0.6551738679409027,0.9080558717250824,0.8678127229213715,0.22917242417009948,1.7262676501631877,1
sample_013,clean,7,783.0,236.0,493.7,823.7,0.8572987914085388,0.9286497533321381,0.6609260886907578,0.8962506353855133,0.862145373225212,0.27366494112326484,655.0463953034167,0
sample_013,clean,8,493.0,651.0,493.7,823.7,0.7519980072975159,0.8759992122650146,0.716181218624115,0.7467745840549469,0.7923457622528076,0.10688779163215974,172.7014186392226,0
sample_013,clean,9,352.0,658.0,493.7,823.7,0.7460690140724182,0.8730348646640778,0.6946093589067459,0.7307502925395966,0.7804359346628189,0.15308167754502822,218.02609935510017,0
sample_013,clean,10,718.0,121.0,493.7,823.7,0.742423951625824,0.8712118268013,0.7088563740253448,0.7327188849449158,0.7833435595035554,0.3091641958571529,737.629839418119,0
sample_013,clean,11,406.0,651.0,493.7,823.7,0.7417521476745605,0.8708761930465698,0.7038864195346832,0.7378368377685547,0.7842624962329865,0.12577161842005533,193.69197195547372,0
sample_013,clean,12,718.0,63.0,493.7,823.7,0.7403968572616577,0.8701989054679871,0.6944252699613571,0.7424058616161346,0.7839269608259202,0.3453208652832898,793.0794285568124,0
sample_013,clean,13,352.0,687.0,493.7,823.7,0.7388890385627747,0.8694448471069336,0.6721992641687393,0.7293702512979507,0.7739658921957017,0.16863125451706748,196.89027401067838,0
sample_013,clean,14,664.0,56.0,493.7,823.7,0.7377290725708008,0.8688652515411377,0.7072414457798004,0.7414897531270981,0.7855902910232544,0.3346879143321431,786.3621176023169,0
sample_013,clean,15,718.0,150.0,493.7,823.7,0.7362087965011597,0.8681049942970276,0.6802318245172501,0.7459145784378052,0.7816541939973831,0.29156817384618644,710.0578708809586,0
sample_013,clean,16,471.0,680.0,493.7,823.7,0.7357248663902283,0.8678622543811798,0.668952003121376,0.722390666604042,0.769891569018364,0.12892051814974992,145.4818889071764,0
sample_013,clean,17,653.0,121.0,493.7,823.7,0.7352678179740906,0.8676334917545319,0.7057453989982605,0.7294333130121231,0.7799758017063141,0.2890069203323685,720.5302075555195,0
sample_013,clean,18,341.0,766.0,493.7,823.7,0.7343457937240601,0.8671731650829315,0.7181178778409958,0.7360476404428482,0.7849118977785111,0.21913123921522462,163.23780199451352,0
sample_013,clean,19,352.0,730.0,493.7,823.7,0.7342849373817444,0.8671422898769379,0.6766874343156815,0.7359291166067123,0.7765660494565965,0.1933959668659096,169.87813278936167,0
sample_013,clean,20,384.0,766.0,493.7,823.7,0.7341235280036926,0.8670618534088135,0.7061273455619812,0.7368271797895432,0.7827810823917389,0.2051974658712919,123.94910245742001,0
sample_013,clean,21,718.0,92.0,493.7,823.7,0.7333306074142456,0.8666656911373138,0.6944596320390701,0.7279423326253891,0.7767351359128951,0.327099373279742,765.3073761567962,0
sample_013,clean,22,664.0,157.0,493.7,823.7,0.7331386208534241,0.8665693402290344,0.6870398670434952,0.7401603609323502,0.7800998538732529,0.2688354515312294,688.1068085697162,0
sample_013,clean,23,471.0,766.0,493.7,823.7,0.7306827902793884,0.8653420507907867,0.7057207524776459,0.730023667216301,0.7792904376983643,0.18920491536955378,62.004677242930676,0
sample_013,clean,24,395.0,730.0,493.7,823.7,0.7299867272377014,0.8649932146072388,0.6702365726232529,0.7333303242921829,0.7733767300844192,0.17878059178781125,136.0932768361465,0
sample_013,clean,25,664.0,200.0,493.7,823.7,0.72991544008255,0.8649582862854004,0.676471084356308,0.7310088574886322,0.7736810743808747,0.2417602117801852,646.5321183050384,0
sample_013,clean,26,664.0,85.0,493.7,823.7,0.7297437787055969,0.8648718297481537,0.6942013055086136,0.7244021147489548,0.7745498389005661,0.3155320902855999,758.0763681846308,0
sample_013,clean,27,395.0,687.0,493.7,823.7,0.7278580665588379,0.8639292120933533,0.6523063033819199,0.7218290120363235,0.7647645503282547,0.15164761785138597,168.60776969048612,0
sample_013,clean,28,794.0,56.0,493.7,823.7,0.7270955443382263,0.8635480403900146,0.6940388083457947,0.7301441878080368,0.7762846529483796,0.37654481804959156,824.3442120861891,0
sample_013,clean,29,794.0,157.0,493.7,823.7,0.7263046503067017,0.8631526827812195,0.6778062134981155,0.7352186441421509,0.7749097734689713,0.3194409178549298,731.2106262904008,0
sample_013,clean,30,718.0,193.0,493.7,823.7,0.7242159843444824,0.8621080815792084,0.690709725022316,0.721694603562355,0.7716630190610886,0.2662451877499385,669.3974753462998,0
sample_014,clean,1,548.0,151.0,548.6,151.1,0.9325800538063049,0.9662898480892181,0.693731501698494,0.9502657055854797,0.9053685218095779,0.24910339218886604,0.6082762530298435,1
sample_014,clean,2,549.0,79.0,548.6,151.1,0.8895296454429626,0.9447645545005798,0.631742998957634,0.8945099115371704,0.862058386206627,0.2997015181810062,72.10110956150396,0
sample_014,clean,3,548.0,115.0,548.6,151.1,0.8715623021125793,0.935781329870224,0.6007678955793381,0.8878994882106781,0.8496259063482285,0.274343762458708,36.104985805287335,0
sample_014,clean,4,548.0,187.0,548.6,151.1,0.8638365864753723,0.9319180548191071,0.6164647042751312,0.8810824751853943,0.8484931528568268,0.2239118129978854,35.90501357749361,0
sample_014,clean,5,548.0,223.0,548.6,151.1,0.8352725505828857,0.9176357090473175,0.6127861589193344,0.8633136451244354,0.8349369734525681,0.1987875750644391,71.90250343346885,0
sample_014,clean,6,845.0,677.0,548.6,151.1,0.7801917791366577,0.8900957107543945,0.6103109046816826,0.8252264559268951,0.8081910476088524,0.2741842446239389,603.6752189712611,0
sample_014,clean,7,845.0,773.0,548.6,151.1,0.7679466605186462,0.883973240852356,0.5952954143285751,0.8213671147823334,0.8011952251195908,0.31109001912629725,688.9213090041561,0
sample_014,clean,8,245.0,349.0,548.6,151.1,0.7627166509628296,0.8813582062721252,0.5881797298789024,0.7690497934818268,0.7777991458773614,0.20955428890862626,362.4049806501009,0
sample_014,clean,9,845.0,702.0,548.6,151.1,0.7451557517051697,0.8725777864456177,0.5878357216715813,0.8053078055381775,0.7887213811278344,0.28269152799473846,625.5747517283606,0
sample_014,clean,10,245.0,421.0,548.6,151.1,0.7421821355819702,0.8710911870002747,0.5674023851752281,0.7476291805505753,0.7609686240553856,0.18876705220985998,406.2252700165267,0
sample_014,clean,11,245.0,493.0,548.6,151.1,0.7380091547966003,0.8690043985843658,0.5759252607822418,0.7455548495054245,0.7610087513923646,0.1803801541190161,457.2401666520561,0
sample_014,clean,12,827.0,641.0,548.6,151.1,0.7351745963096619,0.8675872683525085,0.6073417887091637,0.7708804309368134,0.7768554374575616,0.2518034948129195,563.4789880732022,0
sample_014,clean,13,254.0,767.0,548.6,151.1,0.732070803642273,0.8660357296466827,0.6027495935559273,0.8693656325340271,0.8147104635834694,0.2567148223223583,682.7312575237786,0
sample_014,clean,14,254.0,695.0,548.6,151.1,0.7306191921234131,0.865309864282608,0.5835026130080223,0.8677102029323578,0.8099085494875908,0.22196959251212767,618.5599162571076,0
sample_014,clean,15,827.0,737.0,548.6,151.1,0.7252454161643982,0.8626225590705872,0.5961832031607628,0.7645081877708435,0.7700889393687249,0.28556785533389434,648.6797129554769,0
sample_014,clean,16,236.0,731.0,548.6,151.1,0.7248606085777283,0.8624303340911865,0.6027727350592613,0.7346483618021011,0.7593860253691673,0.24804939024315295,658.7888660261343,0
sample_014,clean,17,254.0,647.0,548.6,151.1,0.7199782133102417,0.859988808631897,0.5760676488280296,0.852862149477005,0.8003539130091668,0.20263884129159443,576.806700723908,0
sample_014,clean,18,245.0,457.0,548.6,151.1,0.7084030508995056,0.8542014062404633,0.5735161602497101,0.7262774407863617,0.7468947708606721,0.18285786830213238,430.9846516988743,0
sample_014,clean,19,262.0,385.0,548.6,151.1,0.7009608149528503,0.8504803776741028,0.5597550012171268,0.7903099656105042,0.7682671375572682,0.18690773124726542,369.9307637923616,0
sample_014,clean,20,512.0,151.0,548.6,151.1,0.6472687721252441,0.823633998632431,0.6245488002896309,0.7048558294773102,0.7363056913018227,0.2469261023059328,36.60013661176693,0
sample_014,clean,21,218.0,791.0,548.6,151.1,0.6438933610916138,0.8219467103481293,0.6155000925064087,0.7076878696680069,0.7349538505077362,0.2865353381347578,720.2557670716702,0
sample_014,clean,22,512.0,103.0,548.6,151.1,0.6373071670532227,0.8186533451080322,0.5736448094248772,0.6903663128614426,0.7183368250727654,0.28084960388079594,60.44145928086119,0
sample_014,clean,23,227.0,385.0,548.6,151.1,0.6348088383674622,0.8174044787883759,0.5959996655583382,0.639305979013443,0.7018841162323952,0.20946837470128993,397.66288486606345,0
sample_014,clean,24,513.0,55.0,548.6,151.1,0.6327551007270813,0.8163774311542511,0.6221616268157959,0.6776564121246338,0.7220458626747132,0.31479675983084704,102.48204720827937,0
sample_014,clean,25,512.0,199.0,548.6,151.1,0.6320223808288574,0.8160109221935272,0.5842397511005402,0.6818964034318924,0.7160108804702758,0.21300821580399196,60.28241866415118,0
sample_014,clean,26,218.0,695.0,548.6,151.1,0.6303921341896057,0.8151962161064148,0.6067427918314934,0.6986516118049622,0.7268876895308496,0.2424345272439551,636.4931814245931,0
sample_014,clean,27,809.0,677.0,548.6,151.1,0.6279758214950562,0.8139876425266266,0.5788481011986732,0.6709824204444885,0.7097576454281807,0.2518034948129195,586.8381122592499,0
sample_014,clean,28,809.0,773.0,548.6,151.1,0.6274368166923523,0.813718318939209,0.5908042713999748,0.6717749834060669,0.7123581752181054,0.29155616954542396,674.2164118441497,0
sample_014,clean,29,218.0,647.0,548.6,151.1,0.6198564171791077,0.8099282383918762,0.597195215523243,0.6884563714265823,0.718792887032032,0.22486996242273,595.9976258341974,0
sample_014,clean,30,476.0,151.0,548.6,151.1,0.5823097825050354,0.7911545634269714,0.6270333230495453,0.7360763102769852,0.7362990140914918,0.24736309344766852,72.60006887049077,0
sample_015,clean,1,129.0,546.0,130.1,545.9,0.9363717436790466,0.9681860506534576,0.672267884016037,0.9437192976474762,0.899215716123581,0.26434541796672023,1.1045361017187225,1
sample_015,clean,2,81.0,546.0,130.1,545.9,0.9157410860061646,0.957870751619339,0.6717337816953659,0.9159034490585327,0.883856436610222,0.2980578802850211,49.100101832888285,0
sample_015,clean,3,177.0,546.0,130.1,545.9,0.9013814330101013,0.9506905972957611,0.6540752202272415,0.9014227986335754,0.871660402417183,0.23070002167316758,46.900106609686944,0
sample_015,clean,4,225.0,546.0,130.1,545.9,0.8083683848381042,0.9041842222213745,0.6287890374660492,0.8607588708400726,0.8317350447177887,0.1971560295806344,94.90005268702437,0
sample_015,clean,5,778.0,246.0,130.1,545.9,0.759941577911377,0.8799707293510437,0.5389080569148064,0.7297336310148239,0.7516633555293084,0.26627053911388693,713.9428688627683,0
sample_015,clean,6,682.0,246.0,130.1,545.9,0.7535309791564941,0.8767654895782471,0.5357818938791752,0.7128100395202637,0.7429865904152394,0.2209524835796149,628.119112907735,0
sample_015,clean,7,730.0,246.0,130.1,545.9,0.7530257701873779,0.876512885093689,0.527893116697669,0.7128690332174301,0.7413313906639816,0.2422973379961076,670.686230662297,0
sample_015,clean,8,466.0,827.0,130.1,545.9,0.7520266175270081,0.876013308763504,0.5860518664121628,0.7554051578044891,0.7697777599096298,0.23247042822690372,438.00230593000305,0
sample_015,clean,9,394.0,843.0,130.1,545.9,0.7509470582008362,0.875473290681839,0.5841415449976921,0.7981661558151245,0.7862840875983239,0.2538552737289497,397.3809507261263,0
sample_015,clean,10,485.0,243.0,130.1,545.9,0.7465425729751587,0.8732714951038361,0.5364091470837593,0.729335680603981,0.7483246996998787,0.1820357107822528,466.5859192045983,0
sample_015,clean,11,389.0,243.0,130.1,545.9,0.7463672161102295,0.8731830418109894,0.5390355810523033,0.7252436131238937,0.747177778184414,0.1979520143873257,398.46909541393546,0
sample_015,clean,12,437.0,243.0,130.1,545.9,0.7424488663673401,0.8712239563465118,0.5502565428614616,0.7272715121507645,0.7494494959712028,0.18710692130437076,431.202991640828,0
sample_015,clean,13,442.0,843.0,130.1,545.9,0.7408613562583923,0.8704307675361633,0.5694809332489967,0.7942785918712616,0.7797799304127693,0.24598069029905578,430.7551740838408,0
sample_015,clean,14,490.0,843.0,130.1,545.9,0.7374257445335388,0.8687121868133545,0.5680831521749496,0.7823323309421539,0.7740344375371934,0.24264068084309356,466.68664004875905,0
sample_015,clean,15,370.0,827.0,130.1,545.9,0.7328218221664429,0.8664110600948334,0.5737550482153893,0.7294162660837173,0.7530819401144981,0.2488262445965055,369.5527296611405,0
sample_015,clean,16,418.0,827.0,130.1,545.9,0.7304897904396057,0.8652450740337372,0.5783453062176704,0.7287919670343399,0.753283877670765,0.23838309503821783,402.3724891192239,0
sample_015,clean,17,634.0,246.0,130.1,545.9,0.7220283150672913,0.8610143661499023,0.5418833829462528,0.7128303498029709,0.7379145629703999,0.20306649157357298,586.3916950298665,0
sample_015,clean,18,346.0,843.0,130.1,545.9,0.7175905704498291,0.8587952852249146,0.5587046630680561,0.7712128460407257,0.7637441851198674,0.2658618062076612,367.26178674073896,0
sample_015,clean,19,201.0,530.0,130.1,545.9,0.7112293839454651,0.8556149005889893,0.5549437403678894,0.6773243844509125,0.7241644620895387,0.2124864701575138,72.66099366234954,0
sample_015,clean,20,57.0,530.0,130.1,545.9,0.7102577686309814,0.8551291823387146,0.5507048442959785,0.6757068485021591,0.7224753811955453,0.31396576246463564,74.80922403019562,0
sample_015,clean,21,341.0,243.0,130.1,545.9,0.7010474801063538,0.8505235612392426,0.5218243394047022,0.7002812772989273,0.7246868032962084,0.21369370603740298,369.08971809033096,0
sample_015,clean,22,105.0,530.0,130.1,545.9,0.697007954120636,0.8485041260719299,0.5471456795930862,0.6627274453639984,0.7139217644929887,0.280111584908586,29.712287020692283,0
sample_015,clean,23,153.0,530.0,130.1,545.9,0.6930152773857117,0.8465078771114349,0.5333691872656345,0.6584711819887161,0.7086654610931873,0.24628134318295408,27.878665678256546,0
sample_015,clean,24,706.0,230.0,130.1,545.9,0.683871865272522,0.8419359028339386,0.5551768131554127,0.6788608878850937,0.7193540789186954,0.24014162487998617,656.8512921506663,0
sample_015,clean,25,365.0,227.0,130.1,545.9,0.6812118887901306,0.8406059145927429,0.5852186381816864,0.6857538968324661,0.727587652206421,0.21535319825811736,396.0747656693115,0
sample_015,clean,26,413.0,227.0,130.1,545.9,0.6784738898277283,0.8392370343208313,0.5654895380139351,0.6876653581857681,0.7238588646054269,0.20260552805883653,426.29757212538755,0
sample_015,clean,27,461.0,227.0,130.1,545.9,0.674793004989624,0.8373964428901672,0.5674441903829575,0.6802554577589035,0.7205495983362198,0.195,459.55632951793837,0
sample_015,clean,28,754.0,230.0,130.1,545.9,0.6736236214637756,0.8368120789527893,0.550816435366869,0.6636595875024796,0.7103519536554814,0.26212210894924526,699.3168237644508,0
sample_015,clean,29,658.0,230.0,130.1,545.9,0.6703342795372009,0.8351674377918243,0.543525692075491,0.6626725494861603,0.7078411333262922,0.2212057865427575,615.2001462938707,0
sample_015,clean,30,394.0,811.0,130.1,545.9,0.6681436896324158,0.8340717554092407,0.5658533126115799,0.6834616959095001,0.7201840430498123,0.2323327355324686,374.060449660212,0
sample_016,clean,1,129.0,546.0,130.1,545.9,0.9363717436790466,0.9681860506534576,0.672267884016037,0.9437192976474762,0.899215716123581,0.26434541796672023,1.1045361017187225,1
sample_016,clean,2,81.0,546.0,130.1,545.9,0.9157410860061646,0.957870751619339,0.6717337816953659,0.9159034490585327,0.883856436610222,0.2980578802850211,49.100101832888285,0
sample_016,clean,3,177.0,546.0,130.1,545.9,0.9013814330101013,0.9506905972957611,0.6540752202272415,0.9014227986335754,0.871660402417183,0.23070002167316758,46.900106609686944,0
sample_016,clean,4,225.0,546.0,130.1,545.9,0.8083683848381042,0.9041842222213745,0.6287890374660492,0.8607588708400726,0.8317350447177887,0.1971560295806344,94.90005268702437,0
sample_016,clean,5,778.0,246.0,130.1,545.9,0.759941577911377,0.8799707293510437,0.5389080569148064,0.7297336310148239,0.7516633555293084,0.26627053911388693,713.9428688627683,0
sample_016,clean,6,682.0,246.0,130.1,545.9,0.7535309791564941,0.8767654895782471,0.5357818938791752,0.7128100395202637,0.7429865904152394,0.2209524835796149,628.119112907735,0
sample_016,clean,7,730.0,246.0,130.1,545.9,0.7530257701873779,0.876512885093689,0.527893116697669,0.7128690332174301,0.7413313906639816,0.2422973379961076,670.686230662297,0
sample_016,clean,8,466.0,827.0,130.1,545.9,0.7520266175270081,0.876013308763504,0.5860518664121628,0.7554051578044891,0.7697777599096298,0.23247042822690372,438.00230593000305,0
sample_016,clean,9,394.0,843.0,130.1,545.9,0.7509470582008362,0.875473290681839,0.5841415449976921,0.7981661558151245,0.7862840875983239,0.2538552737289497,397.3809507261263,0
sample_016,clean,10,485.0,243.0,130.1,545.9,0.7465425729751587,0.8732714951038361,0.5364091470837593,0.729335680603981,0.7483246996998787,0.1820357107822528,466.5859192045983,0
sample_016,clean,11,389.0,243.0,130.1,545.9,0.7463672161102295,0.8731830418109894,0.5390355810523033,0.7252436131238937,0.747177778184414,0.1979520143873257,398.46909541393546,0
sample_016,clean,12,437.0,243.0,130.1,545.9,0.7424488663673401,0.8712239563465118,0.5502565428614616,0.7272715121507645,0.7494494959712028,0.18710692130437076,431.202991640828,0
sample_016,clean,13,442.0,843.0,130.1,545.9,0.7408613562583923,0.8704307675361633,0.5694809332489967,0.7942785918712616,0.7797799304127693,0.24598069029905578,430.7551740838408,0
sample_016,clean,14,490.0,843.0,130.1,545.9,0.7374257445335388,0.8687121868133545,0.5680831521749496,0.7823323309421539,0.7740344375371934,0.24264068084309356,466.68664004875905,0
sample_016,clean,15,370.0,827.0,130.1,545.9,0.7328218221664429,0.8664110600948334,0.5737550482153893,0.7294162660837173,0.7530819401144981,0.2488262445965055,369.5527296611405,0
sample_016,clean,16,418.0,827.0,130.1,545.9,0.7304897904396057,0.8652450740337372,0.5783453062176704,0.7287919670343399,0.753283877670765,0.23838309503821783,402.3724891192239,0
sample_016,clean,17,634.0,246.0,130.1,545.9,0.7220283150672913,0.8610143661499023,0.5418833829462528,0.7128303498029709,0.7379145629703999,0.20306649157357298,586.3916950298665,0
sample_016,clean,18,346.0,843.0,130.1,545.9,0.7175905704498291,0.8587952852249146,0.5587046630680561,0.7712128460407257,0.7637441851198674,0.2658618062076612,367.26178674073896,0
sample_016,clean,19,201.0,530.0,130.1,545.9,0.7112293839454651,0.8556149005889893,0.5549437403678894,0.6773243844509125,0.7241644620895387,0.2124864701575138,72.66099366234954,0
sample_016,clean,20,57.0,530.0,130.1,545.9,0.7102577686309814,0.8551291823387146,0.5507048442959785,0.6757068485021591,0.7224753811955453,0.31396576246463564,74.80922403019562,0
sample_016,clean,21,341.0,243.0,130.1,545.9,0.7010474801063538,0.8505235612392426,0.5218243394047022,0.7002812772989273,0.7246868032962084,0.21369370603740298,369.08971809033096,0
sample_016,clean,22,105.0,530.0,130.1,545.9,0.697007954120636,0.8485041260719299,0.5471456795930862,0.6627274453639984,0.7139217644929887,0.280111584908586,29.712287020692283,0
sample_016,clean,23,153.0,530.0,130.1,545.9,0.6930152773857117,0.8465078771114349,0.5333691872656345,0.6584711819887161,0.7086654610931873,0.24628134318295408,27.878665678256546,0
sample_016,clean,24,706.0,230.0,130.1,545.9,0.683871865272522,0.8419359028339386,0.5551768131554127,0.6788608878850937,0.7193540789186954,0.24014162487998617,656.8512921506663,0
sample_016,clean,25,365.0,227.0,130.1,545.9,0.6812118887901306,0.8406059145927429,0.5852186381816864,0.6857538968324661,0.727587652206421,0.21535319825811736,396.0747656693115,0
sample_016,clean,26,413.0,227.0,130.1,545.9,0.6784738898277283,0.8392370343208313,0.5654895380139351,0.6876653581857681,0.7238588646054269,0.20260552805883653,426.29757212538755,0
sample_016,clean,27,461.0,227.0,130.1,545.9,0.674793004989624,0.8373964428901672,0.5674441903829575,0.6802554577589035,0.7205495983362198,0.195,459.55632951793837,0
sample_016,clean,28,754.0,230.0,130.1,545.9,0.6736236214637756,0.8368120789527893,0.550816435366869,0.6636595875024796,0.7103519536554814,0.26212210894924526,699.3168237644508,0
sample_016,clean,29,658.0,230.0,130.1,545.9,0.6703342795372009,0.8351674377918243,0.543525692075491,0.6626725494861603,0.7078411333262922,0.2212057865427575,615.2001462938707,0
sample_016,clean,30,394.0,811.0,130.1,545.9,0.6681436896324158,0.8340717554092407,0.5658533126115799,0.6834616959095001,0.7201840430498123,0.2323327355324686,374.060449660212,0
sample_017,clean,1,543.0,572.0,543.6,571.6,0.8317611813545227,0.9158804714679718,0.6171520799398422,0.9096391201019287,0.8536382526159287,0.0593000843169721,0.7211102550928041,1
sample_017,clean,2,514.0,572.0,543.6,571.6,0.5811733603477478,0.7905866503715515,0.5738348439335823,0.707471489906311,0.7139902248978616,0.05186520991955976,29.602702579325445,0
sample_017,clean,3,427.0,572.0,543.6,571.6,0.5585765242576599,0.7792879045009613,0.5794815644621849,0.7570947110652924,0.7304493591189385,0.07250172411743047,116.60068610432789,0
sample_017,clean,4,369.0,572.0,543.6,571.6,0.5517138242721558,0.7758568227291107,0.5868509188294411,0.7529470920562744,0.7288917496800422,0.1057000473036791,174.60045818954774,0
sample_017,clean,5,398.0,572.0,543.6,571.6,0.5364987254142761,0.7682491838932037,0.5773443877696991,0.7382224053144455,0.7180575132369995,0.08828363381737296,145.60054944951276,0
sample_017,clean,6,341.0,572.0,543.6,571.6,0.5358565449714661,0.767927885055542,0.5919145047664642,0.7462759017944336,0.7240644156932832,0.12342001458434528,202.6003948663477,0
sample_017,clean,7,485.0,572.0,543.6,571.6,0.5355876684188843,0.7677936851978302,0.563309833407402,0.7533585131168365,0.7211228460073471,0.05200480747007914,58.60136517181151,0
sample_017,clean,8,456.0,572.0,543.6,571.6,0.5336102843284607,0.766804426908493,0.576348066329956,0.7433420866727829,0.7193282186985016,0.059665735560705195,87.60091323724886,0
sample_017,clean,9,836.0,863.0,543.6,571.6,0.47765088081359863,0.7388257384300232,0.5226007495075464,0.8068277537822723,0.7227815467864276,0.349760632433097,412.80954446330327,0
sample_017,clean,10,543.0,649.0,543.6,571.6,0.40514180064201355,0.7025708109140396,0.5494896620512009,0.7381726205348969,0.6861953049898148,0.10965856099730655,77.40232554645885,0
sample_017,clean,11,833.0,279.0,543.6,571.6,0.40312090516090393,0.7015613466501236,0.5678399056196213,0.8493932783603668,0.7339498311281205,0.282603963171078,411.54236719929577,0
sample_017,clean,12,543.0,687.0,543.6,571.6,0.3963013291358948,0.6981509625911713,0.5691928714513779,0.7453249394893646,0.69122893512249,0.13567977004697493,115.40155978148647,0
sample_017,clean,13,542.0,739.0,543.6,571.6,0.39500313997268677,0.6975018978118896,0.5537866540253162,0.7331282645463943,0.6830093957483768,0.17158816975537677,167.40764618140952,0
sample_017,clean,14,543.0,610.0,543.6,571.6,0.3949122428894043,0.6974557191133499,0.5694812536239624,0.6363793164491653,0.6474302649497986,0.0835134719671024,38.404687213932604,0
sample_017,clean,15,543.0,777.0,543.6,571.6,0.3835163116455078,0.6917584240436554,0.5581073239445686,0.7336117178201675,0.6817695215344429,0.1982145302443794,205.40087633698155,0
sample_017,clean,16,255.0,86.0,543.6,571.6,0.38139137625694275,0.690696194767952,0.5578214526176453,0.7213322967290878,0.676375687122345,0.34016246118582805,564.8869975490674,0
sample_017,clean,17,542.0,713.0,543.6,571.6,0.37672799825668335,0.6883642375469208,0.5696229413151741,0.7409895658493042,0.6856661096215249,0.15351384302400875,141.40905204406116,0
sample_017,clean,18,255.0,112.0,543.6,571.6,0.3733842968940735,0.6866926401853561,0.5473545975983143,0.6992431581020355,0.6638452388346195,0.3244757309876965,542.6989220553143,0
sample_017,clean,19,254.0,201.0,543.6,571.6,0.3696405291557312,0.6848203837871552,0.5530581958591938,0.7152557671070099,0.6706420995295048,0.27378549998128093,470.33235057775903,0
sample_017,clean,20,826.0,568.0,543.6,571.6,0.3647480309009552,0.6823740750551224,0.56235221773386,0.7665498852729797,0.6920400276780129,0.23547823678633234,282.422945243477,0
sample_017,clean,21,736.0,863.0,543.6,571.6,0.3603191673755646,0.6801599413156509,0.5161569695919752,0.7035139352083206,0.6567009445279837,0.3061576391338292,349.1872277160206,0
sample_017,clean,22,693.0,863.0,543.6,571.6,0.3597756624221802,0.6798881739377975,0.5200281906872988,0.6983788460493088,0.6553124461323023,0.29070431713340616,327.4665173723872,0
sample_017,clean,23,650.0,863.0,543.6,571.6,0.3594982922077179,0.6797493994235992,0.5228881612420082,0.7010411769151688,0.6568938627839089,0.2777309849476648,310.2175365771574,0
sample_017,clean,24,815.0,849.0,543.6,571.6,0.34955981373786926,0.6747795045375824,0.5406642332673073,0.6184128001332283,0.6254097685217858,0.3324349560440358,388.0833930999882,0
sample_017,clean,25,255.0,150.0,543.6,571.6,0.34164416790008545,0.6708218306303024,0.5562361069023609,0.7017131298780441,0.6602612055838109,0.3020968387785612,510.91733186495054,0
sample_017,clean,26,779.0,863.0,543.6,571.6,0.3395940959453583,0.6697969883680344,0.5202447939664125,0.7013747096061707,0.6525176379829645,0.323736003558455,374.6026161147303,0
sample_017,clean,27,543.0,407.0,543.6,571.6,0.3072111904621124,0.6536062657833099,0.5694210976362228,0.7274998277425766,0.6663266569375992,0.07244998274671982,164.60109355651318,0
sample_017,clean,28,54.0,208.0,543.6,571.6,0.30306872725486755,0.6515346616506577,0.5378092788159847,0.5554351434111595,0.5903497777879239,0.3769482723133241,609.8468004343387,0
sample_017,clean,29,475.0,694.0,543.6,571.6,0.30160045623779297,0.6508001536130905,0.5480006746947765,0.5500235259532928,0.5899296067655087,0.13831305072190403,140.31293596814228,0
sample_017,clean,30,140.0,73.0,543.6,571.6,0.3007183074951172,0.6503590643405914,0.5543295592069626,0.5747042521834373,0.6008912384510041,0.3949234102962244,641.4786980095287,0
sample_018,clean,1,290.0,423.0,290.2,422.7,0.9182989001274109,0.9591493606567383,0.6395029127597809,0.9185926914215088,0.878997403383255,0.15815972938773004,0.36055512754640207,1
sample_018,clean,2,290.0,375.0,290.2,422.7,0.9025020599365234,0.9512510001659393,0.627808004617691,0.8943029046058655,0.8637831628322601,0.17280769658785455,47.70041928536896,0
sample_018,clean,3,289.0,471.0,290.2,422.7,0.898871898651123,0.9494359791278839,0.6164200603961945,0.8837299942970276,0.8565504014492036,0.15060212481900778,48.3149045326595,0
sample_018,clean,4,576.0,160.0,290.2,422.7,0.6290099024772644,0.8145048916339874,0.5891484692692757,0.7441920042037964,0.7413084521889687,0.24634934544260512,388.1918726609304,0
sample_018,clean,5,576.0,64.0,290.2,422.7,0.6264063715934753,0.8132029175758362,0.5839725285768509,0.7530199289321899,0.7432836443185806,0.3129472799050984,458.63638102531723,0
sample_018,clean,6,576.0,112.0,290.2,422.7,0.6225874423980713,0.8112934529781342,0.5796569287776947,0.7426567375659943,0.7375114619731904,0.27957110008010483,422.1565231048787,0
sample_018,clean,7,272.0,339.0,290.2,422.7,0.6187593340873718,0.8093796074390411,0.559286005795002,0.6997377276420593,0.7155041351914406,0.19736387714067638,85.65588129253004,0
sample_018,clean,8,307.0,507.0,290.2,422.7,0.6182072162628174,0.8091038763523102,0.5688800886273384,0.7017896920442581,0.718133445084095,0.13656134152826707,85.95772216619052,0
sample_018,clean,9,308.0,338.0,290.2,422.7,0.6174564361572266,0.8087279796600342,0.5723383501172066,0.7078269571065903,0.7210896447300912,0.17763445611704953,86.55015886756071,0
sample_018,clean,10,576.0,208.0,290.2,422.7,0.6164008378982544,0.8082011044025421,0.5703016668558121,0.7327072322368622,0.7304236680269242,0.21335416564951337,357.46010966260275,0
sample_018,clean,11,271.0,507.0,290.2,422.7,0.6134853363037109,0.806743323802948,0.5807430073618889,0.6956933885812759,0.7171232864260674,0.16200308639035244,86.45883413509577,0
sample_018,clean,12,611.0,136.0,290.2,422.7,0.5689157247543335,0.7844582796096802,0.5992997139692307,0.6483376324176788,0.6929783076047897,0.26908827547851283,430.24357055045,0
sample_018,clean,13,611.0,88.0,290.2,422.7,0.5676812529563904,0.783840000629425,0.5922714546322823,0.6514371782541275,0.6925651624798775,0.3017159259966235,463.61269395908477,0
sample_018,clean,14,576.0,723.0,290.2,422.7,0.5676789879798889,0.7838393151760101,0.5334524661302567,0.7300771027803421,0.7122570604085923,0.16659081607339582,414.5620942633323,0
sample_018,clean,15,593.0,638.0,290.2,422.7,0.5660561919212341,0.783027857542038,0.5781890079379082,0.749124601483345,0.7284987851977349,0.11767115194473111,371.5399440167908,0
sample_018,clean,16,576.0,674.0,290.2,422.7,0.5643526911735535,0.7821759283542633,0.5299366265535355,0.7248224914073944,0.7087866932153702,0.13426093996393737,380.56974393664035,0
sample_018,clean,17,611.0,184.0,290.2,422.7,0.5629462003707886,0.7814730405807495,0.5948828980326653,0.6501791626214981,0.6916374608874322,0.23683010788326722,399.86288900071736,0
sample_018,clean,18,576.0,771.0,290.2,422.7,0.5622722506523132,0.7811361253261566,0.5393277741968632,0.7209337502717972,0.7086935050785542,0.19901884332896722,450.5491427136445,0
sample_018,clean,19,611.0,770.0,290.2,422.7,0.5543761253356934,0.77718785405159,0.5663075298070908,0.6579814702272415,0.6873292356729508,0.20642310917142973,472.7895197654026,0
sample_018,clean,20,611.0,723.0,290.2,422.7,0.5507476925849915,0.7753743529319763,0.5640251487493515,0.6606603562831879,0.6872189134359361,0.17613914953808538,439.42317872410877,0
sample_018,clean,21,326.0,423.0,290.2,422.7,0.5499760508537292,0.7749881148338318,0.5868320912122726,0.6985302120447159,0.7067737489938737,0.13454553132675942,35.80125696117387,0
sample_018,clean,22,326.0,375.0,290.2,422.7,0.5465316772460938,0.7732656300067902,0.5907791331410408,0.6835660934448242,0.700888516008854,0.15149422431234796,59.64000335345396,0
sample_018,clean,23,611.0,674.0,290.2,422.7,0.5457690954208374,0.772884875535965,0.5485331416130066,0.6477930694818497,0.6779778063297273,0.14594005618746347,407.50991398983166,0
sample_018,clean,24,326.0,471.0,290.2,422.7,0.5403149127960205,0.770157665014267,0.5700568705797195,0.6798168420791626,0.6940011769533159,0.12473371637211808,60.12096140282524,0
sample_018,clean,25,774.0,735.0,290.2,422.7,0.4960954487323761,0.7480477094650269,0.565281830728054,0.6788705140352249,0.6838236555457116,0.2552459598113161,575.841757777256,0
sample_018,clean,26,738.0,783.0,290.2,422.7,0.4931836724281311,0.7465918660163879,0.5691865384578705,0.6691305935382843,0.6801262915134431,0.26146988354301914,574.7529295271142,0
sample_018,clean,27,738.0,735.0,290.2,422.7,0.49275368452072144,0.7463772743940353,0.5521161668002605,0.6712863594293594,0.6774886868894101,0.23650475682319794,545.94517123975,0
sample_018,clean,28,774.0,687.0,290.2,422.7,0.49117857217788696,0.7455887794494629,0.5754410400986671,0.6717013716697693,0.6820042684674263,0.2345687532473155,551.2866132965682,0
sample_018,clean,29,629.0,52.0,290.2,422.7,0.4901050329208374,0.7450523972511292,0.5792351886630058,0.6752998977899551,0.6839879557490349,0.3296551228177715,502.1990939856423,0
sample_018,clean,30,380.0,483.0,290.2,422.7,0.48887690901756287,0.7444383054971695,0.5701168924570084,0.6659949868917465,0.678196695446968,0.0857000583430373,108.16713918746304,0
sample_019,clean,1,714.0,839.0,715.6,838.9,0.9102736711502075,0.9551368653774261,0.7306226342916489,0.9372982382774353,0.9030985683202744,0.2834757485218092,1.6031219541881638,1
sample_019,clean,2,657.0,839.0,715.6,838.9,0.8799506425857544,0.9399757385253906,0.6894929856061935,0.9185445308685303,0.8813067048788071,0.2641685068285014,58.60008532416999,0
sample_019,clean,3,772.0,839.0,715.6,838.9,0.8776153922080994,0.9388079941272736,0.6872795522212982,0.9135051071643829,0.8783811509609223,0.30733125451213056,56.40008865241257,0
sample_019,clean,4,743.0,839.0,715.6,838.9,0.8714514374732971,0.935725599527359,0.6967261433601379,0.8975341320037842,0.8726491212844849,0.29493219559756445,27.40018248114415,0
sample_019,clean,5,686.0,839.0,715.6,838.9,0.8496975898742676,0.9248487055301666,0.672761082649231,0.8839124143123627,0.858056664466858,0.2734200065832784,29.600168918436957,0
sample_019,clean,6,921.0,549.0,715.6,838.9,0.8445739150047302,0.922287106513977,0.6302477568387985,0.8808558881282806,0.8473067492246629,0.2997015181810062,355.29026161717405,0
sample_019,clean,7,628.0,839.0,715.6,838.9,0.8323293328285217,0.9161649346351624,0.6792203336954117,0.8676722645759583,0.8493789464235306,0.2562274380311367,87.600057077607,0
sample_019,clean,8,800.0,839.0,715.6,838.9,0.8310479521751404,0.9155240058898926,0.6862229555845261,0.8715318143367767,0.8520669192075729,0.3200945172913775,84.40005924168534,0
sample_019,clean,9,950.0,549.0,715.6,838.9,0.8289735317230225,0.9144869446754456,0.6198739781975746,0.8596920967102051,0.8336464121937752,0.32007889652396637,372.807416771716,0
sample_019,clean,10,370.0,839.0,715.6,838.9,0.7707235217094421,0.8853618800640106,0.5717568695545197,0.8271423876285553,0.7993530809879303,0.2567304033417156,345.6000144675923,0
sample_019,clean,11,428.0,839.0,715.6,838.9,0.7691709995269775,0.8845859169960022,0.5670005902647972,0.8254502713680267,0.797414593398571,0.2450561160224327,287.60001738525676,0
sample_019,clean,12,399.0,839.0,715.6,838.9,0.7518434524536133,0.8759222030639648,0.5604628175497055,0.8028008043766022,0.783581766486168,0.2501219702465179,316.6000157927981,0
sample_019,clean,13,486.0,839.0,715.6,838.9,0.7491475343704224,0.8745739459991455,0.5530462674796581,0.8155912160873413,0.7866753183305264,0.23991352608804697,229.60002177700247,0
sample_019,clean,14,457.0,839.0,715.6,838.9,0.73722243309021,0.8686116337776184,0.5454312190413475,0.7913798093795776,0.7730828210711479,0.24162988225796905,258.6000193348794,0
sample_019,clean,15,342.0,839.0,715.6,838.9,0.7318935394287109,0.8659471571445465,0.5636014267802238,0.789584219455719,0.7749328359961509,0.2644664439962091,373.60001338329744,0
sample_019,clean,16,599.0,839.0,715.6,838.9,0.7030858397483826,0.8515431880950928,0.6420074999332428,0.7995185852050781,0.788826209306717,0.2497218452598811,116.60004288163879,0
sample_019,clean,17,514.0,839.0,715.6,838.9,0.6885198950767517,0.8442599177360535,0.5621736645698547,0.7609729468822479,0.7545278787612915,0.23991352608804697,201.60002480158582,0
sample_019,clean,18,893.0,549.0,715.6,838.9,0.6380484700202942,0.8190244436264038,0.5721400082111359,0.7481874376535416,0.7413127541542053,0.2800446392988089,339.8716963796779,0
sample_019,clean,19,313.0,839.0,715.6,838.9,0.63544762134552,0.8177241384983063,0.5630827844142914,0.7485602796077728,0.73913032412529,0.27376084453405675,402.60001241927455,0
sample_019,clean,20,829.0,839.0,715.6,838.9,0.6234276294708252,0.8117140233516693,0.6449518650770187,0.7995837330818176,0.7735094755887986,0.33403742305316625,113.40004409170216,0
sample_019,clean,21,571.0,839.0,715.6,838.9,0.6059135794639587,0.8029569387435913,0.5749263763427734,0.7257917523384094,0.7264847517013551,0.24491018761987016,144.6000345781425,0
sample_019,clean,22,543.0,839.0,715.6,838.9,0.602374255657196,0.801187127828598,0.5658620744943619,0.7324159294366837,0.7266136378049851,0.24162988225796905,172.60002896871137,0
sample_019,clean,23,361.0,807.0,715.6,838.9,0.5851913690567017,0.7925959229469299,0.645873174071312,0.6302018016576767,0.6982937246561051,0.23829603437741048,356.03197890077234,0
sample_019,clean,24,457.0,807.0,715.6,838.9,0.5806921124458313,0.7903465330600739,0.6385794430971146,0.6210271567106247,0.6922653645277024,0.2192008211663451,260.5601082284086,0
sample_019,clean,25,399.0,807.0,715.6,838.9,0.5790280103683472,0.7895142734050751,0.6440545618534088,0.6250768303871155,0.694647353887558,0.2285278976405288,318.20303266939493,0
sample_019,clean,26,380.0,692.0,715.6,838.9,0.5730123519897461,0.7865072190761566,0.6176563575863838,0.6484231948852539,0.697503437101841,0.160099968769516,366.3426947545153,0
sample_019,clean,27,950.0,479.0,715.6,838.9,0.5719285607337952,0.7859643697738647,0.6372714787721634,0.6531853228807449,0.7031141728162766,0.3185443454214813,429.5013038396973,0
sample_019,clean,28,342.0,692.0,715.6,838.9,0.5691787600517273,0.7845906615257263,0.6125535815954208,0.6492759585380554,0.6960573643445969,0.17582377541163197,401.4431092944553,0
sample_019,clean,29,724.0,794.0,715.6,838.9,0.5663861036300659,0.7831929326057434,0.6292387545108795,0.652939185500145,0.7003005981445314,0.2613541658363226,45.678988605265744,0
sample_019,clean,30,342.0,654.0,715.6,838.9,0.5662403106689453,0.7831205129623413,0.6341921836137772,0.6638368964195251,0.705621400475502,0.15601281998605115,416.8512564452697,0
sample_020,clean,1,882.0,881.0,883.0,880.6,0.8709844946861267,0.9354926645755768,0.6201110407710075,0.91473788022995,0.8641144260764122,0.38150032765385666,1.0770329614268923,1
sample_020,clean,2,299.0,308.0,883.0,880.6,0.6113481521606445,0.8056743144989014,0.585090883076191,0.7757677435874939,0.7495949998497964,0.1965515199635963,817.8794287668568,0
sample_020,clean,3,882.0,909.0,883.0,880.6,0.5872660279273987,0.7936334609985352,0.5790928453207016,0.7255987673997879,0.7235114604234696,0.3957303374774292,28.417600180170012,0
sample_020,clean,4,925.0,881.0,883.0,880.6,0.5784527659416199,0.7892266511917114,0.5990095511078835,0.7669915556907654,0.7422891929745674,0.40360004955401085,42.00190471871484,0
sample_020,clean,5,882.0,938.0,883.0,880.6,0.5620467066764832,0.7810239195823669,0.6044547185301781,0.7599987387657166,0.7373000070452691,0.4109549853694441,57.40871014053527,0
sample_020,clean,6,299.0,460.0,883.0,880.6,0.5427978038787842,0.7713993787765503,0.5936049669981003,0.7550512254238129,0.7293012350797654,0.14491549261552403,719.694629686786,0
sample_020,clean,7,299.0,388.0,883.0,880.6,0.5410467982292175,0.7705231606960297,0.5612414069473743,0.7288175821304321,0.7119845785200596,0.1627037184578152,764.0096596247982,0
sample_020,clean,8,299.0,337.0,883.0,880.6,0.5372288227081299,0.7686143815517426,0.5662809610366821,0.7127691507339478,0.7058096051216125,0.18298907071188705,797.8451980177608,0
sample_020,clean,9,299.0,431.0,883.0,880.6,0.5315454602241516,0.765772819519043,0.6066363379359245,0.7535809278488159,0.7290687665343285,0.1502697574364183,737.0184258212274,0
sample_020,clean,10,299.0,503.0,883.0,880.6,0.5226163268089294,0.7613081634044647,0.5967023223638535,0.7548128962516785,0.725788888335228,0.1421442928857856,695.4406948115706,0
sample_020,clean,11,320.0,286.0,883.0,880.6,0.4883075952529907,0.7441543191671371,0.5603915974497795,0.681231677532196,0.6822327181696892,0.1977321420508057,818.8517326109776,0
sample_020,clean,12,375.0,308.0,883.0,880.6,0.456288605928421,0.7281445860862732,0.586211197078228,0.6605049520730972,0.6727020546793938,0.16200154320252633,765.4637548571454,0
sample_020,clean,13,407.0,286.0,883.0,880.6,0.45009279251098633,0.7250470221042633,0.5816726461052895,0.6769261360168457,0.6771237924695015,0.1649924240685008,761.6594777195384,0
sample_020,clean,14,493.0,300.0,883.0,880.6,0.4456538259983063,0.72282674908638,0.5514141656458378,0.7179370224475861,0.6865883417427541,0.1415079503066877,699.4257358719366,0
sample_020,clean,15,461.0,308.0,883.0,880.6,0.4399092495441437,0.71995510160923,0.5785938054323196,0.6674040704965591,0.6706624299287797,0.1385369986682258,711.3049697562924,0
sample_020,clean,16,936.0,917.0,883.0,880.6,0.40787553787231445,0.7039385735988617,0.5682051703333855,0.5728952065110207,0.62437454611063,0.42660578992789117,64.29587856153766,0
sample_020,clean,17,364.0,373.0,883.0,880.6,0.4058819115161896,0.7029413431882858,0.57282605022192,0.5912295654416084,0.6322335734963418,0.13157697366940765,725.9605774420537,0
sample_020,clean,18,364.0,431.0,883.0,880.6,0.3988688290119171,0.699434295296669,0.5939782559871674,0.607660748064518,0.6416336685419083,0.10783552290409687,686.6594206737427,0
sample_020,clean,19,375.0,337.0,883.0,880.6,0.39511430263519287,0.6975573897361755,0.5405035428702831,0.5705784782767296,0.6153550557792187,0.14524806367039803,744.0194621110392,0
sample_020,clean,20,364.0,460.0,883.0,880.6,0.39449065923690796,0.6972455382347107,0.5834738910198212,0.6076006963849068,0.6386332720518113,0.10023971268913333,668.0309573664981,0
sample_020,clean,21,493.0,431.0,883.0,880.6,0.39389175176620483,0.6969457268714905,0.594689853489399,0.6083066835999489,0.6410389348864556,0.04904079934095691,595.1807792595457,0
sample_020,clean,22,493.0,373.0,883.0,880.6,0.3914600610733032,0.6957299560308456,0.5771535113453865,0.5960328876972198,0.6321358397603035,0.08993886812718958,640.123238134658,0
sample_020,clean,23,493.0,460.0,883.0,880.6,0.39053863286972046,0.6952691227197647,0.5839798897504807,0.6096250042319298,0.638753628730774,0.028714108030722458,573.5890166312462,0
sample_020,clean,24,396.0,395.0,883.0,880.6,0.3878820240497589,0.6939409524202347,0.5705674961209297,0.5832835137844086,0.6250032857060432,0.10450119616540281,687.7327678684504,0
sample_020,clean,25,407.0,431.0,883.0,880.6,0.38525107502937317,0.6926255524158478,0.6080657169222832,0.6058816239237785,0.6410160139203072,0.08188406438373708,654.7642018314685,0
sample_020,clean,26,364.0,503.0,883.0,880.6,0.3852490484714508,0.6926245093345642,0.5956350639462471,0.6157697588205338,0.6424847200512886,0.09618991631143048,641.8276715754782,0
sample_020,clean,27,461.0,395.0,883.0,880.6,0.38012465834617615,0.6900622397661209,0.5682322457432747,0.5890496671199799,0.6252912119030953,0.07920227269466451,643.3438893779904,0
sample_020,clean,28,418.0,337.0,883.0,880.6,0.379043847322464,0.6895220577716827,0.5585754923522472,0.5805936455726624,0.6197613798081876,0.12902131606831485,715.3502358984723,0
sample_020,clean,29,428.0,373.0,883.0,880.6,0.3785112202167511,0.6892559230327606,0.5673052594065666,0.593606673181057,0.6266060903668405,0.10323032500191016,681.6764335078631,0
sample_020,clean,30,483.0,337.0,883.0,880.6,0.3772127628326416,0.6886063665151596,0.5382343307137489,0.5627496466040611,0.6081892713904382,0.11588356225108028,674.9081122641808,0
sample_021,clean,1,639.0,722.0,640.4,721.9,0.9534316658973694,0.9767157435417175,0.709912121295929,0.9432964026927948,0.9099872827529908,0.1852093410171312,1.4035668847617988,1
sample_021,clean,2,639.0,658.0,640.4,721.9,0.9385300874710083,0.9692649841308594,0.6441917717456818,0.9064846932888031,0.8791382253170014,0.14880356178532822,63.91533462323417,0
sample_021,clean,3,784.0,722.0,640.4,721.9,0.938235342502594,0.9691171646118164,0.7020860463380814,0.9108659625053406,0.8924104601144791,0.25489213404889527,143.6000348189373,0
sample_021,clean,4,736.0,722.0,640.4,721.9,0.9378585815429688,0.9689291715621948,0.6862689256668091,0.9067424833774567,0.8875224471092225,0.2291069619195366,95.60005230124095,0
sample_021,clean,5,784.0,658.0,640.4,721.9,0.932715654373169,0.9663575291633606,0.643400177359581,0.8917808830738068,0.8719354003667832,0.229804264538324,157.1756024324386,0
sample_021,clean,6,736.0,658.0,640.4,721.9,0.9309365749359131,0.9654675722122192,0.6355803906917572,0.8862864375114441,0.8678176820278167,0.2008233054204616,114.98943429724316,0
sample_021,clean,7,928.0,499.0,640.4,721.9,0.9309096336364746,0.965455025434494,0.6524607539176941,0.8850565254688263,0.870696771144867,0.3026425284060388,363.8655933170928,0
sample_021,clean,8,687.0,722.0,640.4,721.9,0.9295294284820557,0.9647645056247711,0.6762653142213821,0.9037197530269623,0.8826467663049697,0.20524741167673707,46.60010729601384,0
sample_021,clean,9,462.0,931.0,640.4,721.9,0.9274789094924927,0.9637395441532135,0.6432076841592789,0.8860264718532562,0.8685479432344437,0.30594525654110083,274.8624565123436,0
sample_021,clean,10,760.0,674.0,640.4,721.9,0.9268201589584351,0.9634100198745728,0.6609861105680466,0.8769228160381317,0.8683303564786912,0.22121934815924216,128.835437671473,0
sample_021,clean,11,639.0,786.0,640.4,721.9,0.926374077796936,0.9631870687007904,0.6309061348438263,0.8857029676437378,0.8657372415065765,0.2248521736608299,64.11528678872148,0
sample_021,clean,12,760.0,642.0,640.4,721.9,0.9252158999443054,0.9626080989837646,0.669706791639328,0.8743767440319061,0.868735295534134,0.2094803093371785,143.83382773186565,0
sample_021,clean,13,486.0,947.0,640.4,721.9,0.923556923866272,0.9617785215377808,0.6389820873737335,0.8779785335063934,0.8636992394924163,0.31623171883920814,272.9640452513847,0
sample_021,clean,14,928.0,403.0,640.4,721.9,0.9225205779075623,0.961260199546814,0.6918372511863708,0.8791572451591492,0.8745344281196594,0.3103167736362312,429.4309839776352,0
sample_021,clean,15,341.0,947.0,640.4,721.9,0.9224036335945129,0.9612016975879669,0.6402696967124939,0.8759059011936188,0.8628969788551331,0.3354772719574308,374.5802584226777,0
sample_021,clean,16,438.0,947.0,640.4,721.9,0.9217974543571472,0.960898220539093,0.6471218168735504,0.8679805397987366,0.860975867509842,0.31910264806171695,302.7140069438479,0
sample_021,clean,17,639.0,690.0,640.4,721.9,0.9210401177406311,0.9605197310447693,0.6446136385202408,0.8695729672908783,0.8609598070383072,0.16646471097502918,31.93070622457321,0
sample_021,clean,18,760.0,706.0,640.4,721.9,0.9196121692657471,0.9598061442375183,0.6408858746290207,0.8620291650295258,0.8569112986326218,0.23455916098076407,120.65226893846632,0
sample_021,clean,19,688.0,658.0,640.4,721.9,0.9194368124008179,0.9597180187702179,0.6306381076574326,0.8658458888530731,0.856353184580803,0.17364907140552177,79.68042419565799,0
sample_021,clean,20,663.0,674.0,640.4,721.9,0.9167075753211975,0.9583534896373749,0.6402474641799927,0.8663631677627563,0.8579361557960511,0.1685897387150238,52.96385559983336,0
sample_021,clean,21,390.0,947.0,640.4,721.9,0.9160040020942688,0.9580018222332001,0.6346250027418137,0.8610658943653107,0.8545520871877671,0.32550652835235117,336.70487076964,0
sample_021,clean,22,414.0,931.0,640.4,721.9,0.9157809615135193,0.957890659570694,0.6319193094968796,0.8647581934928894,0.8554434031248093,0.3107708158756224,308.18788100767364,0
sample_021,clean,23,365.0,931.0,640.4,721.9,0.9149953126907349,0.9574978649616241,0.6500719636678696,0.8681584596633911,0.8602769225835801,0.319363429340305,345.78601764675216,0
sample_021,clean,24,663.0,706.0,640.4,721.9,0.9147244095802307,0.9573622643947601,0.6252484768629074,0.8608892560005188,0.8523503035306931,0.18574848586193102,27.632770400377886,0
sample_021,clean,25,760.0,738.0,640.4,721.9,0.9146460294723511,0.957322895526886,0.6167925298213959,0.857614129781723,0.8493333160877228,0.24924285345822855,120.67878852557315,0
sample_021,clean,26,712.0,674.0,640.4,721.9,0.9140986800193787,0.9570492506027222,0.6476782262325287,0.8576101958751678,0.8553994238376619,0.19393297811357407,86.1450520923866,0
sample_021,clean,27,711.0,706.0,640.4,721.9,0.9132611155509949,0.9566307067871094,0.6211945414543152,0.8571869432926178,0.8497659683227539,0.20851498747092495,72.3682941625682,0
sample_021,clean,28,639.0,754.0,640.4,721.9,0.9125245809555054,0.9562621414661407,0.6284102350473404,0.8628034591674805,0.8533082872629166,0.20474007912472827,32.130515090798056,0
sample_021,clean,29,712.0,642.0,640.4,721.9,0.9122452735900879,0.956122636795044,0.6621370315551758,0.8542625606060028,0.856581485271454,0.18042727066604983,107.28732450760434,0
sample_021,clean,30,663.0,738.0,640.4,721.9,0.9108026623725891,0.9554013311862946,0.6120465248823166,0.8540874421596527,0.8462048143148423,0.2039767143573011,27.74833328328031,0
sample_022,clean,1,577.0,882.0,578.3,882.0,0.9256228804588318,0.9628117084503174,0.6896606236696243,0.9426203370094299,0.9001049429178238,0.2755476365349556,1.2999999999999545,1
sample_022,clean,2,577.0,930.0,578.3,882.0,0.6404627561569214,0.8202311396598816,0.5737119317054749,0.7577880620956421,0.7459500670433045,0.3088923760794364,48.01760093965545,0
sample_022,clean,3,721.0,882.0,578.3,882.0,0.5358461141586304,0.7679232358932495,0.5897107943892479,0.7304795533418655,0.7173032745718957,0.31206169261862304,142.70000000000005,0
sample_022,clean,4,649.0,882.0,578.3,882.0,0.5339376926422119,0.7669685184955597,0.5957386344671249,0.7313298583030701,0.718467077612877,0.28993533761858004,70.70000000000005,0
sample_022,clean,5,793.0,882.0,578.3,882.0,0.5248503684997559,0.7624250948429108,0.5901069566607475,0.7241078764200211,0.7126345798373223,0.3404210628031115,214.70000000000005,0
sample_022,clean,6,757.0,882.0,578.3,882.0,0.513879120349884,0.7569397985935211,0.5950243845582008,0.7247332334518433,0.711674089729786,0.3255556788016452,178.70000000000005,0
sample_022,clean,7,685.0,882.0,578.3,882.0,0.513737142086029,0.7568685114383698,0.5981486514210701,0.7275317162275314,0.7133898213505745,0.30012414098169443,106.70000000000005,0
sample_022,clean,8,613.0,882.0,578.3,882.0,0.48022592067718506,0.7401130944490433,0.6007988378405571,0.7147969603538513,0.7021237894892693,0.2816851078775731,34.700000000000045,0
sample_022,clean,9,776.0,942.0,578.3,882.0,0.39871522784233093,0.6993577182292938,0.5289831403642893,0.6096872389316559,0.6294146109372378,0.3684698088039236,206.60418679203966,0
sample_022,clean,10,631.0,942.0,578.3,882.0,0.39813029766082764,0.6990650594234467,0.5293559283018112,0.6150869354605675,0.6315319836139679,0.32597929382094193,79.8579363620173,0
sample_022,clean,11,385.0,882.0,578.3,882.0,0.39490529894828796,0.6974529176950455,0.5404273681342602,0.6343923807144165,0.6408235929906368,0.28208952479665034,193.29999999999995,0
sample_022,clean,12,457.0,882.0,578.3,882.0,0.3937661945819855,0.6968831568956375,0.5445741899311543,0.6319503486156464,0.6404482401907444,0.2718207129708845,121.29999999999995,0
sample_022,clean,13,667.0,942.0,578.3,882.0,0.39199867844581604,0.6959992498159409,0.5299114063382149,0.6158567667007446,0.6307246878743172,0.334105522253075,107.0873008344127,0
sample_022,clean,14,704.0,942.0,578.3,882.0,0.38756105303764343,0.6937805563211441,0.5403139516711235,0.615635871887207,0.6318293616175652,0.34422376443238195,139.2856417582229,0
sample_022,clean,15,505.0,882.0,578.3,882.0,0.38491949439048767,0.6924594640731812,0.5389442071318626,0.6393437385559082,0.6405101224780083,0.2701379277332229,73.29999999999995,0
sample_022,clean,16,577.0,669.0,578.3,882.0,0.38429200649261475,0.6921465247869492,0.5612264461815357,0.6824511736631393,0.6620843686163426,0.1313202193114221,213.00396709920687,0
sample_022,clean,17,577.0,749.0,578.3,882.0,0.38265642523765564,0.6913277953863144,0.545523002743721,0.6920613497495651,0.6624602586030961,0.1842959576333675,133.00635323171596,0
sample_022,clean,18,740.0,942.0,578.3,882.0,0.3765960931777954,0.6882980167865753,0.5372686572372913,0.6135432049632072,0.6281902201473712,0.3556430795052815,172.47286743137315,0
sample_022,clean,19,577.0,589.0,578.3,882.0,0.3708353340625763,0.6854176968336105,0.5231259558349848,0.7654986679553986,0.6849917370826006,0.08321658488546618,293.0028839448513,0
sample_022,clean,20,337.0,882.0,578.3,882.0,0.36543166637420654,0.6827161312103271,0.5469925850629807,0.6215080693364143,0.6310881972312927,0.29367754425560016,241.29999999999995,0
sample_022,clean,21,577.0,848.0,578.3,882.0,0.3633178472518921,0.6816583573818207,0.5328893139958382,0.5674621984362602,0.6062260851264,0.252024800366948,34.02484386444705,0
sample_022,clean,22,577.0,781.0,578.3,882.0,0.3591383099555969,0.6795686781406403,0.5309884510934353,0.6733980923891068,0.6473843984305859,0.20602184350209082,101.00836599014956,0
sample_022,clean,23,577.0,701.0,578.3,882.0,0.358598530292511,0.6792991906404495,0.5204884670674801,0.6669076383113861,0.6425804249942303,0.1522005256232711,181.00466844808173,0
sample_022,clean,24,577.0,636.0,578.3,882.0,0.35239866375923157,0.6761991828680038,0.5295588504523039,0.6761317849159241,0.646844157204032,0.11051018052650173,246.00343493536835,0
sample_022,clean,25,480.0,589.0,578.3,882.0,0.3417021632194519,0.6708509474992752,0.5152350524440408,0.6299555897712708,0.6233696253970266,0.0645019379553824,309.04997977673446,0
sample_022,clean,26,408.0,589.0,578.3,882.0,0.336325079202652,0.6681624501943588,0.5106728859245777,0.6278536915779114,0.6205410338938235,0.09051243008559652,338.89687221926374,0
sample_022,clean,27,360.0,588.0,578.3,882.0,0.32016488909721375,0.6600820869207382,0.5082923052832484,0.6232099905610085,0.6149752920493483,0.11692732785794772,366.184229589424,0
sample_022,clean,28,931.0,894.0,578.3,882.0,0.31920507550239563,0.6596026420593262,0.5023426646366715,0.5630389079451561,0.5895251529291272,0.4129146400892078,352.9040804524652,0
sample_022,clean,29,504.0,605.0,578.3,882.0,0.31245994567871094,0.6562302559614182,0.4992705938639119,0.555778656154871,0.584657683619298,0.07430006729472054,286.79171884836563,0
sample_022,clean,30,409.0,898.0,578.3,882.0,0.3060336410999298,0.653016984462738,0.5059915287420154,0.5382546558976173,0.5777069618925452,0.28869101129061847,170.05437365736873,0
sample_023,clean,1,692.0,337.0,670.9,337.1,0.9062320590019226,0.9531162679195404,0.7509869337081909,0.9053256809711456,0.8935741662979126,0.17809126873600514,21.100236965494034,0
sample_023,clean,2,649.0,337.0,670.9,337.1,0.904945433139801,0.9524731636047363,0.7588753402233124,0.9048336446285248,0.894697791337967,0.1561569723067145,21.900228309312187,0
sample_023,clean,3,757.0,337.0,670.9,337.1,0.8933002352714539,0.9466502070426941,0.747089222073555,0.8879414796829224,0.8832545191049576,0.2151952601708504,86.10005807198974,0
sample_023,clean,4,764.0,921.0,670.9,337.1,0.8794178366661072,0.9397097826004028,0.7235071808099747,0.8587216436862946,0.864074006676674,0.35138084751448817,591.2755871841827,0
sample_023,clean,5,670.0,467.0,670.9,337.1,0.876613199710846,0.9383066892623901,0.7335751950740814,0.8524254560470581,0.8630078971385956,0.12245203142455414,129.90311774549522,0
sample_023,clean,6,721.0,921.0,670.9,337.1,0.8689243793487549,0.9344624280929565,0.7136383354663849,0.8468955159187317,0.8552708446979522,0.3362157045707413,586.0454077970409,0
sample_023,clean,7,947.0,630.0,670.9,337.1,0.8687538504600525,0.9343768656253815,0.6685451865196228,0.8411133289337158,0.8439051151275635,0.3291724472066275,402.5190927148674,0
sample_023,clean,8,133.0,922.0,670.9,337.1,0.8656715750694275,0.9328358173370361,0.672321230173111,0.84321129322052,0.8448830902576447,0.3954573301887322,794.6347714516398,0
sample_023,clean,9,746.0,474.0,670.9,337.1,0.8606874346733093,0.9303435981273651,0.6997397094964981,0.82856285572052,0.8435105234384537,0.17491712323268982,156.14614948822785,0
sample_023,clean,10,198.0,922.0,670.9,337.1,0.8606553077697754,0.9303279221057892,0.6633543968200684,0.8386304378509521,0.8402542233467103,0.36693868697644844,752.1585072310223,0
sample_023,clean,11,678.0,921.0,670.9,337.1,0.8599724173545837,0.9299865067005157,0.7060797363519669,0.8367509245872498,0.8479109197854996,0.3232065902793444,583.9431650426263,0
sample_023,clean,12,947.0,688.0,670.9,337.1,0.8597532510757446,0.9298765063285828,0.7122243046760559,0.8283204436302185,0.8457236409187318,0.3428942985819391,446.4997424411351,0
sample_023,clean,13,635.0,921.0,670.9,337.1,0.8591382503509521,0.929569274187088,0.6965714395046234,0.8334059119224548,0.8445043623447419,0.3126227758817326,585.0025811908866,0
sample_023,clean,14,670.0,496.0,670.9,337.1,0.8575314879417419,0.9287658631801605,0.7237365543842316,0.8217402398586273,0.8449497520923615,0.12024142381059864,158.9025487523721,0
sample_023,clean,15,638.0,474.0,670.9,337.1,0.8571643829345703,0.9285816550254822,0.6875643581151962,0.8297075033187866,0.8408285349607468,0.09929753269845126,140.7977982782401,0
sample_023,clean,16,638.0,373.0,670.9,337.1,0.8552740216255188,0.9276372492313385,0.6986111998558044,0.8274994790554047,0.8417769312858582,0.13261410181424899,48.695174298897385,0
sample_023,clean,17,768.0,373.0,670.9,337.1,0.8550857901573181,0.9275431334972382,0.6985362470149994,0.8201298117637634,0.8387764275074006,0.20970574622551474,103.52400687763203,0
sample_023,clean,18,89.0,922.0,670.9,337.1,0.853439450263977,0.926719456911087,0.6702934056520462,0.8293234705924988,0.8364758521318436,0.41653631294282134,825.0549193841582,0
sample_023,clean,19,692.0,366.0,670.9,337.1,0.8524569869041443,0.9262287020683289,0.6936904489994049,0.8165400922298431,0.8358456075191498,0.16555965692160635,35.78295683701948,0
sample_023,clean,20,924.0,930.0,670.9,337.1,0.8522895574569702,0.9261448979377747,0.7023701518774033,0.822229266166687,0.8398236960172654,0.42701053851163906,644.6627180161731,0
sample_023,clean,21,936.0,753.0,670.9,337.1,0.8499760031700134,0.924988329410553,0.652030885219574,0.80825075507164,0.8237018108367921,0.35644424528949825,493.20464312494056,0
sample_023,clean,22,936.0,724.0,670.9,337.1,0.8463243842124939,0.9231623113155365,0.6743456721305847,0.8053814470767975,0.8262866377830506,0.3466064050187186,469.0091896754263,0
sample_023,clean,23,746.0,503.0,670.9,337.1,0.8447982668876648,0.9223992228507996,0.7162729501724243,0.813012957572937,0.8374194622039797,0.17396120257114803,182.1066171230469,0
sample_023,clean,24,638.0,503.0,670.9,337.1,0.8405086398124695,0.9202541410923004,0.7047411352396011,0.8170376420021057,0.8358649402856827,0.09760379090998463,169.13077780226754,0
sample_023,clean,25,936.0,782.0,670.9,337.1,0.839869499206543,0.9199346303939819,0.6643444746732712,0.7944364547729492,0.8186173290014268,0.3671648131289271,517.8938308186341,0
sample_023,clean,26,724.0,373.0,670.9,337.1,0.8388251662254333,0.9194128215312958,0.6797032058238983,0.8038140833377838,0.8252314031124115,0.182078279868852,64.0969578061237,0
sample_023,clean,27,947.0,659.0,670.9,337.1,0.8348441123962402,0.9174221456050873,0.64378322660923,0.7820306718349457,0.8085377722978593,0.3354772719574308,424.08822195387603,0
sample_023,clean,28,670.0,438.0,670.9,337.1,0.8331939578056335,0.9165970981121063,0.6470277458429337,0.773827314376831,0.8055753141641617,0.12795311641378648,100.9040137952896,0
sample_023,clean,29,945.0,944.0,670.9,337.1,0.8278889060020447,0.9139445424079895,0.6694099456071854,0.7833939790725708,0.8128173977136612,0.44450028121475915,665.9267377121901,0
sample_023,clean,30,757.0,438.0,670.9,337.1,0.8114059567451477,0.9057031273841858,0.6324325650930405,0.747330904006958,0.7877001255750657,0.18693982989186653,132.64245172643635,0
sample_024,clean,1,695.0,284.0,695.3,283.5,0.892265796661377,0.9461326599121094,0.6279038786888123,0.8937506377696991,0.8615340948104859,0.20576807332528532,0.5830951894845067,1
sample_024,clean,2,766.0,284.0,695.3,283.5,0.8371372818946838,0.9185684621334076,0.5950450375676155,0.860772967338562,0.8307455793023111,0.24229321080046795,70.70176801183975,0
sample_024,clean,3,646.0,284.0,695.3,283.5,0.8276498317718506,0.9138241708278656,0.5780921131372452,0.8433579504489899,0.8184912711381913,0.18435292240699627,49.30253543176046,0
sample_024,clean,4,816.0,284.0,695.3,283.5,0.6883204579353333,0.8441600203514099,0.5662058219313622,0.7668084502220154,0.7576285526156425,0.2706584563615185,120.70103562107498,0
sample_024,clean,5,345.0,579.0,695.3,283.5,0.618837296962738,0.8094182014465332,0.5492695979773998,0.7584494054317474,0.7370009623467924,0.12301625908797584,458.2906719539467,0
sample_024,clean,6,488.0,579.0,695.3,283.5,0.6182923316955566,0.8091461658477783,0.5387353152036667,0.7607749402523041,0.7357155054807663,0.05650221234606659,360.96196475529104,0
sample_024,clean,7,440.0,579.0,695.3,283.5,0.6157155632972717,0.8078568279743195,0.5514132343232632,0.7638905346393585,0.7389815919101239,0.07014627573863064,390.51035837734184,0
sample_024,clean,8,368.0,596.0,695.3,283.5,0.6137853860855103,0.8068921566009521,0.5646950230002403,0.6389829963445663,0.6912890657782556,0.11541230437002807,452.5279438885515,0
sample_024,clean,9,393.0,579.0,695.3,283.5,0.6129820346832275,0.8064903318881989,0.5479719676077366,0.7618620097637177,0.7369353301823139,0.09404786015641184,422.73578036404723,0
sample_024,clean,10,718.0,299.0,695.3,283.5,0.6089825630187988,0.804491400718689,0.5223606564104557,0.669415608048439,0.6940349347889424,0.20967236346261756,27.48708787776548,0
sample_024,clean,11,464.0,596.0,695.3,283.5,0.6032401919364929,0.801619678735733,0.561154693365097,0.6352269649505615,0.6869695961475373,0.07249827584156743,388.7877827298589,0
sample_024,clean,12,416.0,596.0,695.3,283.5,0.6021416187286377,0.8010706007480621,0.57594233751297,0.6411826610565186,0.6920897722244264,0.09019977827023745,419.12377646704795,0
sample_024,clean,13,433.0,295.0,695.3,283.5,0.5989277362823486,0.7994638383388519,0.5621702075004578,0.6734908074140549,0.7016158998012543,0.1525024589965683,262.5519758066962,0
sample_024,clean,14,385.0,295.0,695.3,283.5,0.5983502268791199,0.7991752028465271,0.5483639389276505,0.669577494263649,0.6971738666296006,0.1662077013859466,310.5130271019236,0
sample_024,clean,15,481.0,295.0,695.3,283.5,0.5971478819847107,0.7985733151435852,0.5593438670039177,0.678994819521904,0.7028960272669793,0.14557815770231466,214.60834093762523,0
sample_024,clean,16,337.0,295.0,695.3,283.5,0.5854403376579285,0.7927206456661224,0.5435217693448067,0.665670171380043,0.6920606806874275,0.1851944923587092,358.4845045465703,0
sample_024,clean,17,671.0,299.0,695.3,283.5,0.5831906795501709,0.7915953397750854,0.5391940549015999,0.6848670393228531,0.6984237626194955,0.1866038584810078,28.822560607968157,0
sample_024,clean,18,512.0,596.0,695.3,283.5,0.5753897428512573,0.7876940965652466,0.5483800061047077,0.615942008793354,0.6711304433643819,0.06841052550594827,362.2915124592349,0
sample_024,clean,19,457.0,311.0,695.3,283.5,0.5730020403862,0.7865006625652313,0.5571667104959488,0.5746224820613861,0.6558825999498368,0.13705838172107535,239.88151241811025,0
sample_024,clean,20,361.0,311.0,695.3,283.5,0.5714513063430786,0.7857253849506378,0.5509434044361115,0.5694797784090042,0.6522707462310792,0.16589454481688057,335.42918775801246,0
sample_024,clean,21,409.0,311.0,695.3,283.5,0.5691264867782593,0.7845631241798401,0.5582230463624,0.5739794224500656,0.6550616279244423,0.14832734070291964,287.61769764741524,0
sample_024,clean,22,790.0,299.0,695.3,283.5,0.5633817315101624,0.7816911339759827,0.5300051402300596,0.660366415977478,0.6828240480273962,0.24950050100150098,95.96009587323269,0
sample_024,clean,23,743.0,299.0,695.3,283.5,0.5608838796615601,0.7804418504238129,0.5354216285049915,0.6684757620096207,0.6866513706743718,0.22299103120977756,50.155159256052656,0
sample_024,clean,24,505.0,311.0,695.3,283.5,0.5576409101486206,0.7788192629814148,0.5435217656195164,0.5676669105887413,0.6472988225519658,0.1336899397860587,192.2767276609418,0
sample_024,clean,25,409.0,279.0,695.3,283.5,0.5490924119949341,0.774546205997467,0.540159747004509,0.732656255364418,0.7109129339456559,0.16899999999999998,286.33536281779794,0
sample_024,clean,26,623.0,299.0,695.3,283.5,0.5463653206825256,0.7731827795505524,0.518604489043355,0.6498046368360519,0.6729158643633129,0.16662832892398577,73.94281574297798,0
sample_024,clean,27,695.0,411.0,695.3,283.5,0.5443178415298462,0.7721588313579559,0.5606950297951698,0.6868782937526703,0.6957538560032845,0.15156846637740978,127.50035294068797,0
sample_024,clean,28,673.0,269.0,695.3,283.5,0.5441474318504333,0.7720737457275391,0.5641483515501022,0.6537755131721497,0.683169373869896,0.20407106605298064,26.599624057493706,0
sample_024,clean,29,743.0,411.0,695.3,283.5,0.543115496635437,0.7715576589107513,0.5578701198101044,0.6852862536907196,0.6943115890026093,0.18298907071188705,136.13059905840421,0
sample_024,clean,30,458.0,279.0,695.3,283.5,0.5429774522781372,0.7714888751506805,0.5358462370932102,0.7259669005870819,0.706151557713747,0.15906759569440912,237.34266367427492,0
sample_025,clean,1,438.0,876.0,439.7,875.5,0.8685331344604492,0.9342667758464813,0.649711549282074,0.883333146572113,0.8569822788238526,0.269462427807663,1.772004514666924,1
sample_025,clean,2,342.0,876.0,439.7,875.5,0.8458852171897888,0.9229428172111511,0.6230878978967667,0.8673155307769775,0.8407209187746048,0.2883920942050943,97.70127941843954,0
sample_025,clean,3,486.0,876.0,439.7,875.5,0.8293666839599609,0.9146833121776581,0.6302751153707504,0.8451783657073975,0.8299996942281723,0.26605638500137524,46.30269970530877,0
sample_025,clean,4,391.0,875.0,439.7,875.5,0.8227903246879578,0.9113954305648804,0.5896557122468948,0.8579715192317963,0.8256779223680497,0.27613945752101415,48.70256666747656,0
sample_025,clean,5,515.0,876.0,439.7,875.5,0.6899229288101196,0.8449614644050598,0.625601276755333,0.8004875779151917,0.7832998722791673,0.2660836334688776,75.30166000826279,0
sample_025,clean,6,467.0,895.0,439.7,875.5,0.5453449487686157,0.7726724147796631,0.6315196454524994,0.7225251644849777,0.7243829607963563,0.28028021692584726,33.549068541466255,0
sample_025,clean,7,294.0,876.0,439.7,875.5,0.5011116862297058,0.7505559027194977,0.5713109001517296,0.719382256269455,0.7022374436259271,0.30316002374983414,145.7008579247219,0
sample_025,clean,8,111.0,165.0,439.7,875.5,0.5000346302986145,0.7500170767307281,0.639664962887764,0.6637809127569199,0.693452188372612,0.363005509600061,782.8498834387088,0
sample_025,clean,9,188.0,62.0,439.7,875.5,0.4969509243965149,0.7484751343727112,0.6042030230164528,0.6598152369260788,0.6841567531228065,0.3802551774795446,851.5486715390965,0
sample_025,clean,10,188.0,165.0,439.7,875.5,0.4961901009082794,0.7480941414833069,0.6305081695318222,0.6551157385110855,0.6873855859041214,0.3237043404095781,753.7659716384125,0
sample_025,clean,11,92.0,139.0,439.7,875.5,0.49330517649650574,0.7466530352830887,0.6340067982673645,0.6711969822645187,0.6939413666725158,0.38521747104719956,814.4492249367054,0
sample_025,clean,12,140.0,171.0,439.7,875.5,0.4931631088256836,0.746581569314003,0.5915202721953392,0.6555119007825851,0.6791414424777031,0.3448485174681776,765.5980276881596,0
sample_025,clean,13,92.0,62.0,439.7,875.5,0.49196624755859375,0.7459834069013596,0.6012081950902939,0.6540856808423996,0.6802692741155625,0.423265873890159,884.6906464974071,0
sample_025,clean,14,82.0,184.0,439.7,875.5,0.4913807511329651,0.7456903159618378,0.5995014682412148,0.6567417681217194,0.6808731272816658,0.37052665221276593,778.5380787090636,0
sample_025,clean,15,54.0,62.0,439.7,875.5,0.4907734990119934,0.7453865110874176,0.5916582718491554,0.6419667899608612,0.6732729747891426,0.44201809917694546,900.3036932057981,0
sample_025,clean,16,54.0,165.0,439.7,875.5,0.4904458224773407,0.7452232539653778,0.6250619739294052,0.6490912139415741,0.6827381819486619,0.39442426395950847,808.439694720639,0
sample_025,clean,17,188.0,139.0,439.7,875.5,0.48872849345207214,0.7443647533655167,0.6248063072562218,0.6691006124019623,0.6903474077582359,0.3373907230497009,778.3220027726314,0
sample_025,clean,18,150.0,62.0,439.7,875.5,0.4854477047920227,0.7427232563495636,0.5904491245746613,0.6503172516822815,0.6753060281276704,0.39644924013043586,863.5440579379838,0
sample_025,clean,19,140.0,107.0,439.7,875.5,0.48499995470046997,0.7425004541873932,0.6322833597660065,0.661980926990509,0.6882492244243621,0.37686138035091893,824.871105082485,0
sample_025,clean,20,130.0,139.0,439.7,875.5,0.48443716764450073,0.7422196269035339,0.6199273839592934,0.6613281518220901,0.6854045882821084,0.36552770072868623,798.965794011233,0
sample_025,clean,21,448.0,946.0,439.7,875.5,0.4843772351741791,0.7421887964010239,0.6220844238996506,0.6536278426647186,0.6827435404062272,0.31750590545689067,70.98690019996647,0
sample_025,clean,22,381.0,914.0,439.7,875.5,0.48410919308662415,0.7420550137758255,0.6268147677183151,0.6612950712442398,0.6867029875516892,0.3045956335865634,70.19928774567445,0
sample_025,clean,23,82.0,107.0,439.7,875.5,0.4829770624637604,0.741489365696907,0.6309027522802353,0.6567014753818512,0.6854568868875504,0.40569261763063913,847.6682959743157,0
sample_025,clean,24,178.0,210.0,439.7,875.5,0.4814899265766144,0.7407455146312714,0.6233770176768303,0.6466944366693497,0.6796513840556144,0.30641801513618616,715.1063836940627,0
sample_025,clean,25,178.0,107.0,439.7,875.5,0.47993242740631104,0.7399663925170898,0.6310772746801376,0.6540823429822922,0.6838349491357804,0.3592582636488686,811.8368924851839,0
sample_025,clean,26,496.0,927.0,439.7,875.5,0.47731828689575195,0.7386584281921387,0.6244835779070854,0.6457352489233017,0.6786541864275932,0.30194784317825485,76.30163825239929,0
sample_025,clean,27,54.0,88.0,439.7,875.5,0.47728267312049866,0.7386413961648941,0.6166193559765816,0.656858891248703,0.6815239861607552,0.4293366977093852,876.8812576398243,0
sample_025,clean,28,82.0,210.0,439.7,875.5,0.4767680764198303,0.7383850514888763,0.6265138983726501,0.639342188835144,0.6763936758041382,0.35973879412707216,755.53923789569,0
sample_025,clean,29,54.0,139.0,439.7,875.5,0.4756099283695221,0.7378060668706894,0.6148933321237564,0.6542243510484695,0.6797908335924149,0.4057320544398729,831.3824270454602,0
sample_025,clean,30,352.0,946.0,439.7,875.5,0.47300857305526733,0.7365047186613083,0.6169478669762611,0.6464400887489319,0.6765674963593483,0.332280002407608,112.52350865485842,0
sample_026,clean,1,256.0,91.0,255.8,134.0,0.8920596837997437,0.9460298717021942,0.6918042600154877,0.926949679851532,0.887552672624588,0.3367617852429221,43.000465113763596,0
sample_026,clean,2,256.0,134.0,255.8,134.0,0.8919418454170227,0.9459708333015442,0.7155097872018814,0.9309681951999664,0.8938775688409806,0.31104019032915986,0.19999999999998863,1
sample_026,clean,3,256.0,62.0,255.8,134.0,0.8840255737304688,0.9420125782489777,0.6948409825563431,0.9212912917137146,0.8842897444963456,0.354527855041039,72.00027777724195,0
sample_026,clean,4,255.0,206.0,255.8,134.0,0.8716360926628113,0.9358180463314056,0.6873058974742889,0.9139517545700073,0.877369099855423,0.2706113449210879,72.0044443072787,0
sample_026,clean,5,256.0,163.0,255.8,134.0,0.8644315600395203,0.9322161078453064,0.6714361310005188,0.9066447913646698,0.8698315858840944,0.2941980625361085,29.00068964697219,0
sample_026,clean,6,544.0,147.0,255.8,134.0,0.77164626121521,0.8858232498168945,0.6311084181070328,0.8559853732585907,0.8229451328516006,0.25154025522766726,288.4930501762564,0
sample_026,clean,7,544.0,190.0,255.8,134.0,0.7679405212402344,0.8839706778526306,0.6190242767333984,0.8542473614215851,0.8190920710563661,0.22140009033421826,293.59025869398323,0
sample_026,clean,8,544.0,104.0,255.8,134.0,0.7611591815948486,0.88057941198349,0.5998755171895027,0.8503018617630005,0.8123276129364967,0.28173746644704534,289.7572087110172,0
sample_026,clean,9,544.0,61.0,255.8,134.0,0.754673421382904,0.8773372173309326,0.5974591225385666,0.8471087217330933,0.8092702001333237,0.31197515926752883,297.30159770845495,0
sample_026,clean,10,254.0,938.0,255.8,134.0,0.7049196362495422,0.8524602949619293,0.628590926527977,0.8765986561775208,0.8173417657613754,0.35521824277477637,804.0020149228483,0
sample_026,clean,11,202.0,84.0,255.8,134.0,0.6188647150993347,0.8094320595264435,0.6135562211275101,0.6530338376760483,0.7076976031064988,0.36184250717681027,73.44685153224746,0
sample_026,clean,12,202.0,127.0,255.8,134.0,0.6183792948722839,0.8091897368431091,0.6136289462447166,0.6543403118848801,0.7081378087401391,0.3375892474590978,54.25347915111068,0
sample_026,clean,13,202.0,156.0,255.8,134.0,0.6183534264564514,0.8091766536235809,0.5940089449286461,0.64444799721241,0.7002516493201256,0.321822932681933,58.12434945872514,0
sample_026,clean,14,202.0,55.0,255.8,134.0,0.6162809729576111,0.8081403970718384,0.6188568770885468,0.6580156236886978,0.7102337837219239,0.37870106944660187,95.57949570906933,0
sample_026,clean,15,393.0,176.0,255.8,134.0,0.6146321892738342,0.8073161840438843,0.6029153987765312,0.6503653079271317,0.7036556765437126,0.24127266732889574,143.4846333235723,0
sample_026,clean,16,942.0,641.0,255.8,134.0,0.6144160628318787,0.8072081804275513,0.6019811779260635,0.6475087851285934,0.7022830218076707,0.32805868377471736,853.1819501138078,0
sample_026,clean,17,202.0,199.0,255.8,134.0,0.614264726638794,0.8071326911449432,0.6113230809569359,0.6485110521316528,0.7045221135020256,0.29950375623687925,84.37677405542358,0
sample_026,clean,18,393.0,147.0,255.8,134.0,0.6130742430686951,0.8065377175807953,0.6252205222845078,0.6554385125637054,0.7098345965147019,0.260823695242591,137.81451302384664,0
sample_026,clean,19,361.0,97.0,255.8,134.0,0.612998902797699,0.8064997494220734,0.603543296456337,0.631369948387146,0.6958565384149551,0.30143821920917724,111.51699422061195,0
sample_026,clean,20,393.0,90.0,255.8,134.0,0.6105259656906128,0.8052634298801422,0.6111471801996231,0.6529905050992966,0.7055310100317003,0.2996239309534537,144.08275399922087,0
sample_026,clean,21,137.0,127.0,255.8,134.0,0.6099062561988831,0.804953396320343,0.6088061556220055,0.6613803803920746,0.7082947418093681,0.36803396582380815,119.00605026636252,0
sample_026,clean,22,931.0,691.0,255.8,134.0,0.6095417141914368,0.8047710955142975,0.6126133874058723,0.6494257599115372,0.7042014196515083,0.33334816633663966,875.2965440352201,0
sample_026,clean,23,404.0,54.0,255.8,134.0,0.6088672280311584,0.8044339120388031,0.6053394004702568,0.6458301842212677,0.7011735185980797,0.3225926223582926,168.41389491369173,0
sample_026,clean,24,393.0,205.0,255.8,134.0,0.6085383296012878,0.8042695820331573,0.596736416220665,0.6418556272983551,0.6977973669767381,0.2218941188945755,154.48249091725572,0
sample_026,clean,25,361.0,54.0,255.8,134.0,0.6081629395484924,0.8040817379951477,0.6004064679145813,0.6355830132961273,0.6959471940994263,0.33033089471013755,132.16292974960868,0
sample_026,clean,26,137.0,170.0,255.8,134.0,0.6080832481384277,0.8040412068367004,0.6096466928720474,0.6620015650987625,0.7083464473485948,0.34689263468687254,124.13476547688002,0
sample_026,clean,27,436.0,176.0,255.8,134.0,0.6066685318946838,0.8033342659473419,0.6145745292305946,0.6583035737276077,0.7075700417160988,0.23352944139872386,185.0298354320189,0
sample_026,clean,28,148.0,91.0,255.8,134.0,0.6062400341033936,0.8031202852725983,0.6205386370420456,0.6569147855043411,0.7081217557191849,0.3815658527698724,116.05963984090249,0
sample_026,clean,29,361.0,140.0,255.8,134.0,0.6036281585693359,0.8018139600753784,0.5769043788313866,0.6181125044822693,0.6833514615893365,0.27287451328403683,105.37096374238966,0
sample_026,clean,30,350.0,176.0,255.8,134.0,0.6030445694923401,0.8015225231647491,0.6035196855664253,0.637148842215538,0.6961724832653999,0.25246385879963096,103.13893542208004,0
sample_027,clean,1,876.0,235.0,876.7,234.7,0.8874817490577698,0.9437404274940491,0.6457592695951462,0.929600715637207,0.8784883111715318,0.3252698879392312,0.7615773105864371,1
sample_027,clean,2,876.0,209.0,876.7,234.7,0.714866578578949,0.8574331402778625,0.6197280734777451,0.7863572239875793,0.7814617604017258,0.3361971148002314,25.709531306501866,0
sample_027,clean,3,876.0,151.0,876.7,234.7,0.709594190120697,0.8547971546649933,0.6218023970723152,0.783313125371933,0.7796045914292336,0.36275129220996577,83.70292706948783,0
sample_027,clean,4,877.0,56.0,876.7,234.7,0.7065087556838989,0.8532542586326599,0.6350341141223907,0.7949057519435883,0.7862708270549774,0.41186466223748786,178.7002518185131,0
sample_027,clean,5,877.0,113.0,876.7,234.7,0.6700538992881775,0.8350266218185425,0.5785791873931885,0.7529002726078033,0.7508865952491761,0.38203272111168696,121.70036976114739,0
sample_027,clean,6,876.0,177.0,876.7,234.7,0.6425990462303162,0.8212993144989014,0.5938541665673256,0.7423148155212402,0.7442164853215218,0.3505032096857317,57.70424594429771,0
sample_027,clean,7,875.0,934.0,876.7,234.7,0.5668361783027649,0.7834178805351257,0.5917972400784492,0.7640231847763062,0.7373358741402627,0.40557428419464664,699.3020663490134,0
sample_027,clean,8,934.0,235.0,876.7,234.7,0.5507833957672119,0.7753913998603821,0.6075034439563751,0.7298515737056732,0.7235978782176972,0.3595698819423006,57.30078533493232,0
sample_027,clean,9,925.0,75.0,876.7,234.7,0.46599870920181274,0.7329990416765213,0.5923979505896568,0.6191996857523918,0.6593590810894966,0.42499999999999993,166.8441788016591,0
sample_027,clean,10,933.0,934.0,876.7,234.7,0.4578171670436859,0.7289087474346161,0.5831939205527306,0.608737587928772,0.6516973182559014,0.4335002883505384,701.5626700445227,0
sample_027,clean,11,944.0,190.0,876.7,234.7,0.4559670388698578,0.727983370423317,0.5910329222679138,0.6069217398762703,0.6521686285734177,0.38290729948644225,80.79220259406222,0
sample_027,clean,12,925.0,50.0,876.7,234.7,0.4543711543083191,0.7271851152181625,0.5769045799970627,0.6018217280507088,0.6469836533069611,0.4376785350002899,190.91092163624373,0
sample_027,clean,13,944.0,164.0,876.7,234.7,0.4521125257015228,0.7260564416646957,0.592008613049984,0.6054681837558746,0.651011572778225,0.39372071319655005,97.61034781210438,0
sample_027,clean,14,925.0,113.0,876.7,234.7,0.44101059436798096,0.72050541639328,0.5768871530890465,0.6031012982130051,0.6448201164603233,0.4064443381325418,130.93425831309386,0
sample_027,clean,15,858.0,81.0,876.7,234.7,0.40662336349487305,0.7033116668462753,0.5557785332202911,0.5880082026124,0.6276836544275284,0.38969539386551644,154.83339433080965,0
sample_027,clean,16,285.0,525.0,876.7,234.7,0.35477590560913086,0.6773877888917923,0.5104960417374969,0.7538317739963531,0.6745870335027575,0.15305227865013968,659.0773702684686,0
sample_027,clean,17,839.0,235.0,876.7,234.7,0.33345165848731995,0.6667258441448212,0.5416834652423859,0.5717796832323074,0.6037389039993286,0.30425811410708503,37.70119361505685,0
sample_027,clean,18,285.0,430.0,876.7,234.7,0.3098461627960205,0.6549225896596909,0.523713294416666,0.6652376353740692,0.6328067488968373,0.15988276955319483,623.0978895807625,0
sample_027,clean,19,285.0,358.0,876.7,234.7,0.29535937309265137,0.6476794928312302,0.5278682447969913,0.6723169088363647,0.6335722096264362,0.1821935783720162,604.4102745652162,0
sample_027,clean,20,214.0,525.0,876.7,234.7,0.29326435923576355,0.6466322094202042,0.5228832680732012,0.6001101136207581,0.6032735828310252,0.20300369454766085,723.4952522304484,0
sample_027,clean,21,282.0,819.0,876.7,234.7,0.2922523319721222,0.6461261957883835,0.5075872344896197,0.7112610340118408,0.6444723388180137,0.2732077963748472,833.7113289382602,0
sample_027,clean,22,159.0,525.0,876.7,234.7,0.29219236969947815,0.6460961103439331,0.5235700663179159,0.6190366521477699,0.6107671182602645,0.24177055238386663,774.1882070917898,0
sample_027,clean,23,105.0,525.0,876.7,234.7,0.2912156283855438,0.6456075459718704,0.5284066181629896,0.6155601739883423,0.6101484116166831,0.2798660393831306,824.4968041175175,0
sample_027,clean,24,663.0,234.0,876.7,234.7,0.28834107518196106,0.6441701948642731,0.4922478529624641,0.61293825507164,0.601292950566858,0.2205957841845578,213.70114646393458,0
sample_027,clean,25,285.0,394.0,876.7,234.7,0.2831757068634033,0.6415877640247345,0.5181960891932249,0.6647794544696808,0.6261861052364112,0.16950073746152255,612.7686186481811,0
sample_027,clean,26,771.0,235.0,876.7,234.7,0.28294458985328674,0.6414723098278046,0.5248957667499781,0.626426100730896,0.6121385175734759,0.2680167905188031,105.70042573234986,0
sample_027,clean,27,69.0,525.0,876.7,234.7,0.28236478567123413,0.6411824077367783,0.5189545098692179,0.617426835000515,0.6072345990687609,0.3052752856030111,858.2851391000546,0
sample_027,clean,28,592.0,232.0,876.7,234.7,0.2811456322669983,0.6405723392963409,0.49344476917758584,0.6810647547245026,0.6273437914438547,0.2003596765818911,284.712802662613,0
sample_027,clean,29,282.0,697.0,876.7,234.7,0.2806149423122406,0.6403069645166397,0.5022573985625058,0.6299447864294052,0.6085521800909192,0.20776549280378587,753.2525340149875,0
sample_027,clean,30,735.0,235.0,876.7,234.7,0.2804402709007263,0.6402201801538467,0.5179521087557077,0.6271666437387466,0.610545151308179,0.25044959572736386,141.7003175719801,0
sample_028,clean,1,251.0,839.0,252.4,838.7,0.8699113726615906,0.9349561333656311,0.6510815918445587,0.9226412773132324,0.8732552826404573,0.2974239398568985,1.4317821063276315,1
sample_028,clean,2,215.0,839.0,252.4,838.7,0.5606948733329773,0.7803470194339752,0.5933608040213585,0.7261669039726257,0.7212777301669122,0.3131660901183268,37.401203189202356,0
sample_028,clean,3,251.0,791.0,252.4,838.7,0.5467602610588074,0.7733802497386932,0.6244692802429199,0.770805150270462,0.7425680160522461,0.27081543530604013,47.72054065075127,0
sample_028,clean,4,179.0,839.0,252.4,838.7,0.5446682572364807,0.7723341584205627,0.6042621061205864,0.7622025907039642,0.7346671208739282,0.33012270446002345,73.40061307645871,0
sample_028,clean,5,251.0,743.0,252.4,838.7,0.5353457927703857,0.7676727473735809,0.5800670683383942,0.7493525892496109,0.7228235483169556,0.24601829200285086,95.71023978655579,0
sample_028,clean,6,106.0,839.0,252.4,838.7,0.5222256779670715,0.7611124217510223,0.6000884920358658,0.741701140999794,0.7211431235074997,0.3675302708621427,146.40030737672652,0
sample_028,clean,7,143.0,839.0,252.4,838.7,0.5061222910881042,0.7530612051486969,0.5988297387957573,0.7294688671827316,0.7127779766917228,0.3481163598568731,109.40041133377882,0
sample_028,clean,8,71.0,839.0,252.4,838.7,0.5020008683204651,0.751000702381134,0.5948071181774139,0.7248115688562393,0.7092863321304321,0.38662772792442085,181.40024807039265,0
sample_028,clean,9,252.0,647.0,252.4,838.7,0.5014530420303345,0.7507263720035553,0.5689526572823524,0.7308357656002045,0.7064153864979744,0.20385411450348506,191.700417318273,0
sample_028,clean,10,251.0,695.0,252.4,838.7,0.49495768547058105,0.7474785894155502,0.549490187317133,0.7394750714302063,0.7046795018017292,0.2236358647444546,143.70681960157637,0
sample_028,clean,11,99.0,815.0,252.4,838.7,0.3628755807876587,0.6814371347427368,0.5745968744158745,0.5981549099087715,0.6267561927437783,0.36057315485210484,155.22000515397494,0
sample_028,clean,12,85.0,738.0,252.4,838.7,0.34601786732673645,0.6730090528726578,0.5296188779175282,0.5672436282038689,0.6020248480141163,0.3382816873553755,195.35416555579258,0
sample_028,clean,13,194.0,656.0,252.4,838.7,0.34495794773101807,0.6724789887666702,0.5787922590970993,0.5815350636839867,0.6173640727996826,0.24287033577610914,191.80680384178245,0
sample_028,clean,14,114.0,651.0,252.4,838.7,0.3444061875343323,0.6722035259008408,0.5675814226269722,0.5647747665643692,0.6083076015114784,0.29308445881690826,233.2077400087742,0
sample_028,clean,15,114.0,738.0,252.4,838.7,0.34334638714790344,0.6716731786727905,0.5300731007009745,0.5684928894042969,0.6020810473710299,0.32065557846387144,171.15796797111145,0
sample_028,clean,16,157.0,796.0,252.4,838.7,0.3429085612297058,0.6714538484811783,0.5757310315966606,0.5846250504255295,0.6175777658820153,0.3203630752755379,104.52009376191741,0
sample_028,clean,17,121.0,801.0,252.4,838.7,0.34060922265052795,0.6703049838542938,0.545586246997118,0.5640097334980965,0.6028431363403798,0.3422294551905198,136.70131674567003,0
sample_028,clean,18,172.0,738.0,252.4,838.7,0.3401220738887787,0.6700610518455505,0.5513067059218884,0.5736449211835861,0.6077437303960325,0.28655540476494246,128.85903150342241,0
sample_028,clean,19,78.0,637.0,252.4,838.7,0.33995166420936584,0.6699759811162949,0.5698645859956741,0.5669885128736496,0.6087587147951126,0.31372997944091985,266.64255099289767,0
sample_028,clean,20,143.0,738.0,252.4,838.7,0.3378889560699463,0.6689439415931702,0.5439039990305901,0.5697891637682915,0.6042740419507027,0.3033916610587707,148.69045026497164,0
sample_028,clean,21,143.0,651.0,252.4,838.7,0.3371667265892029,0.6685837507247925,0.5665086656808853,0.5709280148148537,0.6091064393520356,0.2740894014733149,217.25480431972042,0
sample_028,clean,22,251.0,876.0,252.4,838.7,0.3323228359222412,0.6661617159843445,0.5078892661258578,0.5758770778775215,0.598393370769918,0.31888634338898864,37.32626421167804,0
sample_028,clean,23,85.0,680.0,252.4,838.7,0.33230748772621155,0.6661547124385834,0.5439650043845177,0.5655623823404312,0.6014798387885094,0.3198632520312391,230.6695688642089,0
sample_028,clean,24,201.0,757.0,252.4,838.7,0.33187368512153625,0.6659367978572845,0.5580937750637531,0.5744240954518318,0.6077631123363972,0.27879203718901296,96.52383125425558,0
sample_028,clean,25,114.0,680.0,252.4,838.7,0.331294983625412,0.6656478643417358,0.5472371801733971,0.5669554173946381,0.602488748729229,0.3011610864637063,210.5712468500864,0
sample_028,clean,26,85.0,709.0,252.4,838.7,0.3311537802219391,0.6655768305063248,0.553323782980442,0.5748833641409874,0.6068488344550134,0.32856201849879113,211.76602654816946,0
sample_028,clean,27,172.0,680.0,252.4,838.7,0.33087432384490967,0.6654378920793533,0.5499908849596977,0.5815562456846237,0.6087958320975304,0.26456001209555463,177.90404717150201,0
sample_028,clean,28,150.0,704.0,252.4,838.7,0.329956591129303,0.664978638291359,0.5515805669128895,0.5834263637661934,0.6096781142055989,0.28645767575682096,169.2035756123375,0
sample_028,clean,29,114.0,709.0,252.4,838.7,0.3283802568912506,0.6641906797885895,0.5552401319146156,0.5769706144928932,0.6075125440955162,0.3103844390429391,189.67511697637096,0
sample_028,clean,30,143.0,680.0,252.4,838.7,0.32746291160583496,0.6637315452098846,0.5477562621235847,0.5724297314882278,0.604015763103962,0.28270921456507214,192.75385858654042,0
sample_029,clean,1,856.0,688.0,857.1,688.0,0.9439880847930908,0.9719939529895782,0.7147651314735413,0.9465248584747314,0.9103605508804322,0.2846752535785294,1.1000000000000227,1
sample_029,clean,2,856.0,784.0,857.1,688.0,0.9050049781799316,0.9525024592876434,0.6284225434064865,0.8938624262809753,0.864230462908745,0.3220186330012597,96.00630187649142,0
sample_029,clean,3,856.0,736.0,857.1,688.0,0.8874556422233582,0.9437274634838104,0.6355091780424118,0.88775634765625,0.8596953600645065,0.3020198668962027,48.01260251225713,0
sample_029,clean,4,856.0,640.0,857.1,688.0,0.8862816095352173,0.9431405067443848,0.642100602388382,0.8833875060081482,0.8590313255786897,0.2704958410031474,48.01260251225713,0
sample_029,clean,5,851.0,434.0,857.1,688.0,0.6985673308372498,0.8492825925350189,0.5661357641220093,0.7742918729782104,0.7626569390296937,0.2525440555625889,254.07323747297747,0
sample_029,clean,6,856.0,814.0,857.1,688.0,0.6859237551689148,0.8429620862007141,0.5406333804130554,0.74366395175457,0.7427770912647247,0.3356575635971875,126.00480149581603,0
sample_029,clean,7,851.0,482.0,857.1,688.0,0.6720729470252991,0.8360365331172943,0.5535438843071461,0.7482609301805496,0.7444277621805668,0.24852062288671334,206.09029574436542,0
sample_029,clean,8,851.0,338.0,857.1,688.0,0.6644572615623474,0.8322288990020752,0.5551878251135349,0.7470835894346237,0.7427625603973866,0.2733541658727739,350.0531531067818,0
sample_029,clean,9,851.0,386.0,857.1,688.0,0.656599760055542,0.8282997608184814,0.5433411933481693,0.7334990948438644,0.7333877809345724,0.2609568929919269,302.0615996779465,0
sample_029,clean,10,856.0,592.0,857.1,688.0,0.577536404132843,0.7887679636478424,0.5661223083734512,0.7612996101379395,0.733251491189003,0.26,96.00630187649142,0
sample_029,clean,11,851.0,530.0,857.1,688.0,0.559879720211029,0.7799394726753235,0.5563273467123508,0.7214626371860504,0.7118263132870197,0.2490993777591586,158.11770931809,0
sample_029,clean,12,856.0,923.0,857.1,688.0,0.5339057445526123,0.7669529616832733,0.563471220433712,0.7520158290863037,0.7202817603945733,0.39093797462001567,235.00257445398339,0
sample_029,clean,13,564.0,949.0,857.1,688.0,0.5013094544410706,0.7506551146507263,0.5796664208173752,0.7536716163158417,0.7176639765501023,0.3207000155908945,392.46478822946654,0
sample_029,clean,14,827.0,688.0,857.1,688.0,0.46209269762039185,0.731046661734581,0.6077351570129395,0.6623146086931229,0.6788915395736694,0.2667142665850479,30.100000000000023,0
sample_029,clean,15,823.0,472.0,857.1,688.0,0.4447275996208191,0.7223635017871857,0.5867156237363815,0.6390814632177353,0.6619211107492448,0.22925204470189575,218.67512432830583,0
sample_029,clean,16,564.0,910.0,857.1,688.0,0.4412238895893097,0.7206117659807205,0.5408326536417007,0.697255089879036,0.6753132730722428,0.2934246070117501,367.68411714405073,0
sample_029,clean,17,827.0,942.0,857.1,688.0,0.4404846727848053,0.7202421724796295,0.5579910203814507,0.619144894182682,0.6473530307412148,0.38877564224112604,255.77726638620564,0
sample_029,clean,18,827.0,784.0,857.1,688.0,0.43970662355422974,0.7198535650968552,0.5753060653805733,0.6268136501312256,0.653728099167347,0.30625561219347475,100.60820046099623,0
sample_029,clean,19,823.0,434.0,857.1,688.0,0.4382922947406769,0.7191455811262131,0.5726826414465904,0.6308428794145584,0.6545319125056267,0.23311477859629576,256.2787739942581,0
sample_029,clean,20,827.0,640.0,857.1,688.0,0.4311882257461548,0.7155943363904953,0.566133163869381,0.6201028749346733,0.6475055173039437,0.25152435269770596,56.656950147356156,0
sample_029,clean,21,827.0,736.0,857.1,688.0,0.4290386438369751,0.7145194560289383,0.5839559733867645,0.6220756471157074,0.6514292359352112,0.2851534674521774,56.656950147356156,0
sample_029,clean,22,536.0,930.0,857.1,688.0,0.4278637170791626,0.7139322012662888,0.5505162142217159,0.6394197344779968,0.6514440171420575,0.3051196486626189,402.08109878480985,0
sample_029,clean,23,823.0,376.0,857.1,688.0,0.4268798828125,0.7134396284818649,0.5546767637133598,0.6225977912545204,0.6453503206372261,0.2446477058956409,313.8579455741084,0
sample_029,clean,24,851.0,291.0,857.1,688.0,0.42240920662879944,0.7112044394016266,0.5124413808807731,0.6403334438800812,0.6431034294888378,0.2888615585362649,397.0468612141393,0
sample_029,clean,25,823.0,338.0,857.1,688.0,0.41500866413116455,0.7075044810771942,0.5673380270600319,0.6237409487366676,0.6459657773375511,0.2555122306270289,351.6572336807534,0
sample_029,clean,26,856.0,864.0,857.1,688.0,0.3975861072540283,0.6987932771444321,0.533394630998373,0.6212846487760544,0.6347100965678691,0.36002222153639346,176.0034374664313,0
sample_029,clean,27,905.0,720.0,857.1,688.0,0.3945242464542389,0.6972620487213135,0.5502403378486633,0.580241784453392,0.6210496008396149,0.3259025928095694,57.60564208478192,0
sample_029,clean,28,905.0,688.0,857.1,688.0,0.3910490572452545,0.6955243647098541,0.5498531199991703,0.5845961645245552,0.6220188356935978,0.31572852262663886,47.89999999999998,0
sample_029,clean,29,905.0,656.0,857.1,688.0,0.39099767804145813,0.6954986453056335,0.5481878370046616,0.5748527273535728,0.6177781164646149,0.3068884162036749,57.60564208478192,0
sample_029,clean,30,905.0,784.0,857.1,688.0,0.38487687706947327,0.6924382001161575,0.5399601012468338,0.5688908472657204,0.6125236392021179,0.3497720686389924,107.28657884376777,0
sample_030,clean,1,767.0,591.0,767.7,590.7,0.8864704966545105,0.9432355165481567,0.6779924482107162,0.9159066677093506,0.8792553633451463,0.19946177578674065,0.7615773105864148,1
sample_030,clean,2,690.0,591.0,767.7,590.7,0.8534654378890991,0.9267333149909973,0.656969353556633,0.8983423709869385,0.8614241451025009,0.14896476093358454,77.70057914842081,0
sample_030,clean,3,728.0,591.0,767.7,590.7,0.7599345445632935,0.879967600107193,0.6456764787435532,0.8887178003787994,0.8366094559431076,0.17358715390258578,39.70113348507827,0
sample_030,clean,4,632.0,591.0,767.7,590.7,0.7533298134803772,0.876664936542511,0.6516474485397339,0.8886452317237854,0.8364535570144653,0.11336886697854925,135.70033161344895,0
sample_030,clean,5,196.0,599.0,767.7,590.7,0.7385739088058472,0.8692875802516937,0.5940979570150375,0.7809444069862366,0.7789123862981797,0.22607189122046994,571.7602469567119,0
sample_030,clean,6,72.0,593.0,767.7,590.7,0.7377410531044006,0.8688707649707794,0.6460883170366287,0.8627829253673553,0.8218791395425797,0.30970389083768385,695.7038019157291,0
sample_030,clean,7,110.0,593.0,767.7,590.7,0.7354547381401062,0.8677280843257904,0.6414516717195511,0.8620178699493408,0.8201887160539627,0.28350396822619606,657.7040215780955,0
sample_030,clean,8,158.0,599.0,767.7,590.7,0.7329441905021667,0.8664725422859192,0.6061292439699173,0.7821847498416901,0.7806887656450272,0.2517588131525885,609.7564923803601,0
sample_030,clean,9,661.0,610.0,767.7,590.7,0.6601632237434387,0.8300813138484955,0.6425464749336243,0.7094283550977707,0.7443131625652314,0.13787856976339724,108.43145300142393,0
sample_030,clean,10,594.0,591.0,767.7,590.7,0.658657968044281,0.8293294310569763,0.5998053550720215,0.7719331979751587,0.7604661226272583,0.0925121613627095,173.70025906716438,0
sample_030,clean,11,934.0,128.0,767.7,590.7,0.6487548351287842,0.8243778049945831,0.6279008537530899,0.6690666079521179,0.7229579359292985,0.4041905491225642,491.6777196497722,0
sample_030,clean,12,167.0,657.0,767.7,590.7,0.6450771689414978,0.8225384652614594,0.6168370470404625,0.6647439301013947,0.7182803675532341,0.2603247971285102,604.3477310290823,0
sample_030,clean,13,709.0,719.0,767.7,590.7,0.6450656056404114,0.8225330710411072,0.6518517136573792,0.6863068342208862,0.7339063048362733,0.21405840324546943,141.09068006073255,0
sample_030,clean,14,129.0,657.0,767.7,590.7,0.6425177454948425,0.821259081363678,0.6169479191303253,0.664316713809967,0.7176199018955232,0.28485961454723624,642.1319023378297,0
sample_030,clean,15,62.0,740.0,767.7,590.7,0.6421234607696533,0.8210610151290894,0.6225237920880318,0.6811787784099579,0.7254006758332253,0.3531600203873592,721.3203033327151,0
sample_030,clean,16,100.0,753.0,767.7,590.7,0.6408607363700867,0.8204307854175568,0.6409914344549179,0.6809240430593491,0.728740218281746,0.3346707337070273,687.1423287791257,0
sample_030,clean,17,934.0,51.0,767.7,590.7,0.6407895684242249,0.8203952610492706,0.6342446058988571,0.6824052482843399,0.7279691249132156,0.44156369868910195,564.7404536599092,0
sample_030,clean,18,934.0,102.0,767.7,590.7,0.6407620906829834,0.8203813135623932,0.6424850225448608,0.6720389425754547,0.7254651069641114,0.41638924097531627,516.220282437643,0
sample_030,clean,19,167.0,708.0,767.7,590.7,0.6403833627700806,0.8201920390129089,0.6343341320753098,0.6676855981349945,0.7220178812742233,0.27762654772193524,612.0455701988211,0
sample_030,clean,20,757.0,751.0,767.7,590.7,0.6389976739883423,0.8194988369941711,0.6144966706633568,0.663815438747406,0.7162250444293022,0.25401771591761074,160.65671476785522,0
sample_030,clean,21,757.0,674.0,767.7,590.7,0.6387505531311035,0.8193757832050323,0.6252936273813248,0.6686447411775589,0.7202669352293015,0.21945956347354745,83.98440331394868,0
sample_030,clean,22,62.0,689.0,767.7,590.7,0.6380695700645447,0.8190351724624634,0.6246053203940392,0.682099312543869,0.7253748580813408,0.33731661684536085,712.5134244349366,0
sample_030,clean,23,91.0,657.0,767.7,590.7,0.6361564993858337,0.8180781602859497,0.6027446240186691,0.659721776843071,0.7116688996553422,0.309782181540514,679.9401297173157,0
sample_030,clean,24,767.0,719.0,767.7,590.7,0.6361563801765442,0.8180779218673706,0.6403115093708038,0.6775066703557968,0.7262961387634277,0.24418230894149556,128.30190957269494,0
sample_030,clean,25,62.0,766.0,767.7,590.7,0.6361388564109802,0.8180699348449707,0.6356907486915588,0.682722732424736,0.7274552166461945,0.36235341863986875,727.1468764974516,0
sample_030,clean,26,129.0,721.0,767.7,590.7,0.6359186768531799,0.8179586231708527,0.6518110930919647,0.6766409575939178,0.7282020509243012,0.305353893048705,651.8556435285346,0
sample_030,clean,27,632.0,719.0,767.7,590.7,0.6348190307617188,0.8174094557762146,0.6386151909828186,0.6734730303287506,0.7240760326385498,0.18081067446364996,186.74951137820952,0
sample_030,clean,28,100.0,689.0,767.7,590.7,0.6345453262329102,0.8172730207443237,0.620391458272934,0.6834811121225357,0.7243799448013306,0.31282662930127925,674.8971625366343,0
sample_030,clean,29,167.0,785.0,767.7,590.7,0.6343575119972229,0.8171788454055786,0.6322719603776932,0.6671735197305679,0.7201953381299973,0.3099306374013385,631.3422051470977,0
sample_030,clean,30,661.0,674.0,767.7,590.7,0.632567286491394,0.8162842690944672,0.6243648380041122,0.6619495302438736,0.7161664873361588,0.1676260719577954,135.3653574589895,0
sample_001,low,1,278.0,433.0,279.0,433.1,0.9055238962173462,0.9527629017829895,0.7331881374120712,0.9345977604389191,0.9015818923711777,0.16397103402735497,1.0049875621120912,1
sample_001,low,2,278.0,481.0,279.0,433.1,0.8757984638214111,0.9378997087478638,0.6771271377801895,0.9027769267559052,0.8716960817575455,0.15755157885594165,47.910437276234475,0
sample_001,low,3,278.0,338.0,279.0,433.1,0.8388911485671997,0.9194456338882446,0.6689489334821701,0.8882372081279755,0.856862923502922,0.19432961688841976,95.1052574782278,0
sample_001,low,4,278.0,385.0,279.0,433.1,0.8382967710494995,0.9191488027572632,0.6297802925109863,0.8720054626464844,0.8424177646636963,0.17678942276052603,48.110393887391965,0
sample_001,low,5,278.0,529.0,279.0,433.1,0.7076915502548218,0.8538460731506348,0.6125703528523445,0.8065914511680603,0.7866890802979469,0.15831140198987562,95.905213622618,0
sample_001,low,6,553.0,757.0,279.0,433.1,0.5119635462760925,0.7559815943241119,0.5514093302190304,0.6336105465888977,0.6661187224090099,0.18555053220079967,424.2489952846088,0
sample_001,low,7,272.0,782.0,279.0,433.1,0.5021659135818481,0.7510827779769897,0.5239724759012461,0.7207352370023727,0.6935217011719943,0.2564254277562972,348.97021362861324,0
sample_001,low,8,553.0,709.0,279.0,433.1,0.49714013934135437,0.7485703676939011,0.5462274290621281,0.6206348314881325,0.656927565485239,0.1524631102922933,388.84033998544953,0
sample_001,low,9,272.0,710.0,279.0,433.1,0.49637487530708313,0.7481870651245117,0.5405430272221565,0.732530489563942,0.7003956273198129,0.21918485349129394,276.98846546381674,0
sample_001,low,10,553.0,637.0,279.0,433.1,0.493034690618515,0.7465170621871948,0.5409274846315384,0.6139268130064011,0.652363047003746,0.10387011119662865,341.54239853933217,0
sample_001,low,11,553.0,662.0,279.0,433.1,0.4879676103591919,0.7439838349819183,0.5645826533436775,0.6161355003714561,0.6569642648100853,0.12052593081988622,357.0311050874979,0
sample_001,low,12,272.0,662.0,279.0,433.1,0.4840696156024933,0.7420353442430496,0.5228728801012039,0.7242467701435089,0.6910874217748642,0.19777259668619412,229.00700862637368,0
sample_001,low,13,572.0,733.0,279.0,433.1,0.4817180335521698,0.7408588379621506,0.5280822832137346,0.7573682367801666,0.7049072865396738,0.17244274412105604,419.2720000190807,0
sample_001,low,14,242.0,433.0,279.0,433.1,0.4805314242839813,0.7402658462524414,0.5776032730937004,0.5142694637179375,0.6173347786068917,0.18848474739352256,37.00013513488836,0
sample_001,low,15,278.0,290.0,279.0,433.1,0.48012053966522217,0.740059956908226,0.5755759477615356,0.7382355630397797,0.7064333975315094,0.21608331726442925,143.10349401744182,0
sample_001,low,16,242.0,481.0,279.0,433.1,0.4751286506652832,0.7375642955303192,0.5508908145129681,0.5030607883818448,0.6064281964674593,0.18292758129926714,60.52611006830026,0
sample_001,low,17,572.0,781.0,279.0,433.1,0.4687157869338989,0.7343577593564987,0.5233674664050341,0.7555299699306488,0.7006285849958659,0.20511582094026778,454.8443799806698,0
sample_001,low,18,553.0,805.0,279.0,433.1,0.4670933485031128,0.7335467040538788,0.5376520231366158,0.6141238585114479,0.6465986296534538,0.21889952032839177,461.9368030369522,0
sample_001,low,19,254.0,746.0,279.0,433.1,0.4661806523799896,0.7330901175737381,0.557653684169054,0.5663842782378197,0.6313204951584339,0.246,313.89713283176064,0
sample_001,low,20,260.0,457.0,279.0,433.1,0.466053307056427,0.7330266684293747,0.5942594707012177,0.6462051719427109,0.6705446302890778,0.17240794645259247,30.5321142405828,0
sample_001,low,21,242.0,361.0,279.0,433.1,0.4654223620891571,0.7327110022306442,0.5430020466446877,0.5016056500608101,0.6023270702455192,0.20722572234160508,81.03955824163903,0
sample_001,low,22,259.0,409.0,279.0,433.1,0.45370396971702576,0.7268522381782532,0.5566387809813023,0.5972303822636604,0.6409608043730259,0.18215652609774924,31.317886263284134,0
sample_001,low,23,236.0,710.0,279.0,433.1,0.45335856080055237,0.726679340004921,0.5661715120077133,0.5092516466975212,0.6076066970825196,0.2385330165826106,280.2188608926958,0
sample_001,low,24,259.0,505.0,279.0,433.1,0.45261844992637634,0.7263091504573822,0.5639747008681297,0.611417718231678,0.64788568764925,0.1704494059831245,74.62981977735171,0
sample_001,low,25,236.0,782.0,279.0,433.1,0.44946059584617615,0.7247304618358612,0.5498313643038273,0.49997733171585423,0.5998493902814517,0.2731483113621609,351.53977015410356,0
sample_001,low,26,236.0,662.0,279.0,433.1,0.44855406880378723,0.7242774814367294,0.5522798746824265,0.506539162248373,0.6027826324105263,0.21902054698132775,232.90386428739217,0
sample_001,low,27,293.0,457.0,279.0,433.1,0.44362521171569824,0.721812903881073,0.5970211625099182,0.6683882474899292,0.6754846930503846,0.1494958193395387,27.698555919036625,0
sample_001,low,28,518.0,733.0,279.0,433.1,0.44193702936172485,0.7209683805704117,0.5428930819034576,0.5486964657902718,0.616444554924965,0.16524678514270708,383.48534522195234,0
sample_001,low,29,518.0,637.0,279.0,433.1,0.4377892017364502,0.7188941389322281,0.5423301607370377,0.5444821491837502,0.6138165473937989,0.09770619222956137,314.1595295387361,0
sample_001,low,30,518.0,685.0,279.0,433.1,0.4366825222969055,0.7183411568403244,0.5317260883748531,0.54428606107831,0.6113961048424245,0.13143249217754338,347.2385491272534,0
sample_002,low,1,288.0,438.0,288.4,438.1,0.9043404459953308,0.9521691799163818,0.7163034528493881,0.9351237118244171,0.8981778472661972,0.15618578680533,0.4123105625617495,1
sample_002,low,2,288.0,342.0,288.4,438.1,0.8562254309654236,0.9281115531921387,0.655751958489418,0.8935732245445251,0.8598243027925492,0.1869598887462228,96.1008324625755,0
sample_002,low,3,288.0,390.0,288.4,438.1,0.842092752456665,0.9210462272167206,0.6718289256095886,0.8974042236804962,0.8617459654808045,0.1688845759683222,48.10166317290913,0
sample_002,low,4,288.0,486.0,288.4,438.1,0.7778269648551941,0.8889127671718597,0.5953851491212845,0.8493983149528503,0.8144014626741409,0.15023315213360863,47.90167011702199,0
sample_002,low,5,288.0,516.0,288.4,438.1,0.6585816144943237,0.829290360212326,0.5899667367339134,0.7852948606014252,0.7638274356722832,0.15033296378372907,77.90102695086885,0
sample_002,low,6,288.0,309.0,288.4,438.1,0.6185382604598999,0.809269368648529,0.5863918140530586,0.7399944216012955,0.7369838789105416,0.2017733877398107,129.10061967318362,0
sample_002,low,7,580.0,724.0,288.4,438.1,0.561079204082489,0.7805401086807251,0.6166275218129158,0.7943817377090454,0.7532942429184915,0.1681903683330291,408.3740564727392,0
sample_002,low,8,580.0,695.0,288.4,438.1,0.5552802085876465,0.7776390314102173,0.6034141927957535,0.7783097624778748,0.7430623561143875,0.1490385856078888,388.6234295561707,0
sample_002,low,9,580.0,657.0,288.4,438.1,0.5516946315765381,0.7758464217185974,0.6095171496272087,0.794931948184967,0.7502147778868675,0.12459735149673126,364.6200351050392,0
sample_002,low,10,580.0,772.0,288.4,438.1,0.5396832227706909,0.7698422074317932,0.5909608379006386,0.771902859210968,0.7348901942372323,0.20047942537826666,443.30550413907565,0
sample_002,low,11,870.0,759.0,288.4,438.1,0.49890950322151184,0.7494553327560425,0.6364767998456955,0.8090954124927521,0.7507156580686569,0.3193595152801933,664.255500541772,0
sample_002,low,12,282.0,931.0,288.4,438.1,0.4967200458049774,0.748360887169838,0.6182287260890007,0.7480005025863647,0.7221903011202813,0.34152964732216146,492.94154825902024,0
sample_002,low,13,870.0,701.0,288.4,438.1,0.49491268396377563,0.747456818819046,0.6196111664175987,0.8081766366958618,0.746175615489483,0.2977423382725406,638.259328173118,0
sample_002,low,14,870.0,730.0,288.4,438.1,0.4913948178291321,0.7456983178853989,0.616531528532505,0.8014375865459442,0.7421606674790383,0.3080584360149872,650.7412465796217,0
sample_002,low,15,870.0,788.0,288.4,438.1,0.4877296984195709,0.7438646852970123,0.6172092631459236,0.7997216880321503,0.7408764019608498,0.33154486875836275,678.7404290301263,0
sample_002,low,16,580.0,614.0,288.4,438.1,0.47753003239631653,0.7387648969888687,0.5730298906564713,0.7116049528121948,0.6947539180517197,0.09847842403288143,340.54569443761875,0
sample_002,low,17,288.0,549.0,288.4,438.1,0.46863463521003723,0.7343168705701828,0.5878503993153572,0.7340057045221329,0.7048991098999977,0.15385870141139238,110.90072136825799,0
sample_002,low,18,266.0,357.0,288.4,438.1,0.46228671073913574,0.7311422377824783,0.574431300163269,0.5913090109825134,0.6438667595386505,0.19391364057229188,84.13661509711454,0
sample_002,low,19,870.0,653.0,288.4,438.1,0.4547826945781708,0.7273911535739899,0.5873231366276741,0.7814672887325287,0.7210080042481423,0.28311570073028447,620.0327168787144,0
sample_002,low,20,266.0,423.0,288.4,438.1,0.4546552896499634,0.7273271977901459,0.5504277236759663,0.5877769663929939,0.6361272104084492,0.17419098713768172,27.01425549594139,0
sample_002,low,21,331.0,438.0,288.4,438.1,0.4520362913608551,0.7260172516107559,0.6260803639888763,0.6299598962068558,0.6676069319248199,0.12728904116223047,42.60011737073035,0
sample_002,low,22,266.0,453.0,288.4,438.1,0.4506533741950989,0.7253274619579315,0.5607419684529305,0.5917058363556862,0.6389617130160332,0.16876759167565317,26.902973813316592,0
sample_002,low,23,914.0,759.0,288.4,438.1,0.44194620847702026,0.7209734320640564,0.6109791174530983,0.6069879084825516,0.6533803597092629,0.34530928165921054,703.1018205068168,0
sample_002,low,24,325.0,950.0,288.4,438.1,0.4405616819858551,0.7202819287776947,0.6262383908033371,0.6207997128367424,0.6616803348064423,0.3414125070936916,513.2067517092892,0
sample_002,low,25,266.0,501.0,288.4,438.1,0.4367784261703491,0.7183888554573059,0.5638569816946983,0.5842728465795517,0.6338360771536827,0.1654644977026794,66.76952897841946,0
sample_002,low,26,870.0,624.0,288.4,438.1,0.4341791272163391,0.7170897275209427,0.5709385499358177,0.7565290629863739,0.7036352261900902,0.2759311508329569,610.5877250649573,0
sample_002,low,27,616.0,719.0,288.4,438.1,0.4337630271911621,0.716881662607193,0.6089225634932518,0.6165486872196198,0.6551566526293755,0.17523840903181015,431.5397664178818,0
sample_002,low,28,914.0,682.0,288.4,438.1,0.43349483609199524,0.7167477011680603,0.5978516489267349,0.6012859493494034,0.6467837899923325,0.31978117518077886,671.4630071716535,0
sample_002,low,29,914.0,730.0,288.4,438.1,0.4332609474658966,0.7166303843259811,0.5904821828007698,0.598945289850235,0.6443267062306405,0.33488505490690385,690.348441006424,0
sample_002,low,30,616.0,681.0,288.4,438.1,0.4289539158344269,0.7144780904054642,0.624439001083374,0.6218094751238823,0.6594028264284134,0.15201480191086655,407.82615168721094,0
sample_003,low,1,148.0,545.0,149.2,544.8,0.9350230693817139,0.9675118327140808,0.6729459166526794,0.9406516253948212,0.8978545665740967,0.25092728030248124,1.2165525060596403,1
sample_003,low,2,76.0,545.0,149.2,544.8,0.882659375667572,0.9413296282291412,0.6453275084495544,0.8938168883323669,0.8631241083145142,0.30149709783014494,73.20027322353378,0
sample_003,low,3,197.0,545.0,149.2,544.8,0.8800564408302307,0.9400283396244049,0.6310342997312546,0.9036379158496857,0.8636733621358872,0.21660332407421634,47.800418408210625,0
sample_003,low,4,697.0,541.0,149.2,544.8,0.8300567865371704,0.9150285422801971,0.5448549501597881,0.8236173391342163,0.8044293425977231,0.14228492541376264,547.8131798341475,0
sample_003,low,5,649.0,541.0,149.2,544.8,0.8245081305503845,0.9122541844844818,0.5451713502407074,0.815867155790329,0.8002828061580658,0.1092748827498799,499.81444556955336,0
sample_003,low,6,794.0,541.0,149.2,544.8,0.8241887092590332,0.9120944142341614,0.5565596558153629,0.8139067888259888,0.8017124123871326,0.2099011672192415,644.81119717325,0
sample_003,low,7,746.0,541.0,149.2,544.8,0.8223492503166199,0.9111745655536652,0.5544322170317173,0.8180873394012451,0.8025912053883075,0.17634766797437385,596.8120977326113,0
sample_003,low,8,764.0,249.0,149.2,544.8,0.7730557918548584,0.8865281641483307,0.5557829178869724,0.7799146473407745,0.7777337081730367,0.257582025770433,682.2585140546066,0
sample_003,low,9,716.0,249.0,149.2,544.8,0.7680573463439941,0.8840288817882538,0.5566088743507862,0.77716463804245,0.7757991828024389,0.2341548632849636,639.3433193519737,0
sample_003,low,10,668.0,249.0,149.2,544.8,0.7662646174430847,0.883132815361023,0.5490728430449963,0.7721365690231323,0.7719223223626615,0.21357083134173543,597.2027126529148,0
sample_003,low,11,173.0,529.0,149.2,544.8,0.7450060248374939,0.8725036680698395,0.6072059646248817,0.7467252463102341,0.7691327586770058,0.232131428290096,28.567113959936503,0
sample_003,low,12,770.0,525.0,149.2,544.8,0.7438015937805176,0.8719005286693573,0.5921389535069466,0.7387215793132782,0.7626766338944435,0.19173549488814007,621.1156736067767,0
sample_003,low,13,124.0,529.0,149.2,544.8,0.74226313829422,0.8711320161819458,0.6126620322465897,0.7470649480819702,0.7698111921548844,0.26666177078839026,29.74357073385773,0
sample_003,low,14,722.0,525.0,149.2,544.8,0.7416716814041138,0.870835691690445,0.5995732694864273,0.7377456277608871,0.7633471816778183,0.15796993384818517,573.1421115220901,0
sample_003,low,15,674.0,525.0,149.2,544.8,0.7366161346435547,0.8683078587055206,0.5911810174584389,0.7319173663854599,0.75832629352808,0.12430004022525495,525.173380894348,0
sample_003,low,16,626.0,525.0,149.2,544.8,0.7203797698020935,0.8601902425289154,0.5830874741077423,0.7210044711828232,0.7490953803062439,0.09083226299063565,477.2109386843517,0
sample_003,low,17,692.0,233.0,149.2,544.8,0.7156516313552856,0.8578258454799652,0.582320548593998,0.718996211886406,0.7471929326653481,0.23254354430944754,625.9800955302013,0
sample_003,low,18,220.0,529.0,149.2,544.8,0.7088798880577087,0.8544404804706573,0.5934175252914429,0.730851486325264,0.7528002917766571,0.19904898894493286,72.54157428674952,0
sample_003,low,19,52.0,529.0,149.2,544.8,0.7085917592048645,0.8542967736721039,0.5998701229691505,0.7246248126029968,0.7515426591038704,0.317446845944325,98.47578382526335,0
sample_003,low,20,788.0,233.0,149.2,544.8,0.7080751061439514,0.8540377616882324,0.5823132619261742,0.7108602374792099,0.7424218520522118,0.27769857759808564,710.8337921061434,0
sample_003,low,21,644.0,233.0,149.2,544.8,0.7071943283081055,0.8535973429679871,0.5893260464072227,0.7143462151288986,0.7450426325201989,0.21450524469112636,584.8472279151197,0
sample_003,low,22,740.0,233.0,149.2,544.8,0.7017257213592529,0.8508627712726593,0.5739012360572815,0.700425535440445,0.7352955698966981,0.2538592129508007,668.0298496324846,0
sample_003,low,23,244.0,545.0,149.2,544.8,0.6998624205589294,0.84993115067482,0.5998130068182945,0.8015689551830292,0.7805626437067985,0.18379472244871448,94.8002109702294,0
sample_003,low,24,812.0,249.0,149.2,544.8,0.6698535084724426,0.8349270820617676,0.5513352900743484,0.7368015199899673,0.7389584988355637,0.2831474880693805,725.8109120149683,0
sample_003,low,25,620.0,249.0,149.2,544.8,0.6632787585258484,0.83163982629776,0.5310315694659948,0.7200360298156738,0.7268766563385725,0.19672442654637476,556.0128415783217,0
sample_003,low,26,602.0,541.0,149.2,544.8,0.6630279421806335,0.8315139710903168,0.5301963370293379,0.7485723048448563,0.7380737777799369,0.07773351915358008,452.8159449489384,0
sample_003,low,27,148.0,513.0,149.2,544.8,0.6585038304328918,0.8292522728443146,0.5698512569069862,0.688016951084137,0.7208779409527779,0.2490712749395241,31.82263345482264,0
sample_003,low,28,673.0,557.0,149.2,544.8,0.6584304571151733,0.8292156755924225,0.5688183531165123,0.7481899261474609,0.7447259113192559,0.1287982919141399,523.9420578651803,0
sample_003,low,29,770.0,557.0,149.2,544.8,0.6579177379608154,0.8289585709571838,0.5794261172413826,0.7464664429426193,0.7460552290081979,0.19512688179746018,620.919866005268,0
sample_003,low,30,698.0,413.0,149.2,544.8,0.6574360728263855,0.8287180960178375,0.5903815403580666,0.762681782245636,0.7546362593770027,0.15292645291119517,564.4047129498476,0
sample_004,low,1,223.0,669.0,223.7,669.3,0.926296055316925,0.9631481468677521,0.6709872931241989,0.9185889959335327,0.8868923157453538,0.2294449825121482,0.7615773105863625,1
sample_004,low,2,223.0,708.0,223.7,669.3,0.9185024499893188,0.9592510461807251,0.6955911666154861,0.9126610159873962,0.8878830581903459,0.24494182982904328,38.70633023163012,0
sample_004,low,3,223.0,631.0,223.7,669.3,0.8917094469070435,0.9458545744419098,0.6409475803375244,0.8785711526870728,0.8579598069190979,0.21666794871415568,38.306396332727466,0
sample_004,low,4,814.0,105.0,223.7,669.3,0.88763028383255,0.9438156187534332,0.6541194170713425,0.8777174949645996,0.8594371289014817,0.3568059696810018,816.6324632293281,0
sample_004,low,5,223.0,766.0,223.7,669.3,0.8822412490844727,0.9411203861236572,0.6380567401647568,0.8699744343757629,0.8520492762327194,0.27155570330965245,96.70253357591004,0
sample_004,low,6,814.0,163.0,223.7,669.3,0.880129873752594,0.9400643706321716,0.654744029045105,0.8728087842464447,0.8560980677604675,0.32570308564703526,777.6848847701747,0
sample_004,low,7,526.0,456.0,223.7,669.3,0.8771165013313293,0.9385585188865662,0.6633859276771545,0.8706911504268646,0.8563770532608033,0.0361386219991853,369.9759181352213,0
sample_004,low,8,526.0,398.0,223.7,669.3,0.8748648166656494,0.937431812286377,0.6470678746700287,0.8695936799049377,0.8522237718105317,0.07443117626371357,406.1883553229954,0
sample_004,low,9,526.0,495.0,223.7,669.3,0.8746820688247681,0.9373406767845154,0.6773243099451065,0.8668739497661591,0.8571507126092912,0.018721645226849055,348.94953789910653,0
sample_004,low,10,814.0,66.0,223.7,669.3,0.8685417175292969,0.9342707991600037,0.6247553825378418,0.8491330444812775,0.8383126139640809,0.37878225935225635,844.0527116241022,0
sample_004,low,11,799.0,192.0,223.7,669.3,0.8555026650428772,0.9277515709400177,0.7018416225910187,0.8609943687915802,0.855866700410843,0.30353335895746286,747.519484695884,0
sample_004,low,12,526.0,360.0,223.7,669.3,0.8553337454795837,0.9276657104492188,0.6486121863126755,0.8438964784145355,0.8383473128080369,0.100687635785135,432.49483233906966,0
sample_004,low,13,799.0,134.0,223.7,669.3,0.8517897725105286,0.9258946180343628,0.6748038530349731,0.8522136211395264,0.8462040662765504,0.33418333291772645,785.8219772951122,0
sample_004,low,14,511.0,427.0,223.7,669.3,0.8512115478515625,0.9256061911582947,0.6485104709863663,0.8632729649543762,0.8452537566423417,0.052201532544552745,375.8331810790527,0
sample_004,low,15,222.0,804.0,223.7,669.3,0.8388311266899109,0.9194159209728241,0.6380847692489624,0.8479704260826111,0.8345714926719666,0.2912902332725901,134.7107271155494,0
sample_004,low,16,79.0,669.0,223.7,669.3,0.8329736590385437,0.9164870381355286,0.6517610251903534,0.815392792224884,0.8231041371822357,0.32078185734233783,144.70031098791736,0
sample_004,low,17,79.0,708.0,223.7,669.3,0.8318289518356323,0.9159142673015594,0.6829578131437302,0.8186779320240021,0.8304284423589707,0.3320429189126008,149.7857803664954,0
sample_004,low,18,655.0,76.0,223.7,669.3,0.831684947013855,0.9158419370651245,0.6787548810243607,0.8100095689296722,0.8260915786027909,0.3192185771536487,733.5015882736724,0
sample_004,low,19,727.0,163.0,223.7,669.3,0.8303179144859314,0.9151586294174194,0.6849872767925262,0.8190169632434845,0.8306676924228669,0.28731341771661134,713.8981580029465,0
sample_004,low,20,194.0,669.0,223.7,669.3,0.830010175704956,0.9150058627128601,0.6678477227687836,0.8219414055347443,0.8283484518527985,0.24718110769231535,29.70151511286923,0
sample_004,low,21,425.0,485.0,223.7,669.3,0.8296914100646973,0.9148449003696442,0.6701791733503342,0.8096403181552887,0.82382992208004,0.054083269131959835,272.92522785554286,0
sample_004,low,22,655.0,134.0,223.7,669.3,0.829627275466919,0.9148131608963013,0.6706365793943405,0.8108188211917877,0.8243801087141037,0.2810524862014211,687.4342004875812,0
sample_004,low,23,353.0,456.0,223.7,669.3,0.8283286094665527,0.9141644239425659,0.6761683970689774,0.8139854073524475,0.8264936119318009,0.1085011520676163,249.43011045180566,0
sample_004,low,24,727.0,105.0,223.7,669.3,0.8281440734863281,0.9140723049640656,0.6615731567144394,0.8066792786121368,0.8206152647733689,0.3221443775700578,756.1384661555051,0
sample_004,low,25,425.0,427.0,223.7,669.3,0.8280096054077148,0.9140045344829559,0.6659094244241714,0.8073781132698059,0.8217349439859392,0.07400675644831355,315.00949192048165,0
sample_004,low,26,151.0,679.0,223.7,669.3,0.8278873562812805,0.9139435589313507,0.7083123475313187,0.8253379762172699,0.837375083565712,0.2773463538610162,73.34425676220326,0
sample_004,low,27,497.0,495.0,223.7,669.3,0.8277170062065125,0.913858562707901,0.6945943236351013,0.8193911015987396,0.8322187304496766,0.00412310562561766,324.1502429429908,0
sample_004,low,28,497.0,456.0,223.7,669.3,0.8274092078208923,0.9137049913406372,0.6820286065340042,0.8185691237449646,0.8293153673410416,0.03118493225902535,346.68397713191183,0
sample_004,low,29,468.0,456.0,223.7,669.3,0.8267714977264404,0.9133855700492859,0.6783453673124313,0.8093228936195374,0.8247524589300156,0.03847076812334269,324.31370615501277,0
sample_004,low,30,353.0,398.0,223.7,669.3,0.8267703652381897,0.9133847653865814,0.6650561392307281,0.8184353709220886,0.8257392823696137,0.12651679730375726,300.53648696955247,0
sample_005,low,1,690.0,57.0,690.1,56.9,0.8874932527542114,0.9437462687492371,0.7681740820407867,0.8695449829101562,0.8789513170719148,0.34084380587007884,0.1414213562373266,1
sample_005,low,2,633.0,57.0,690.1,56.9,0.8618873357772827,0.9309435784816742,0.7509934902191162,0.839648962020874,0.8584357142448427,0.32706115636070265,57.10008756560714,0
sample_005,low,3,791.0,57.0,690.1,56.9,0.8471555113792419,0.9235773980617523,0.7248495370149612,0.8352189660072327,0.8484884530305863,0.37478660595063956,100.90004955400168,0
sample_005,low,4,402.0,207.0,690.1,56.9,0.8385685086250305,0.9192855954170227,0.7033259123563766,0.8053522408008575,0.8305203169584274,0.21846395583711284,324.8563066957451,0
sample_005,low,5,395.0,67.0,690.1,56.9,0.837585985660553,0.9187926352024078,0.7140648812055588,0.8130042254924774,0.8355317205190659,0.3150507895562238,295.272789128968,0
sample_005,low,6,719.0,57.0,690.1,56.9,0.836961030960083,0.9184806644916534,0.7263808697462082,0.8207174837589264,0.8409554332494736,0.3494352586674676,28.900173009862737,0
sample_005,low,7,352.0,67.0,690.1,56.9,0.835999608039856,0.917999804019928,0.715040847659111,0.808982789516449,0.8338012069463732,0.32356838535308113,338.2508240936007,0
sample_005,low,8,431.0,120.0,690.1,56.9,0.8350295424461365,0.9175147712230682,0.6939913034439087,0.790695458650589,0.8220823526382447,0.2730943060556188,266.67287076116315,0
sample_005,low,9,431.0,207.0,690.1,56.9,0.833289623260498,0.916645348072052,0.6994697600603104,0.7962266802787781,0.8250427633523942,0.2128497122384712,299.43750600083484,0
sample_005,low,10,474.0,207.0,690.1,56.9,0.830929696559906,0.9154662489891052,0.6915701031684875,0.7979307770729065,0.8236728310585022,0.2079963941995149,263.11446178422045,0
sample_005,low,11,402.0,120.0,690.1,56.9,0.830095648765564,0.9150472283363342,0.6945108324289322,0.7912640869617462,0.8214266926050187,0.27749234223668223,294.9291779393826,0
sample_005,low,12,697.0,197.0,690.1,56.9,0.8293994069099426,0.9147001504898071,0.6992405951023102,0.794140636920929,0.8233844339847565,0.2555562560376873,140.26981143496272,0
sample_005,low,13,359.0,207.0,690.1,56.9,0.8268086910247803,0.9134049117565155,0.7011183649301529,0.798049807548523,0.824805560708046,0.2299239004540415,363.53434500745595,0
sample_005,low,14,424.0,67.0,690.1,56.9,0.8261858224868774,0.9130928218364716,0.6986238360404968,0.801311731338501,0.8254865884780884,0.31085768447957013,266.29160707765465,0
sample_005,low,15,359.0,120.0,690.1,56.9,0.8256506323814392,0.9128254652023315,0.6899000257253647,0.7879844903945923,0.8183039873838425,0.28660163991156784,337.0590749408774,0
sample_005,low,16,467.0,67.0,690.1,56.9,0.8245340585708618,0.9122667610645294,0.7074453979730606,0.8054086267948151,0.82855923473835,0.30706513966909366,223.3285024353139,0
sample_005,low,17,474.0,120.0,690.1,56.9,0.8220775127410889,0.9110389649868011,0.6874096691608429,0.781602531671524,0.8145385324954987,0.2693287953413077,225.12401026989548,0
sample_005,low,18,431.0,178.0,690.1,56.9,0.8216356039047241,0.910817563533783,0.6712218075990677,0.7704966962337494,0.8067700654268265,0.2328572524101407,286.00353144672886,0
sample_005,low,19,496.0,67.0,690.1,56.9,0.8215022087097168,0.9107506573200226,0.701842725276947,0.8012292683124542,0.8251605153083801,0.30619030030358574,194.36259928288678,0
sample_005,low,20,402.0,178.0,690.1,56.9,0.8214326500892639,0.9107156991958618,0.6707884818315506,0.7737953364849091,0.8079621106386186,0.238,312.5169115423996,0
sample_005,low,21,654.0,197.0,690.1,56.9,0.8162592053413391,0.9081297814846039,0.6855054050683975,0.7850241959095001,0.8143626719713211,0.2403383032310913,144.6762592825789,0
sample_005,low,22,431.0,91.0,690.1,56.9,0.8150203824043274,0.9075110554695129,0.6819111257791519,0.7724006474018097,0.8083469063043595,0.29329336848964044,261.33430697097543,0
sample_005,low,23,395.0,96.0,690.1,56.9,0.8129639625549316,0.9064818024635315,0.6767040640115738,0.7650471925735474,0.8039524108171464,0.295161820024203,297.6790553599632,0
sample_005,low,24,359.0,178.0,690.1,56.9,0.8127356171607971,0.906366765499115,0.663572758436203,0.767281174659729,0.8021737277507783,0.2485608577391058,352.5513012314662,0
sample_005,low,25,474.0,178.0,690.1,56.9,0.8125375509262085,0.9062685668468475,0.6620181649923325,0.7649474143981934,0.8008900254964828,0.2284294201717458,247.71842886632396,0
sample_005,low,26,762.0,57.0,690.1,56.9,0.8098859190940857,0.9049423336982727,0.7016376554965973,0.8031491637229919,0.8235641300678254,0.36393199914269697,71.90006954099556,0
sample_005,low,27,690.0,153.0,690.1,56.9,0.8093981742858887,0.9046988785266876,0.694251224398613,0.789105087518692,0.8163718312978745,0.2797400579109113,96.10005202912222,0
sample_005,low,28,643.0,924.0,690.1,56.9,0.8082051873207092,0.9041039049625397,0.6659876108169556,0.7669849991798401,0.8016330838203432,0.3164055941351227,868.3782701104399,0
sample_005,low,29,460.0,91.0,690.1,56.9,0.8041132092475891,0.902057021856308,0.6710845828056335,0.7591014206409454,0.7986802935600281,0.29058647594132797,232.6130262904466,0
sample_005,low,30,431.0,149.0,690.1,56.9,0.7991654872894287,0.8995826244354248,0.6564840376377106,0.7474808394908905,0.7901221930980683,0.2529446579787761,274.98221760688455,0
sample_006,low,1,514.0,904.0,515.3,903.8,0.9253496527671814,0.9626749753952026,0.7006099820137024,0.9445615410804749,0.9030166029930116,0.28584261403786526,1.3152946437965525,1
sample_006,low,2,800.0,608.0,515.3,903.8,0.8651348352432251,0.9325671494007111,0.6244032680988312,0.8753393292427063,0.8480432450771332,0.22545953073667124,410.55052064270967,0
sample_006,low,3,398.0,904.0,515.3,903.8,0.8583807945251465,0.929190456867218,0.6884404569864273,0.8887834846973419,0.8648776680231095,0.2946353678701863,117.30017050285984,0
sample_006,low,4,369.0,904.0,515.3,903.8,0.8571040034294128,0.9285522699356079,0.6869457513093948,0.8891159296035767,0.8644564300775528,0.30031400233755334,146.30013670533594,0
sample_006,low,5,456.0,904.0,515.3,903.8,0.8560145497322083,0.9280070960521698,0.6907672435045242,0.8893106579780579,0.8650805503129959,0.28736040089058895,59.30033726716902,0
sample_006,low,6,340.0,904.0,515.3,903.8,0.8522154688835144,0.9261075258255005,0.6785585731267929,0.8856432735919952,0.8604120343923569,0.3072588485300301,175.30011409009404,0
sample_006,low,7,427.0,904.0,515.3,903.8,0.8500057458877563,0.9250032901763916,0.6853902041912079,0.8813835680484772,0.8596327841281891,0.2902972614407514,88.30022650027571,0
sample_006,low,8,485.0,904.0,515.3,903.8,0.8493067622184753,0.9246534109115601,0.6783677488565445,0.879942774772644,0.8575120240449905,0.2858679765206309,30.300660058817154,0
sample_006,low,9,210.0,610.0,515.3,903.8,0.8266577124595642,0.9133287370204926,0.6128383278846741,0.8352101445198059,0.8219832181930542,0.2193171219946131,423.7057115498916,0
sample_006,low,10,771.0,608.0,515.3,903.8,0.8178716897964478,0.9089355766773224,0.6178100481629372,0.8427393436431885,0.8242319777607918,0.20628257318542445,390.9988874664479,0
sample_006,low,11,181.0,610.0,515.3,903.8,0.8175904750823975,0.9087949097156525,0.618276447057724,0.8405446112155914,0.8233910977840424,0.23860113159832244,445.0560975877085,0
sample_006,low,12,685.0,608.0,515.3,903.8,0.8172182440757751,0.9086086750030518,0.6284614354372025,0.8441583514213562,0.8267990976572037,0.1514744202827659,341.0215975565184,0
sample_006,low,13,656.0,608.0,515.3,903.8,0.81374591588974,0.9068726301193237,0.6313768476247787,0.851789653301239,0.8297402828931808,0.13416407864998736,327.5578269557911,0
sample_006,low,14,152.0,610.0,515.3,903.8,0.8124338984489441,0.9062165319919586,0.6161381006240845,0.8309613466262817,0.8180987715721131,0.25807363290347973,467.23155929367607,0
sample_006,low,15,714.0,608.0,515.3,903.8,0.8107469081878662,0.9053730368614197,0.6231790110468864,0.8484218716621399,0.8261537656188012,0.16949926253526884,356.3415917346725,0
sample_006,low,16,123.0,610.0,515.3,903.8,0.8099073767662048,0.9049534201622009,0.6021728515625,0.8257977664470673,0.8127350449562073,0.27769497654801034,490.12011793028853,0
sample_006,low,17,94.0,610.0,515.3,903.8,0.8053504228591919,0.9026748538017273,0.5883904695510864,0.8198020160198212,0.8066688418388367,0.2974357073385776,513.6264498641011,0
sample_006,low,18,66.0,610.0,515.3,903.8,0.8047749400138855,0.9023871123790741,0.5976985096931458,0.8325952291488647,0.8135326385498047,0.3165880604192141,536.8323108755657,0
sample_006,low,19,742.0,608.0,515.3,903.8,0.8036309480667114,0.901815265417099,0.600487157702446,0.8275368213653564,0.8118382662534714,0.18738729946290383,372.6801980250628,0
sample_006,low,20,627.0,608.0,515.3,903.8,0.7852759957313538,0.8926376402378082,0.6040620729327202,0.8183881640434265,0.805222736299038,0.11788341698474812,316.1874918462145,0
sample_006,low,21,224.0,696.0,515.3,903.8,0.7817257046699524,0.8908628225326538,0.6612503379583359,0.8161123394966125,0.8150401324033738,0.23936582880603488,357.8219249850405,0
sample_006,low,22,224.0,754.0,515.3,903.8,0.7803952097892761,0.8901979923248291,0.6533695608377457,0.8063287138938904,0.809284594655037,0.26522820362849797,327.5602692635356,0
sample_006,low,23,224.0,792.0,515.3,903.8,0.7750983238220215,0.8875483274459839,0.6301712691783905,0.8060628473758698,0.8034787237644196,0.2841126537132762,312.017515533984,0
sample_006,low,24,800.0,665.0,515.3,903.8,0.7721846699714661,0.8860924541950226,0.643328458070755,0.7969163358211517,0.8018692076206207,0.24210018587353457,371.5905407838041,0
sample_006,low,25,800.0,780.0,515.3,903.8,0.7712636590003967,0.8856316208839417,0.6549097001552582,0.7963544130325317,0.803776353597641,0.29017236257093815,310.45213801808484,0
sample_006,low,26,514.0,943.0,515.3,903.8,0.767059862613678,0.8835307657718658,0.610904261469841,0.785828173160553,0.7899244278669357,0.3134046904562853,39.221550198838436,0
sample_006,low,27,799.0,200.0,515.3,903.8,0.7665888667106628,0.8832952082157135,0.6504318118095398,0.7842531502246857,0.7971057057380677,0.29950041736197963,758.8281294206218,0
sample_006,low,28,800.0,104.0,515.3,903.8,0.7625930309295654,0.8812966346740723,0.6525366604328156,0.7843306064605713,0.7967582285404207,0.3512947480393067,848.9606174611399,0
sample_006,low,29,224.0,638.0,515.3,903.8,0.7593489289283752,0.8796741366386414,0.5896178856492043,0.7780178785324097,0.7810003831982613,0.21819715855161817,394.3416412198944,0
sample_006,low,30,800.0,742.0,515.3,903.8,0.7545325756072998,0.8772663176059723,0.6172245815396309,0.7577150464057922,0.7774374619126321,0.2725472436110848,327.4650057639748,0
sample_007,low,1,300.0,163.0,300.1,162.7,0.9334507584571838,0.9667259156703949,0.6586475521326065,0.9365587532520294,0.893043377995491,0.2771001623961992,0.3162277660168559,1
sample_007,low,2,300.0,67.0,300.1,162.7,0.9236168265342712,0.9618078768253326,0.6377707719802856,0.9267109334468842,0.8829616785049439,0.33726028523975365,95.7000522465897,0
sample_007,low,3,300.0,115.0,300.1,162.7,0.9109771251678467,0.9554887115955353,0.6146689802408218,0.9085334837436676,0.8685426741838456,0.30677760674469057,47.70010482168775,0
sample_007,low,4,300.0,211.0,300.1,162.7,0.8925557136535645,0.9462783336639404,0.6078444346785545,0.8880304992198944,0.8552924200892449,0.24851659904320272,48.300103519557815,0
sample_007,low,5,598.0,769.0,300.1,162.7,0.780324399471283,0.8901614546775818,0.5674451738595963,0.8035553395748138,0.7909757524728775,0.2024413495311667,675.5324566591896,0
sample_007,low,6,894.0,357.0,300.1,162.7,0.7784274816513062,0.889214277267456,0.5841142162680626,0.7725864350795746,0.7815431281924248,0.2963823544005277,624.8757476490825,0
sample_007,low,7,598.0,721.0,300.1,162.7,0.7710174322128296,0.8855093121528625,0.5737359970808029,0.7975407540798187,0.7879672259092332,0.170945897874152,632.8058944099682,0
sample_007,low,8,599.0,649.0,300.1,162.7,0.7709239721298218,0.8854621350765228,0.5750160068273544,0.7838436961174011,0.7827255338430406,0.12649505919204906,570.8142429897839,0
sample_007,low,9,894.0,405.0,300.1,162.7,0.7638362050056458,0.8819182217121124,0.5520399883389473,0.754532516002655,0.7649882927536964,0.28658419356272946,641.4253658844495,0
sample_007,low,10,894.0,453.0,300.1,162.7,0.7618675231933594,0.8809341192245483,0.5579878091812134,0.7558712959289551,0.7663197278976441,0.280575301835354,661.0531748656836,0
sample_007,low,11,894.0,501.0,300.1,162.7,0.7595677971839905,0.8797842860221863,0.5568788088858128,0.7541136145591736,0.7649349220097066,0.2786009691296855,683.4940380135001,0
sample_007,low,12,877.0,935.0,300.1,162.7,0.7466757893562317,0.8733384013175964,0.5840151682496071,0.8116264045238495,0.7907889559864998,0.40703439658092777,963.981794433899,0
sample_007,low,13,408.0,163.0,300.1,162.7,0.7227418422698975,0.8613710105419159,0.5975587666034698,0.7417254149913788,0.7607503235340118,0.24701518171966674,107.90041705202067,0
sample_007,low,14,336.0,163.0,300.1,162.7,0.7171879410743713,0.8585941195487976,0.6014522686600685,0.7210005074739456,0.752128304541111,0.2650141505655877,35.901253460011645,0
sample_007,low,15,444.0,163.0,300.1,162.7,0.7147947549819946,0.8573975563049316,0.5945936143398285,0.7431062906980515,0.759120261669159,0.24156262128069397,143.90031271682489,0
sample_007,low,16,725.0,637.0,300.1,162.7,0.7127391695976257,0.8563699722290039,0.6042416766285896,0.7368242740631104,0.7581260338425637,0.18627130750601392,636.7892115920307,0
sample_007,low,17,408.0,67.0,300.1,162.7,0.7114362716674805,0.8557178974151611,0.5926798433065414,0.7362599968910217,0.7553271263837815,0.3130119806013821,144.225171173412,0
sample_007,low,18,462.0,79.0,300.1,162.7,0.7104090452194214,0.8552046120166779,0.6003823354840279,0.7450243383646011,0.7601680472493172,0.29890215790455577,182.25613844257754,0
sample_007,low,19,761.0,685.0,300.1,162.7,0.7098923325538635,0.8549470901489258,0.616902120411396,0.7343632727861404,0.7591045692563058,0.2262144999773445,696.5817252842627,0
sample_007,low,20,761.0,637.0,300.1,162.7,0.7097477316856384,0.854874461889267,0.605714313685894,0.7343316972255707,0.756825326383114,0.2084346420343797,661.3541411377115,0
sample_007,low,21,408.0,115.0,300.1,162.7,0.7090941667556763,0.8545475602149963,0.5829441174864769,0.7257789522409439,0.7487194284796715,0.27990087531124297,117.97330206449251,0
sample_007,low,22,949.0,935.0,300.1,162.7,0.7088712453842163,0.8544361591339111,0.6007000207901001,0.7361144572496414,0.7563602507114411,0.4420554263890446,1008.721220159465,0
sample_007,low,23,653.0,637.0,300.1,162.7,0.7074365615844727,0.853718638420105,0.5866803303360939,0.7288110256195068,0.7503479316830636,0.1452205219657332,591.1843198191237,0
sample_007,low,24,707.0,721.0,300.1,162.7,0.7063985466957092,0.8531993925571442,0.5899280160665512,0.7312146425247192,0.7517512172460556,0.21411445537375562,690.8447727239455,0
sample_007,low,25,706.0,769.0,300.1,162.7,0.7063231468200684,0.8531611561775208,0.5727960839867592,0.7411478012800217,0.7522827997803689,0.2395798405542503,729.6262741979622,0
sample_007,low,26,462.0,127.0,300.1,162.7,0.7060365676879883,0.853018581867218,0.581402488052845,0.7389576882123947,0.7530710056424141,0.2651160123417671,165.7893241436251,0
sample_007,low,27,689.0,637.0,300.1,162.7,0.7051687240600586,0.8525848686695099,0.6090753674507141,0.7393609434366226,0.7585933983325959,0.1650605949341029,613.3544652156696,0
sample_007,low,28,408.0,210.0,300.1,162.7,0.7051220536231995,0.8525605201721191,0.5919677466154099,0.7140989601612091,0.7450573414564133,0.21513251730038394,117.8121385936101,0
sample_007,low,29,671.0,721.0,300.1,162.7,0.7048916220664978,0.8524459600448608,0.5973322242498398,0.7264747023582458,0.7510347098112107,0.19758795509848262,670.2728548882163,0
sample_007,low,30,725.0,685.0,300.1,162.7,0.704155445098877,0.8520786166191101,0.6099943518638611,0.7280068099498749,0.7540330410003663,0.2059732992404598,673.3032749066351,0
sample_008,low,1,586.0,289.0,586.9,289.5,0.8798317313194275,0.9399157166481018,0.6221595853567123,0.9136528670787811,0.8658593505620957,0.16111641753713368,1.0295630140986802,1
sample_008,low,2,586.0,328.0,586.9,289.5,0.5810508728027344,0.7905256450176239,0.5633481368422508,0.7055715024471283,0.7111084863543511,0.1359779393872403,38.51051804377604,0
sample_008,low,3,586.0,462.0,586.9,289.5,0.5656230449676514,0.7828114926815033,0.5968953967094421,0.757906049489975,0.7356660962104797,0.06648308055437865,172.50234781010954,0
sample_008,low,4,586.0,500.0,586.9,289.5,0.5627402663230896,0.781370609998703,0.5710126832127571,0.7410726100206375,0.7231798246502876,0.06081118318204309,210.50192398170617,0
sample_008,low,5,586.0,366.0,586.9,289.5,0.5586032271385193,0.7793011963367462,0.5657585710287094,0.7482244670391083,0.7241619795560837,0.11258774356030055,76.50529393447228,0
sample_008,low,6,759.0,290.0,586.9,289.5,0.5549221038818359,0.7774614095687866,0.5610218122601509,0.7528309226036072,0.7243212953209878,0.23577637710339006,172.10072632037324,0
sample_008,low,7,586.0,424.0,586.9,289.5,0.5522041320800781,0.7761021554470062,0.5848743170499802,0.7639751732349396,0.7330057948827744,0.08115417426109392,134.50301111871065,0
sample_008,low,8,716.0,290.0,586.9,289.5,0.5358210206031799,0.7679104208946228,0.5589318796992302,0.7347359359264374,0.7128449186682702,0.21302112571292076,129.1009682380423,0
sample_008,low,9,673.0,290.0,586.9,289.5,0.5355966687202454,0.767798513174057,0.5584023110568523,0.7466225475072861,0.7174488864839077,0.19239152787999786,86.10145178799254,0
sample_008,low,10,629.0,290.0,586.9,289.5,0.5175136923789978,0.7587573230266571,0.547119814902544,0.7208830416202545,0.7012801088392735,0.17427134015666487,42.102969016448256,0
sample_008,low,11,802.0,290.0,586.9,289.5,0.4758460521697998,0.7379230409860611,0.5389782637357712,0.6932695508003235,0.6802726894617082,0.26009998077662366,215.10058112427313,0
sample_008,low,12,303.0,297.0,586.9,289.5,0.4716380834579468,0.7358193546533585,0.543942254036665,0.731912150979042,0.6958810530602932,0.20002249873451736,283.99904929418335,0
sample_008,low,13,876.0,72.0,586.9,289.5,0.45031505823135376,0.7251579165458679,0.5410067439079285,0.7081010639667511,0.6815049409866334,0.40283991857808726,361.7804030071281,0
sample_008,low,14,876.0,130.0,586.9,289.5,0.4502379596233368,0.7251191437244415,0.5447896718978882,0.7200264781713486,0.6870161831378937,0.37301206414806476,330.1803446603083,0
sample_008,low,15,876.0,188.0,586.9,289.5,0.4364285469055176,0.7182141095399857,0.5415590144693851,0.7128681391477585,0.6807447023689748,0.3454851661070269,306.40016318533515,0
sample_008,low,16,289.0,326.0,586.9,289.5,0.4212338924407959,0.7106168121099472,0.5431292057037354,0.6470598429441452,0.651696503162384,0.19338691786157614,300.12773947104586,0
sample_008,low,17,289.0,479.0,586.9,289.5,0.4101920425891876,0.7050962746143341,0.5407824441790581,0.6957137584686279,0.6684805020689965,0.14993665329064804,353.0646682974664,0
sample_008,low,18,572.0,395.0,586.9,289.5,0.4024103283882141,0.701204851269722,0.5413225181400776,0.6375395655632019,0.6437622703611852,0.09002499652874195,106.54698494091701,0
sample_008,low,19,891.0,159.0,586.9,289.5,0.40207430720329285,0.701037660241127,0.5503503195941448,0.675816148519516,0.6608115874230862,0.3668528315278485,330.9185096062171,0
sample_008,low,20,289.0,441.0,586.9,289.5,0.4012170433998108,0.7006081491708755,0.5610033087432384,0.6997699439525604,0.6723518989980222,0.15492256130079957,334.2105025279726,0
sample_008,low,21,289.0,364.0,586.9,289.5,0.3964773118495941,0.6982392221689224,0.5336626768112183,0.6839612722396851,0.6596127331256867,0.1775063379150164,307.0743558163071,0
sample_008,low,22,461.0,288.0,586.9,289.5,0.3964424133300781,0.69822096824646,0.49631864996626973,0.644880086183548,0.6365041517652572,0.15242211125686456,125.90893534614608,0
sample_008,low,23,318.0,326.0,586.9,289.5,0.3919505774974823,0.6959754824638367,0.5556276179850101,0.579367108643055,0.6212625600397587,0.17804493814764855,271.3659153246774,0
sample_008,low,24,891.0,101.0,586.9,289.5,0.39192822575569153,0.6959640085697174,0.5544223301112652,0.6703362911939621,0.6574045859277249,0.39502025264535484,357.7835379108435,0
sample_008,low,25,601.0,395.0,586.9,289.5,0.38890576362609863,0.6944531798362732,0.547829519957304,0.6502740681171417,0.6474568031728268,0.1030194156457898,106.43805710365068,0
sample_008,low,26,289.0,402.0,586.9,289.5,0.38466522097587585,0.6923329085111618,0.5269053541123867,0.6822696477174759,0.6552220933139324,0.164506838763621,318.4347028827103,0
sample_008,low,27,404.0,287.0,586.9,289.5,0.38185209035873413,0.6909264028072357,0.5395221672952175,0.6855910867452621,0.6585114292800427,0.16520441882710038,182.9170850412831,0
sample_008,low,28,332.0,297.0,586.9,289.5,0.38042742013931274,0.6902141720056534,0.543798141181469,0.650312140583992,0.644970153272152,0.18632364315888628,255.0103135169242,0
sample_008,low,29,615.0,328.0,586.9,289.5,0.3799375891685486,0.6899694353342056,0.5456321313977242,0.5645010769367218,0.6109146311879158,0.14630276825815702,47.66403256125106,0
sample_008,low,30,375.0,287.0,586.9,289.5,0.36539897322654724,0.6826997995376587,0.5456760227680206,0.6931455582380295,0.6594733476638794,0.1746339027795004,211.91474700926312,0
sample_009,low,1,779.0,716.0,707.9,706.5,0.9250007271766663,0.9624999463558197,0.7467956990003586,0.905385434627533,0.8965132921934129,0.249496492961324,71.73186181885985,0
sample_009,low,2,707.0,649.0,707.9,706.5,0.9234399795532227,0.9617196321487427,0.7107269018888474,0.8976592421531677,0.8858969300985335,0.18034688796871431,57.5070430469173,0
sample_009,low,3,635.0,716.0,707.9,706.5,0.9224117994308472,0.961205929517746,0.748366117477417,0.8989674746990204,0.8937425851821901,0.18011246486570548,73.51639272978508,0
sample_009,low,4,721.0,716.0,707.9,706.5,0.921998143196106,0.9609999358654022,0.7462404072284698,0.8992236852645874,0.8933375298976899,0.21851430159145188,16.182088863926083,0
sample_009,low,5,779.0,678.0,707.9,706.5,0.9219014048576355,0.9609503746032715,0.7725317478179932,0.8986746668815613,0.8983563661575318,0.2340138884767312,76.5993472557045,0
sample_009,low,6,154.0,672.0,707.9,706.5,0.919998288154602,0.9599989950656891,0.7515206634998322,0.8956457674503326,0.8925620377063752,0.273221521846285,554.9733867493106,0
sample_009,low,7,750.0,716.0,707.9,706.5,0.9199629426002502,0.9599819481372833,0.7463113069534302,0.894114762544632,0.8909009456634522,0.23361934851377356,43.15854492449904,0
sample_009,low,8,721.0,678.0,707.9,706.5,0.918062150478363,0.9590309262275696,0.7616595923900604,0.8916100561618805,0.8925883114337922,0.20065517685821113,31.366542684841768,0
sample_009,low,9,635.0,678.0,707.9,706.5,0.9176070094108582,0.9588034749031067,0.7558738887310028,0.8903424739837646,0.8908331573009491,0.15796993384818517,78.27298384500234,0
sample_009,low,10,707.0,745.0,707.9,706.5,0.9175367951393127,0.9587685167789459,0.7167106568813324,0.8911326229572296,0.8833025872707367,0.2267972662974578,38.51051804377604,0
sample_009,low,11,750.0,678.0,707.9,706.5,0.917099118232727,0.9585493803024292,0.757651299238205,0.8876595795154572,0.8900138437747955,0.21700691233230335,50.839551532247036,0
sample_009,low,12,82.0,643.0,707.9,706.5,0.9162759780883789,0.9581377506256104,0.7326557636260986,0.8991447687149048,0.8894441604614258,0.3123883800655844,629.1129151432198,0
sample_009,low,13,641.0,403.0,707.9,706.5,0.9152576923370361,0.9576289355754852,0.7090836316347122,0.883698582649231,0.8783477336168289,0.12101652779682617,310.7858748398968,0
sample_009,low,14,197.0,643.0,707.9,706.5,0.9140169620513916,0.9570088684558868,0.7292128056287766,0.8903824687004089,0.8847990959882737,0.2369155967850154,514.8310985167853,0
sample_009,low,15,678.0,649.0,707.9,706.5,0.9127582907676697,0.9563793540000916,0.6989821493625641,0.8844499588012695,0.8761281549930573,0.16414170707044567,64.80941289658469,0
sample_009,low,16,692.0,716.0,707.9,706.5,0.9124085903167725,0.9562045633792877,0.7344408929347992,0.8897733688354492,0.8852793514728546,0.20435263639111678,18.521878954360954,0
sample_009,low,17,670.0,403.0,707.9,706.5,0.9121790528297424,0.9560900330543518,0.6982896625995636,0.8756237030029297,0.8723434269428254,0.13839978323682445,305.85725428702847,0
sample_009,low,18,111.0,643.0,707.9,706.5,0.9114087820053101,0.9557043313980103,0.715300977230072,0.8827740550041199,0.8784515500068665,0.29306142700805915,600.2681567433009,0
sample_009,low,19,742.0,374.0,707.9,706.5,0.911141037940979,0.9555709958076477,0.6971470266580582,0.8815905451774597,0.8742940217256546,0.1929248558377069,334.24401266140876,0
sample_009,low,20,736.0,649.0,707.9,706.5,0.9100597500801086,0.9550296664237976,0.6826783120632172,0.8776033520698547,0.8695888698101044,0.19735374331387787,63.998906240653845,0
sample_009,low,21,649.0,649.0,707.9,706.5,0.9085782766342163,0.9542890191078186,0.7023420631885529,0.8827846050262451,0.8752978622913361,0.149,82.31318241934275,0
sample_009,low,22,692.0,678.0,707.9,706.5,0.9083168506622314,0.9541584849357605,0.7440155297517776,0.8808567821979523,0.8828092128038407,0.18513238506539045,32.63525700833378,0
sample_009,low,23,678.0,745.0,707.9,706.5,0.9081630110740662,0.9540818333625793,0.7050369381904602,0.8783056437969208,0.8739623785018922,0.21413663862123172,48.746897337163915,0
sample_009,low,24,765.0,649.0,707.9,706.5,0.9078853130340576,0.9539426267147064,0.6850941032171249,0.8756431341171265,0.8688531249761582,0.2149720912118594,81.03493073977421,0
sample_009,low,25,713.0,374.0,707.9,706.5,0.9077150821685791,0.9538579285144806,0.6905019879341125,0.8769939541816711,0.8704411506652833,0.1749928569970786,332.53911048175974,0
sample_009,low,26,183.0,672.0,707.9,706.5,0.9072158336639404,0.9536077082157135,0.7377237528562546,0.8752116560935974,0.8790724962949753,0.25502254802271895,526.0325655318309,0
sample_009,low,27,125.0,672.0,707.9,706.5,0.9063764810562134,0.9531877040863037,0.7354066371917725,0.8764600455760956,0.8789404273033143,0.29172675571500123,583.92008014796,0
sample_009,low,28,779.0,793.0,707.9,706.5,0.9063318967819214,0.9531663656234741,0.7141240239143372,0.8688876330852509,0.8716464042663574,0.28608565151017273,111.97079976493873,0
sample_009,low,29,82.0,701.0,707.9,706.5,0.9060583710670471,0.9530293345451355,0.6954855620861053,0.8788072764873505,0.8718317568302155,0.3279672239721524,625.9241647356331,0
sample_009,low,30,140.0,643.0,707.9,706.5,0.9059659838676453,0.9529832303524017,0.6991783976554871,0.8777104914188385,0.8721131682395935,0.273906005775704,571.4391131170494,0
sample_010,low,1,807.0,598.0,807.6,598.1,0.9146252274513245,0.9573125243186951,0.7058779746294022,0.9514240920543671,0.9046702414751053,0.22787386862034006,0.6082762530298481,1
sample_010,low,2,699.0,598.0,807.6,598.1,0.8343302607536316,0.9171653091907501,0.7017256617546082,0.8895722031593323,0.8630401372909546,0.15685184092002236,108.60004604050592,0
sample_010,low,3,812.0,893.0,807.6,598.1,0.8115423917770386,0.9057709574699402,0.6239669993519783,0.880344957113266,0.8392397657036781,0.3548189679258988,294.9328228597149,0
sample_010,low,4,645.0,598.0,807.6,598.1,0.8114507794380188,0.905725747346878,0.6882440596818924,0.8633867502212524,0.8452938109636308,0.12375176766414288,162.6000307503046,0
sample_010,low,5,753.0,598.0,807.6,598.1,0.7965770959854126,0.8982888162136078,0.6717296838760376,0.8553831875324249,0.8358147382736206,0.19185020198060776,54.60009157501481,0
sample_010,low,6,229.0,598.0,807.6,598.1,0.777542233467102,0.8887714743614197,0.6010585501790047,0.8712938725948334,0.8242378488183022,0.20377070446950904,578.6000086415486,0
sample_010,low,7,639.0,893.0,807.6,598.1,0.7659148573875427,0.8829572200775146,0.6445166170597076,0.8403210937976837,0.8182146489620209,0.29476261635424533,339.69393577160014,0
sample_010,low,8,704.0,893.0,807.6,598.1,0.7641881108283997,0.8820938467979431,0.6447054743766785,0.8428093791007996,0.8189023852348328,0.31310142126793356,312.5683445264411,0
sample_010,low,9,747.0,893.0,807.6,598.1,0.7623966336250305,0.8811978697776794,0.6374229043722153,0.8415122926235199,0.8165686458349228,0.32822096215811686,301.0620700121488,0
sample_010,low,10,175.0,605.0,807.6,598.1,0.7484883069992065,0.8742442429065704,0.6060388088226318,0.8204034566879272,0.7990668416023254,0.24150569351466644,632.6376292950017,0
sample_010,low,11,132.0,605.0,807.6,598.1,0.7409695982933044,0.8704852163791656,0.6079659089446068,0.8130378425121307,0.79500240534544,0.27060025868428134,675.6352344275718,0
sample_010,low,12,89.0,605.0,807.6,598.1,0.7339627146720886,0.8669816255569458,0.6094739213585854,0.8134061694145203,0.7940499022603036,0.29995499662449365,718.6331261499153,0
sample_010,low,13,807.0,641.0,807.6,598.1,0.6947517991065979,0.8473759293556213,0.642264723777771,0.7549862861633301,0.7693978309631349,0.23888281646028875,42.904195599032015,0
sample_010,low,14,807.0,684.0,807.6,598.1,0.684249997138977,0.8421248495578766,0.6205796971917152,0.7420562654733658,0.75778838545084,0.25308595377855325,85.9020954342791,0
sample_010,low,15,807.0,713.0,807.6,598.1,0.6811454892158508,0.8405730128288269,0.6018981412053108,0.7438292354345322,0.7541405275464058,0.2642139284746359,114.90156656895499,0
sample_010,low,16,806.0,785.0,807.6,598.1,0.6792724132537842,0.8396362364292145,0.6365660279989243,0.7390661537647247,0.7587941616773606,0.2956864893768398,186.90684845665766,0
sample_010,low,17,229.0,770.0,807.6,598.1,0.674135684967041,0.8370684385299683,0.6356906145811081,0.7473962604999542,0.7609240025281907,0.27050046210681417,603.5955351060841,0
sample_010,low,18,229.0,741.0,807.6,598.1,0.6699928641319275,0.8349966406822205,0.6449915021657944,0.7347674816846848,0.756903949379921,0.2564390765854533,595.9852095480222,0
sample_010,low,19,523.0,189.0,807.6,598.1,0.6684447526931763,0.8342225253582001,0.6268073916435242,0.7404890954494476,0.755246126651764,0.22051077071199945,498.3572714428877,0
sample_010,low,20,807.0,742.0,807.6,598.1,0.6680176854133606,0.8340084552764893,0.5989470109343529,0.7352958917617798,0.7475111410021782,0.2764172570589615,143.90125086322215,0
sample_010,low,21,229.0,669.0,807.6,598.1,0.6666996479034424,0.8333497047424316,0.6453390419483185,0.7352215051651001,0.7564962923526763,0.22583400983908514,582.9277571020272,0
sample_010,low,22,229.0,698.0,807.6,598.1,0.6641181111335754,0.8320592939853668,0.6512823402881622,0.7358041852712631,0.7574018597602845,0.23732361871503643,587.1609404584062,0
sample_010,low,23,523.0,160.0,807.6,598.1,0.6569601893424988,0.8284804224967957,0.6242970302700996,0.7274473011493683,0.7472304955124855,0.24096576520327528,522.4258511980432,0
sample_010,low,24,523.0,102.0,807.6,598.1,0.656619131565094,0.8283097147941589,0.6228351667523384,0.7169776409864426,0.7426819756627083,0.2818980312098685,571.9373829362792,0
sample_010,low,25,812.0,936.0,807.6,598.1,0.6538691520690918,0.826934814453125,0.5948592945933342,0.7226849794387817,0.7388197764754296,0.3791042073098108,337.9286463145733,0
sample_010,low,26,523.0,131.0,807.6,598.1,0.6537891030311584,0.8268945515155792,0.6112318113446236,0.7213396579027176,0.7415400460362435,0.2614287665885298,546.973098058762,0
sample_010,low,27,523.0,73.0,807.6,598.1,0.651272177696228,0.8256360590457916,0.601577490568161,0.7147100120782852,0.736453926563263,0.3023722870899382,597.2664145923493,0
sample_010,low,28,229.0,640.0,807.6,598.1,0.6433440446853638,0.8216721713542938,0.6054761856794357,0.7104516923427582,0.7339447826147081,0.21568611452756992,580.1151351240545,0
sample_010,low,29,935.0,200.0,807.6,598.1,0.6375411748886108,0.8187705278396606,0.6429570317268372,0.688756063580513,0.7316020429134369,0.37364756121243453,417.98848070251887,0
sample_010,low,30,688.0,720.0,807.6,598.1,0.6374321579933167,0.818715900182724,0.645474836230278,0.6884074211120605,0.7319442957639695,0.2046264889988586,170.77403198378846,0
sample_011,low,1,949.0,558.0,950.0,557.5,0.8807539343833923,0.9403769969940186,0.6406904011964798,0.8945605456829071,0.8621130973100661,0.3201288802966705,1.118033988749895,1
sample_011,low,2,913.0,558.0,950.0,557.5,0.7820296287536621,0.8910145163536072,0.6025768741965294,0.8346500098705292,0.8107811853289605,0.2949008307889281,37.003378224156776,0
sample_011,low,3,683.0,844.0,950.0,557.5,0.6782938838005066,0.8391461074352264,0.594239629805088,0.7978477478027344,0.7736454680562019,0.2755222314079211,391.6264163715211,0
sample_011,low,4,791.0,844.0,950.0,557.5,0.6773272156715393,0.838663250207901,0.6040217578411102,0.8066131472587585,0.7789149105548859,0.3186039861646429,327.6633180568127,0
sample_011,low,5,755.0,844.0,950.0,557.5,0.675953209400177,0.8379763066768646,0.6093388199806213,0.8075274527072906,0.7800692677497865,0.30278787954606107,346.56492898156904,0
sample_011,low,6,719.0,844.0,950.0,557.5,0.6738333702087402,0.8369161188602448,0.6015565246343613,0.7991163730621338,0.7747243016958236,0.2883548161553748,368.0261539619161,0
sample_011,low,7,647.0,844.0,950.0,557.5,0.6659762859344482,0.8329872786998749,0.5992882922291756,0.7970548272132874,0.7718745008111001,0.26452315588620967,417.0026978329996,0
sample_011,low,8,680.0,260.0,950.0,557.5,0.6552639603614807,0.8276315331459045,0.5899332836270332,0.7894541621208191,0.7648209348320961,0.21213203435596426,401.7539669997049,0
sample_011,low,9,788.0,260.0,950.0,557.5,0.6522302627563477,0.8261147141456604,0.5732794255018234,0.786206841468811,0.7595845073461533,0.26508866441249423,338.7480627250878,0
sample_011,low,10,644.0,260.0,950.0,557.5,0.6492604613304138,0.8246298432350159,0.576461099088192,0.786286860704422,0.7596589013934136,0.1979090700296477,426.78126716152855,0
sample_011,low,11,716.0,260.0,950.0,557.5,0.6453974843025208,0.8226981163024902,0.5917858108878136,0.7874200642108917,0.7624044343829155,0.22831557108528536,378.5,0
sample_011,low,12,752.0,260.0,950.0,557.5,0.6417416930198669,0.82087042927742,0.5791454687714577,0.7820368409156799,0.7569920018315316,0.24607315985291853,357.36570904327124,0
sample_011,low,13,931.0,522.0,950.0,557.5,0.5630279183387756,0.781513899564743,0.6023881882429123,0.5992710143327713,0.6727916032075882,0.3051597942062486,40.26474885057648,0
sample_011,low,14,611.0,844.0,950.0,557.5,0.5605258345603943,0.780262291431427,0.5716760978102684,0.7535517811775208,0.7278608486056328,0.2555944052595831,443.85048158135413,0
sample_011,low,15,824.0,260.0,950.0,557.5,0.5377908945083618,0.768894761800766,0.5555347166955471,0.727690726518631,0.7097411386668682,0.2851105048924013,323.0824198250347,0
sample_011,low,16,827.0,844.0,950.0,557.5,0.532085120677948,0.7660419940948486,0.5512310229241848,0.7245349436998367,0.7064769797027112,0.33560765783873286,311.787187036286,0
sample_011,low,17,665.0,808.0,950.0,557.5,0.5284084677696228,0.7642039656639099,0.5676131099462509,0.6060006320476532,0.6616044610738754,0.24707185189737824,379.4407068304612,0
sample_011,low,18,949.0,486.0,950.0,557.5,0.5265078544616699,0.7632538974285126,0.6048098206520081,0.6899967938661575,0.7022622406482697,0.31764524236953395,71.50699266505339,0
sample_011,low,19,608.0,260.0,950.0,557.5,0.5259226560592651,0.7629610002040863,0.5515087433159351,0.7295318394899368,0.7072988845407964,0.18609674903124984,453.2882636909983,0
sample_011,low,20,877.0,557.0,950.0,557.5,0.5243926048278809,0.7621961236000061,0.5607560016214848,0.7315632104873657,0.7096549339592457,0.2696089761117014,73.00171230868493,0
sample_011,low,21,770.0,128.0,950.0,557.5,0.5238141417503357,0.7619068324565887,0.6253233104944229,0.6771696209907532,0.7006952434778214,0.3250261527938944,465.69330035979686,0
sample_011,low,22,701.0,808.0,950.0,557.5,0.5238038301467896,0.7619017958641052,0.5652439892292023,0.6037176921963692,0.6592965930700302,0.260062492489786,353.2014297819305,0
sample_011,low,23,734.0,128.0,950.0,557.5,0.5231509208679199,0.7615754008293152,0.6212000846862793,0.6774337440729141,0.6998436748981476,0.3107571399018854,480.75591520021885,0
sample_011,low,24,737.0,808.0,950.0,557.5,0.5212892293930054,0.7606445848941803,0.5664592683315277,0.600091427564621,0.6575862586498261,0.2748026564645982,328.8149175448097,0
sample_011,low,25,680.0,140.0,950.0,557.5,0.5198575854301453,0.7599285244941711,0.6001685112714767,0.6712038516998291,0.6924866527318954,0.2846049894151541,497.19840104328574,0
sample_011,low,26,645.0,140.0,950.0,557.5,0.518161952495575,0.7590807974338531,0.605873242020607,0.6718458533287048,0.6935453087091445,0.27443123000125186,517.0408591204374,0
sample_011,low,27,701.0,761.0,950.0,557.5,0.5167889595031738,0.7583944797515869,0.5906332060694695,0.680897980928421,0.6938436254858971,0.23293990641364995,321.5793059262365,0
sample_011,low,28,665.0,713.0,950.0,557.5,0.5157595872879028,0.7578797936439514,0.5578078515827656,0.6571916341781616,0.6775901414453984,0.19051771571168913,324.66174705376056,0
sample_011,low,29,773.0,761.0,950.0,557.5,0.5151709318161011,0.7575852572917938,0.5999533608555794,0.6872041672468185,0.6979064419865608,0.2670674072214728,269.7058582975164,0
sample_011,low,30,791.0,653.0,950.0,557.5,0.514037549495697,0.7570183873176575,0.6066568121314049,0.6680365055799484,0.6913533195853234,0.23247580519271246,185.47573965346518,0
sample_012,low,1,550.0,272.0,550.7,272.0,0.8906930088996887,0.9453460276126862,0.6924242079257965,0.9421702027320862,0.8934913337230683,0.16505150711217392,0.7000000000000455,1
sample_012,low,2,507.0,272.0,550.7,272.0,0.5634053945541382,0.7817022502422333,0.6474601030349731,0.7560003101825714,0.7445730447769165,0.1612963111791463,43.700000000000045,0
sample_012,low,3,378.0,272.0,550.7,272.0,0.5412111878395081,0.7706062495708466,0.6380644738674164,0.7777947783470154,0.746973305940628,0.18284966502567074,172.70000000000005,0
sample_012,low,4,435.0,272.0,550.7,272.0,0.5342761874198914,0.7671381533145905,0.6314459592103958,0.7626533508300781,0.7382057934999466,0.16764396797976358,115.70000000000005,0
sample_012,low,5,464.0,272.0,550.7,272.0,0.5341322422027588,0.7670658528804779,0.650866761803627,0.7807484865188599,0.7492990881204606,0.1632176461048253,86.70000000000005,0
sample_012,low,6,349.0,272.0,550.7,272.0,0.5215007066726685,0.7607503533363342,0.6404566615819931,0.7755167782306671,0.7425981849431992,0.19337140429753308,201.70000000000005,0
sample_012,low,7,406.0,272.0,550.7,272.0,0.509363055229187,0.7546820640563965,0.610961951315403,0.7637754380702972,0.7295753911137581,0.17438463235044535,144.70000000000005,0
sample_012,low,8,551.0,127.0,550.7,272.0,0.4258507192134857,0.7129256874322891,0.6197975277900696,0.7215434312820435,0.6977471530437469,0.26620480837129895,145.00031034449546,0
sample_012,low,9,550.0,368.0,550.7,272.0,0.41391536593437195,0.7069572657346725,0.5315303914248943,0.6943996399641037,0.6668488405644895,0.09980981915623331,96.00255204941169,0
sample_012,low,10,550.0,464.0,550.7,272.0,0.40429431200027466,0.7021471709012985,0.5205188151448965,0.6791271418333054,0.6566134881228209,0.043566041821583926,192.00127603742638,0
sample_012,low,11,550.0,185.0,550.7,272.0,0.40326035022735596,0.7016305476427078,0.5738900154829025,0.7085933238267899,0.6788675516843796,0.2255271602268782,87.00281604637864,0
sample_012,low,12,551.0,99.0,550.7,272.0,0.3996519148349762,0.6998260021209717,0.5665246620774269,0.6992287933826447,0.6729268506169319,0.28583386783234765,173.00026011541138,0
sample_012,low,13,550.0,214.0,550.7,272.0,0.3977181315422058,0.6988594233989716,0.5691401287913322,0.7085539251565933,0.6767933651804925,0.2052997808084558,58.00422398412033,0
sample_012,low,14,551.0,70.0,550.7,272.0,0.39638835191726685,0.6981935948133469,0.5863241106271744,0.7179844826459885,0.683736053109169,0.3061870343433895,202.0002227721544,0
sample_012,low,15,550.0,416.0,550.7,272.0,0.38856714963912964,0.694283664226532,0.5262497179210186,0.6791214793920517,0.6546120010316372,0.06912307863514182,144.00170137883788,0
sample_012,low,16,551.0,156.0,550.7,272.0,0.3858952522277832,0.6929471045732498,0.5792821124196053,0.7039241343736649,0.674604918062687,0.24590343633223183,116.00038793038581,0
sample_012,low,17,265.0,564.0,550.7,272.0,0.3807000517845154,0.6903503090143204,0.5509769432246685,0.7662603259086609,0.6928396426141262,0.17222224014336823,408.51987711738093,0
sample_012,low,18,264.0,853.0,550.7,272.0,0.3775436282157898,0.6887717247009277,0.5473884828388691,0.7503584921360016,0.6851297833025456,0.30025405908996466,647.887250993566,0
sample_012,low,19,550.0,320.0,550.7,272.0,0.34344691038131714,0.6717229634523392,0.5222547519952059,0.6108500212430954,0.617480144277215,0.13209844813622906,48.00510389531513,0
sample_012,low,20,264.0,790.0,550.7,272.0,0.3433564007282257,0.6716781258583069,0.5610037446022034,0.6508113443851471,0.6411965370178223,0.26438229895361753,592.0480470367249,0
sample_012,low,21,320.0,272.0,550.7,272.0,0.340932160615921,0.6704663038253784,0.5798243954777718,0.6526094079017639,0.6451951637864113,0.20540691322348426,230.70000000000005,0
sample_012,low,22,258.0,469.0,550.7,272.0,0.33295074105262756,0.666475459933281,0.5682601034641266,0.676681861281395,0.6509149491786957,0.17251811499086117,352.8204784306036,0
sample_012,low,23,261.0,947.0,550.7,272.0,0.3319121301174164,0.6659562289714813,0.5635088533163071,0.6751846522092819,0.6491581231355668,0.35842014452315596,734.5414147616185,0
sample_012,low,24,265.0,738.0,550.7,272.0,0.32860198616981506,0.6643011420965195,0.5735839530825615,0.6489874124526978,0.6400322124361992,0.23650475682319794,546.6081686180696,0
sample_012,low,25,265.0,671.0,550.7,272.0,0.32615888118743896,0.6630793213844299,0.5457668267190456,0.6472761929035187,0.6332955710589886,0.20550669088864235,490.7397375391563,0
sample_012,low,26,222.0,564.0,550.7,272.0,0.32520341873168945,0.6626022905111313,0.5405801422894001,0.6594879776239395,0.6369521357119083,0.20171762441591462,439.6677040675151,0
sample_012,low,27,258.0,421.0,550.7,272.0,0.31179314851760864,0.6558968126773834,0.5603525787591934,0.676650270819664,0.6450893491506577,0.1800069443104904,328.44221714024525,0
sample_012,low,28,258.0,363.0,550.7,272.0,0.30548006296157837,0.6527401059865952,0.5697567462921143,0.6788453310728073,0.6465855240821838,0.1966379922598886,306.5196404800189,0
sample_012,low,29,841.0,857.0,550.7,272.0,0.29225704073905945,0.646128237247467,0.5136470999568701,0.7372073531150818,0.6560636561363935,0.34909167850294,653.0689779801212,0
sample_012,low,30,135.0,564.0,550.7,272.0,0.2887214422225952,0.6443610489368439,0.5565000288188457,0.6983096748590469,0.6483682952821255,0.2620314866576153,508.0063877551148,0
sample_013,low,1,341.0,824.0,493.7,823.7,0.8770153522491455,0.9385077953338623,0.6666005104780197,0.9169040024280548,0.8754848212003707,0.2552028604855361,152.70029469519696,0
sample_013,low,2,384.0,824.0,493.7,823.7,0.875862181186676,0.9379317164421082,0.6615133136510849,0.9153326749801636,0.8736084192991258,0.2433433787880821,109.70041020889575,0
sample_013,low,3,718.0,236.0,493.7,823.7,0.8751773238182068,0.9375886917114258,0.6696620434522629,0.9095901846885681,0.8728039592504502,0.24209502266672067,629.0483129299371,0
sample_013,low,4,653.0,236.0,493.7,823.7,0.8703438639640808,0.9351716935634613,0.663539856672287,0.9078369736671448,0.8699114382266999,0.21576028364831187,608.9070372396759,0
sample_013,low,5,449.0,824.0,493.7,823.7,0.8691839575767517,0.9345922470092773,0.6548385173082352,0.9088593125343323,0.8683483272790911,0.2319234787596978,44.70100670007331,0
sample_013,low,6,492.0,824.0,493.7,823.7,0.8653990626335144,0.9326995313167572,0.6513665914535522,0.9067645370960236,0.8660589456558229,0.22917242417009948,1.7262676501631877,1
sample_013,low,7,783.0,236.0,493.7,823.7,0.8554167151451111,0.9277083277702332,0.6578433811664581,0.895242303609848,0.8607489287853242,0.27366494112326484,655.0463953034167,0
sample_013,low,8,493.0,651.0,493.7,823.7,0.7502937316894531,0.8751469254493713,0.7154747396707535,0.7460290193557739,0.7915653258562089,0.10688779163215974,172.7014186392226,0
sample_013,low,9,352.0,658.0,493.7,823.7,0.7444581985473633,0.8722293972969055,0.6902690380811691,0.7297401875257492,0.7788416415452958,0.15308167754502822,218.02609935510017,0
sample_013,low,10,718.0,121.0,493.7,823.7,0.7410415410995483,0.8705208897590637,0.7089060544967651,0.7312107235193253,0.7824738562107088,0.3091641958571529,737.629839418119,0
sample_013,low,11,406.0,651.0,493.7,823.7,0.7404364943504333,0.8702185750007629,0.7025018930435181,0.737104743719101,0.7834297060966492,0.12577161842005533,193.69197195547372,0
sample_013,low,12,718.0,63.0,493.7,823.7,0.7392929792404175,0.8696469366550446,0.6959041208028793,0.7415015548467636,0.7836402207612991,0.3453208652832898,793.0794285568124,0
sample_013,low,13,352.0,687.0,493.7,823.7,0.7372301816940308,0.8686152696609497,0.6706499755382538,0.7283365875482559,0.7729107379913331,0.16863125451706748,196.89027401067838,0
sample_013,low,14,664.0,56.0,493.7,823.7,0.736171305179596,0.8680856823921204,0.7070625126361847,0.7402442097663879,0.7847444593906403,0.3346879143321431,786.3621176023169,0
sample_013,low,15,718.0,150.0,493.7,823.7,0.734915554523468,0.8674579560756683,0.6779901832342148,0.7448366731405258,0.7805158883333208,0.29156817384618644,710.0578708809586,0
sample_013,low,16,471.0,680.0,493.7,823.7,0.7347440719604492,0.8673715591430664,0.6659923791885376,0.7215277701616287,0.7687582075595856,0.12892051814974992,145.4818889071764,0
sample_013,low,17,653.0,121.0,493.7,823.7,0.7340273857116699,0.867013543844223,0.7025187164545059,0.7286663204431534,0.7787756890058518,0.2890069203323685,720.5302075555195,0
sample_013,low,18,384.0,766.0,493.7,823.7,0.7334450483322144,0.866722971200943,0.7083806842565536,0.73647440969944,0.7829550892114641,0.2051974658712919,123.94910245742001,0
sample_013,low,19,352.0,730.0,493.7,823.7,0.7334264516830444,0.8667134344577789,0.6734879463911057,0.7357177287340164,0.7756700545549393,0.1933959668659096,169.87813278936167,0
sample_013,low,20,341.0,766.0,493.7,823.7,0.7332785129547119,0.8666389882564545,0.7167457044124603,0.7358076870441437,0.7843278110027314,0.21913123921522462,163.23780199451352,0
sample_013,low,21,664.0,157.0,493.7,823.7,0.7322753071784973,0.86613729596138,0.6831221133470535,0.7393984645605087,0.7788387268781662,0.2688354515312294,688.1068085697162,0
sample_013,low,22,718.0,92.0,493.7,823.7,0.7316064238548279,0.865803062915802,0.6964486688375473,0.7263108044862747,0.7761352807283401,0.327099373279742,765.3073761567962,0
sample_013,low,23,664.0,200.0,493.7,823.7,0.7292971014976501,0.8646481037139893,0.6750878691673279,0.7305462062358856,0.7730952978134156,0.2417602117801852,646.5321183050384,0
sample_013,low,24,471.0,766.0,493.7,823.7,0.7292885184288025,0.8646439015865326,0.7040742188692093,0.729815661907196,0.7785986691713334,0.18920491536955378,62.004677242930676,0
sample_013,low,25,395.0,730.0,493.7,823.7,0.7290217876434326,0.8645109236240387,0.6656707674264908,0.7333741933107376,0.7722882002592087,0.17878059178781125,136.0932768361465,0
sample_013,low,26,664.0,85.0,493.7,823.7,0.7286149263381958,0.8643070459365845,0.6927950084209442,0.7238594591617584,0.773825603723526,0.3155320902855999,758.0763681846308,0
sample_013,low,27,395.0,687.0,493.7,823.7,0.7263407707214355,0.8631703555583954,0.6502427011728287,0.7212876677513123,0.7638317495584488,0.15164761785138597,168.60776969048612,0
sample_013,low,28,794.0,56.0,493.7,823.7,0.7262006998062134,0.8631005585193634,0.6916807293891907,0.7297549843788147,0.7754783630371094,0.37654481804959156,824.3442120861891,0
sample_013,low,29,794.0,157.0,493.7,823.7,0.7252845168113708,0.8626420497894287,0.6780397593975067,0.734423041343689,0.7744339883327485,0.3194409178549298,731.2106262904008,0
sample_013,low,30,718.0,193.0,493.7,823.7,0.7237343788146973,0.8618674874305725,0.6894858479499817,0.7218367755413055,0.7713788747787476,0.2662451877499385,669.3974753462998,0
sample_014,low,1,548.0,151.0,548.6,151.1,0.9306305646896362,0.9653152525424957,0.684674933552742,0.9489204585552216,0.9026292711496353,0.24910339218886604,0.6082762530298435,1
sample_014,low,2,549.0,79.0,548.6,151.1,0.8876467943191528,0.9438234865665436,0.628148227930069,0.8930365443229675,0.8603736579418183,0.2997015181810062,72.10110956150396,0
sample_014,low,3,548.0,115.0,548.6,151.1,0.8699950575828552,0.9349974691867828,0.5968477055430412,0.8868510127067566,0.8481089338660242,0.274343762458708,36.104985805287335,0
sample_014,low,4,548.0,187.0,548.6,151.1,0.8618167638778687,0.9309085607528687,0.6140502542257309,0.8795799911022186,0.8470054715871811,0.2239118129978854,35.90501357749361,0
sample_014,low,5,548.0,223.0,548.6,151.1,0.8333370089530945,0.9166685938835144,0.6104614958167076,0.8621779978275299,0.8336309358477594,0.1987875750644391,71.90250343346885,0
sample_014,low,6,845.0,677.0,548.6,151.1,0.779270589351654,0.8896353542804718,0.6040229573845863,0.824896514415741,0.8066173389554024,0.2741842446239389,603.6752189712611,0
sample_014,low,7,845.0,773.0,548.6,151.1,0.7667007446289062,0.8833504319190979,0.5941959992051125,0.8206996321678162,0.8004592254757881,0.31109001912629725,688.9213090041561,0
sample_014,low,8,245.0,349.0,548.6,151.1,0.7615663409233093,0.8807825446128845,0.5951834917068481,0.7683724164962769,0.7786986827850342,0.20955428890862626,362.4049806501009,0
sample_014,low,9,845.0,725.0,548.6,151.1,0.7444213032722473,0.8722105324268341,0.6006799712777138,0.8165907263755798,0.7956564977765084,0.29124731758421396,645.9211794019452,0
sample_014,low,10,245.0,421.0,548.6,151.1,0.7404745817184448,0.8702369630336761,0.5704263374209404,0.7474238574504852,0.7611495956778527,0.18876705220985998,406.2252700165267,0
sample_014,low,11,245.0,493.0,548.6,151.1,0.7362521290779114,0.8681259751319885,0.5689171552658081,0.7452560216188431,0.7591362297534943,0.1803801541190161,457.2401666520561,0
sample_014,low,12,827.0,641.0,548.6,151.1,0.7338165044784546,0.8669083118438721,0.605727344751358,0.7705889344215393,0.7761443674564362,0.2518034948129195,563.4789880732022,0
sample_014,low,13,254.0,767.0,548.6,151.1,0.7302563786506653,0.8651278614997864,0.6035366356372833,0.868204265832901,0.8140401780605317,0.2567148223223583,682.7312575237786,0
sample_014,low,14,254.0,695.0,548.6,151.1,0.7283441424369812,0.8641720116138458,0.5813261941075325,0.8661604225635529,0.808398212492466,0.22196959251212767,618.5599162571076,0
sample_014,low,15,236.0,731.0,548.6,151.1,0.7246525883674622,0.8623262345790863,0.6002217382192612,0.7336824834346771,0.7584478348493576,0.24804939024315295,658.7888660261343,0
sample_014,low,16,254.0,647.0,548.6,151.1,0.7183326482772827,0.8591664433479309,0.5714954733848572,0.8515718579292297,0.7985944151878357,0.20263884129159443,576.806700723908,0
sample_014,low,17,245.0,457.0,548.6,151.1,0.706885814666748,0.8534432351589203,0.5657261833548546,0.7261891812086105,0.7449982032179834,0.18285786830213238,430.9846516988743,0
sample_014,low,18,262.0,385.0,548.6,151.1,0.6991562843322754,0.8495775461196899,0.557398647069931,0.789128303527832,0.766962069272995,0.18690773124726542,369.9307637923616,0
sample_014,low,19,512.0,151.0,548.6,151.1,0.6458921432495117,0.8229458332061768,0.6171866059303284,0.7045409381389618,0.7344320297241211,0.2469261023059328,36.60013661176693,0
sample_014,low,20,218.0,791.0,548.6,151.1,0.6426198482513428,0.8213099539279938,0.6106364727020264,0.7062504440546036,0.7331514537334443,0.2865353381347578,720.2557670716702,0
sample_014,low,21,512.0,103.0,548.6,151.1,0.6358104944229126,0.8179054856300354,0.5744117349386215,0.6903730928897858,0.7181937783956529,0.28084960388079594,60.44145928086119,0
sample_014,low,22,227.0,385.0,548.6,151.1,0.6337513327598572,0.8168752491474152,0.5955464690923691,0.6397476643323898,0.7017584592103958,0.20946837470128993,397.66288486606345,0
sample_014,low,23,513.0,55.0,548.6,151.1,0.6315617561340332,0.8157810568809509,0.621522843837738,0.6766901314258575,0.721293044090271,0.31479675983084704,102.48204720827937,0
sample_014,low,24,512.0,199.0,548.6,151.1,0.6309879422187805,0.8154938220977783,0.5891659185290337,0.6803043633699417,0.7161524578928948,0.21300821580399196,60.28241866415118,0
sample_014,low,25,809.0,725.0,548.6,151.1,0.6301707029342651,0.8150851428508759,0.5697716698050499,0.6687946170568466,0.7075062379240991,0.2702831848265815,630.2137494533105,0
sample_014,low,26,218.0,695.0,548.6,151.1,0.629391610622406,0.8146955370903015,0.6049221977591515,0.69890958070755,0.7264264866709709,0.2424345272439551,636.4931814245931,0
sample_014,low,27,809.0,773.0,548.6,151.1,0.6270565390586853,0.8135280609130859,0.5925761312246323,0.671504482626915,0.7125282436609268,0.29155616954542396,674.2164118441497,0
sample_014,low,28,809.0,677.0,548.6,151.1,0.6270091533660889,0.8135045170783997,0.5763396099209785,0.6710243970155716,0.7090794876217843,0.2518034948129195,586.8381122592499,0
sample_014,low,29,218.0,647.0,548.6,151.1,0.6188300251960754,0.8094150424003601,0.5936401933431625,0.6885142475366592,0.7178997546434402,0.22486996242273,595.9976258341974,0
sample_014,low,30,476.0,151.0,548.6,151.1,0.5822900533676147,0.7911449074745178,0.6218540966510773,0.736117884516716,0.735275936126709,0.24736309344766852,72.60006887049077,0
sample_015,low,1,129.0,546.0,130.1,545.9,0.9348025918006897,0.9674015939235687,0.6744798868894577,0.9427159428596497,0.8989429920911789,0.26434541796672023,1.1045361017187225,1
sample_015,low,2,81.0,546.0,130.1,545.9,0.9147729277610779,0.9573864042758942,0.6750592589378357,0.9153342247009277,0.8841001033782959,0.2980578802850211,49.100101832888285,0
sample_015,low,3,177.0,546.0,130.1,545.9,0.8992931842803955,0.9496466815471649,0.6569852381944656,0.899584174156189,0.8710893899202348,0.23070002167316758,46.900106609686944,0
sample_015,low,4,225.0,546.0,130.1,545.9,0.8068802356719971,0.9034401178359985,0.6222361624240875,0.8598533868789673,0.8297646343708038,0.1971560295806344,94.90005268702437,0
sample_015,low,5,778.0,246.0,130.1,545.9,0.7590444087982178,0.879522293806076,0.5376003533601761,0.729686513543129,0.7512035936117172,0.26627053911388693,713.9428688627683,0
sample_015,low,6,682.0,246.0,130.1,545.9,0.751343309879303,0.8756717443466187,0.535061176866293,0.711135983467102,0.741735326498747,0.2209524835796149,628.119112907735,0
sample_015,low,7,730.0,246.0,130.1,545.9,0.751282274723053,0.8756411075592041,0.5279171206057072,0.71229687333107,0.740758616477251,0.2422973379961076,670.686230662297,0
sample_015,low,8,466.0,827.0,130.1,545.9,0.7506220936775208,0.8753111660480499,0.5992621779441833,0.7561658322811127,0.7724432349205017,0.23247042822690372,438.00230593000305,0
sample_015,low,9,394.0,843.0,130.1,545.9,0.7491726279258728,0.8745859563350677,0.5815316438674927,0.7973376214504242,0.7850757598876954,0.2538552737289497,397.3809507261263,0
sample_015,low,10,485.0,243.0,130.1,545.9,0.7448047995567322,0.8724026381969452,0.5282167382538319,0.7283150106668472,0.7459304071962833,0.1820357107822528,466.5859192045983,0
sample_015,low,11,389.0,243.0,130.1,545.9,0.7444468140602112,0.8722235262393951,0.5397819243371487,0.7247181832790375,0.7467330686748028,0.1979520143873257,398.46909541393546,0
sample_015,low,12,437.0,243.0,130.1,545.9,0.7408474087715149,0.8704237937927246,0.5462194420397282,0.7265109866857529,0.7480178005993366,0.18710692130437076,431.202991640828,0
sample_015,low,13,442.0,843.0,130.1,545.9,0.739518404006958,0.8697589337825775,0.5685172453522682,0.7934347689151764,0.7789809301495553,0.24598069029905578,430.7551740838408,0
sample_015,low,14,490.0,843.0,130.1,545.9,0.736212432384491,0.8681061863899231,0.5647425353527069,0.7816758453845978,0.7728613197803498,0.24264068084309356,466.68664004875905,0
sample_015,low,15,370.0,827.0,130.1,545.9,0.7320793867111206,0.8660394549369812,0.5710138157010078,0.7289010733366013,0.7521789744496346,0.2488262445965055,369.5527296611405,0
sample_015,low,16,418.0,827.0,130.1,545.9,0.7294466495513916,0.8647229671478271,0.5827165469527245,0.728400245308876,0.7537925943732262,0.23838309503821783,402.3724891192239,0
sample_015,low,17,634.0,246.0,130.1,545.9,0.7204171419143677,0.860208660364151,0.5388836041092873,0.7115742415189743,0.7364898815751076,0.20306649157357298,586.3916950298665,0
sample_015,low,18,346.0,843.0,130.1,545.9,0.7157871723175049,0.8578934371471405,0.5544490851461887,0.7704463005065918,0.7622257120907308,0.2658618062076612,367.26178674073896,0
sample_015,low,19,201.0,530.0,130.1,545.9,0.7099727988243103,0.8549861311912537,0.5544587783515453,0.6765098869800568,0.7234901629388333,0.2124864701575138,72.66099366234954,0
sample_015,low,20,57.0,530.0,130.1,545.9,0.7098048329353333,0.8549022078514099,0.5530748553574085,0.6755638122558594,0.7228013791143895,0.31396576246463564,74.80922403019562,0
sample_015,low,21,341.0,243.0,130.1,545.9,0.6995927095413208,0.8497962951660156,0.5226704049855471,0.6998875737190247,0.7244076285511256,0.21369370603740298,369.08971809033096,0
sample_015,low,22,105.0,530.0,130.1,545.9,0.6960186958312988,0.8480094075202942,0.5461385175585747,0.6617633104324341,0.7131367906928063,0.280111584908586,29.712287020692283,0
sample_015,low,23,153.0,530.0,130.1,545.9,0.6913111209869385,0.8456559777259827,0.5228405985981226,0.6574791520833969,0.7058221716433764,0.24628134318295408,27.878665678256546,0
sample_015,low,24,706.0,230.0,130.1,545.9,0.6828972697257996,0.8414483666419983,0.556908193975687,0.6785403043031693,0.7193771071732045,0.24014162487998617,656.8512921506663,0
sample_015,low,25,365.0,227.0,130.1,545.9,0.6805891394615173,0.8402947187423706,0.5773036852478981,0.686867818236351,0.7263257518410683,0.21535319825811736,396.0747656693115,0
sample_015,low,26,413.0,227.0,130.1,545.9,0.677642822265625,0.8388217687606812,0.5692880600690842,0.6882157772779465,0.7246726304292679,0.20260552805883653,426.29757212538755,0
sample_015,low,27,461.0,227.0,130.1,545.9,0.6740132570266724,0.837006688117981,0.5686677172780037,0.6799719780683517,0.7205250099301339,0.195,459.55632951793837,0
sample_015,low,28,754.0,230.0,130.1,545.9,0.6725006103515625,0.8362501859664917,0.5474971830844879,0.6634694486856461,0.7093872904777527,0.26212210894924526,699.3168237644508,0
sample_015,low,29,658.0,230.0,130.1,545.9,0.669672429561615,0.8348358869552612,0.5451322086155415,0.6622225791215897,0.7078498281538487,0.2212057865427575,615.2001462938707,0
sample_015,low,30,394.0,811.0,130.1,545.9,0.6672096252441406,0.8336048126220703,0.566084586083889,0.6837724596261978,0.7201678261160851,0.2323327355324686,374.060449660212,0
sample_016,low,1,129.0,546.0,130.1,545.9,0.9347232580184937,0.9673619270324707,0.6814814358949661,0.942636251449585,0.9002955585718155,0.26434541796672023,1.1045361017187225,1
sample_016,low,2,81.0,546.0,130.1,545.9,0.9140016436576843,0.9570008814334869,0.6741683334112167,0.914872407913208,0.8835829824209214,0.2980578802850211,49.100101832888285,0
sample_016,low,3,177.0,546.0,130.1,545.9,0.8996512293815613,0.9498261511325836,0.6528335958719254,0.9000736176967621,0.8705266267061235,0.23070002167316758,46.900106609686944,0
sample_016,low,4,225.0,546.0,130.1,545.9,0.8064976930618286,0.9032488465309143,0.6232340782880783,0.8600858449935913,0.829980692267418,0.1971560295806344,94.90005268702437,0
sample_016,low,5,778.0,246.0,130.1,545.9,0.758791446685791,0.8793953061103821,0.5398752428591251,0.7292827367782593,0.7514462657272816,0.26627053911388693,713.9428688627683,0
sample_016,low,6,682.0,246.0,130.1,545.9,0.7523977160453796,0.8761986196041107,0.5386323742568493,0.7124936878681183,0.7432033978402615,0.2209524835796149,628.119112907735,0
sample_016,low,7,730.0,246.0,130.1,545.9,0.7522090077400208,0.8761044442653656,0.5245779640972614,0.7131003886461258,0.7405975259840489,0.2422973379961076,670.686230662297,0
sample_016,low,8,466.0,827.0,130.1,545.9,0.7506094574928284,0.8753045797348022,0.597394585609436,0.7547591030597687,0.7715043902397156,0.23247042822690372,438.00230593000305,0
sample_016,low,9,394.0,843.0,130.1,545.9,0.7495739459991455,0.8747870326042175,0.5759181752800941,0.7982562184333801,0.7844009354710579,0.2538552737289497,397.3809507261263,0
sample_016,low,10,485.0,243.0,130.1,545.9,0.7453151941299438,0.8726578056812286,0.5330442152917385,0.7294333130121231,0.7474452905356885,0.1820357107822528,466.5859192045983,0
sample_016,low,11,389.0,243.0,130.1,545.9,0.7445695996284485,0.8722847104072571,0.5417712591588497,0.7231072634458542,0.7465110413730145,0.1979520143873257,398.46909541393546,0
sample_016,low,12,437.0,243.0,130.1,545.9,0.7411956787109375,0.8705979287624359,0.5460405834019184,0.7258138954639435,0.7477728463709354,0.18710692130437076,431.202991640828,0
sample_016,low,13,442.0,843.0,130.1,545.9,0.7394368648529053,0.8697184324264526,0.567248709499836,0.7939237654209137,0.7789066210389137,0.24598069029905578,430.7551740838408,0
sample_016,low,14,490.0,843.0,130.1,545.9,0.7362765669822693,0.8681381642818451,0.5681829750537872,0.7814245223999023,0.7734616696834564,0.24264068084309356,466.68664004875905,0
sample_016,low,15,370.0,827.0,130.1,545.9,0.732410192489624,0.8662049472332001,0.569873109459877,0.7285770326852798,0.7518874138593674,0.2488262445965055,369.5527296611405,0
sample_016,low,16,418.0,827.0,130.1,545.9,0.7294008731842041,0.8647005259990692,0.5850019752979279,0.7278153896331787,0.7540067613124848,0.23838309503821783,402.3724891192239,0
sample_016,low,17,634.0,246.0,130.1,545.9,0.7213175892829895,0.8606582880020142,0.5375565588474274,0.7115430980920792,0.7363918662071228,0.20306649157357298,586.3916950298665,0
sample_016,low,18,346.0,843.0,130.1,545.9,0.7158107161521912,0.857905775308609,0.5549206584692001,0.7700421214103699,0.7621632903814316,0.2658618062076612,367.26178674073896,0
sample_016,low,19,201.0,530.0,130.1,545.9,0.710017204284668,0.855008602142334,0.5523824654519558,0.6770917326211929,0.723316626995802,0.2124864701575138,72.66099366234954,0
sample_016,low,20,57.0,530.0,130.1,545.9,0.7087666988372803,0.854383111000061,0.546938706189394,0.674810528755188,0.7210651971399784,0.31396576246463564,74.80922403019562,0
sample_016,low,21,341.0,243.0,130.1,545.9,0.6987285614013672,0.8493641912937164,0.5256352368742228,0.6997066140174866,0.7247553694993258,0.21369370603740298,369.08971809033096,0
sample_016,low,22,105.0,530.0,130.1,545.9,0.6960433721542358,0.848021537065506,0.5386863052845001,0.661793977022171,0.7116634666919708,0.280111584908586,29.712287020692283,0
sample_016,low,23,153.0,530.0,130.1,545.9,0.6918628811836243,0.8459313809871674,0.5302827097475529,0.658291220664978,0.7077455826103688,0.24628134318295408,27.878665678256546,0
sample_016,low,24,706.0,230.0,130.1,545.9,0.6817831993103027,0.8408915996551514,0.5565410368144512,0.6788890510797501,0.7192204676568508,0.24014162487998617,656.8512921506663,0
sample_016,low,25,365.0,227.0,130.1,545.9,0.679985523223877,0.8399930596351624,0.5797593519091606,0.6844550222158432,0.7257311031222344,0.21535319825811736,396.0747656693115,0
sample_016,low,26,413.0,227.0,130.1,545.9,0.6772629022598267,0.8386313915252686,0.5639226138591766,0.6870958656072617,0.7230754256248474,0.20260552805883653,426.29757212538755,0
sample_016,low,27,461.0,227.0,130.1,545.9,0.673483669757843,0.8367420434951782,0.5661286264657974,0.6788195967674255,0.719450381398201,0.195,459.55632951793837,0
sample_016,low,28,754.0,230.0,130.1,545.9,0.6723487377166748,0.8361741304397583,0.5536897480487823,0.664266362786293,0.7109141469001771,0.26212210894924526,699.3168237644508,0
sample_016,low,29,658.0,230.0,130.1,545.9,0.6690086126327515,0.8345043063163757,0.543919999152422,0.661874532699585,0.7073355354368687,0.2212057865427575,615.2001462938707,0
sample_016,low,30,394.0,811.0,130.1,545.9,0.6668962240219116,0.8334478735923767,0.5561289042234421,0.6819926500320435,0.7174019902944565,0.2323327355324686,374.060449660212,0
sample_017,low,1,543.0,572.0,543.6,571.6,0.828789472579956,0.9143956303596497,0.6131145879626274,0.9077987372875214,0.8515006646513938,0.0593000843169721,0.7211102550928041,1
sample_017,low,2,514.0,572.0,543.6,571.6,0.5803918838500977,0.7901969254016876,0.5687466710805893,0.706656351685524,0.7124906450510026,0.05186520991955976,29.602702579325445,0
sample_017,low,3,427.0,572.0,543.6,571.6,0.5577041506767273,0.7788515985012054,0.5723296627402306,0.7563790082931519,0.728558175265789,0.07250172411743047,116.60068610432789,0
sample_017,low,4,369.0,572.0,543.6,571.6,0.5502579212188721,0.7751284837722778,0.5872747451066971,0.7516438663005829,0.7281638890504838,0.1057000473036791,174.60045818954774,0
sample_017,low,5,398.0,572.0,543.6,571.6,0.5351929664611816,0.7675961852073669,0.5726016163825989,0.7375375032424927,0.7165737986564638,0.08828363381737296,145.60054944951276,0
sample_017,low,6,485.0,572.0,543.6,571.6,0.5349387526512146,0.7674700021743774,0.5660549998283386,0.7529029846191406,0.721360194683075,0.05200480747007914,58.60136517181151,0
sample_017,low,7,341.0,572.0,543.6,571.6,0.5334535837173462,0.7667264044284821,0.586411863565445,0.7455411702394485,0.7221894025802613,0.12342001458434528,202.6003948663477,0
sample_017,low,8,456.0,572.0,543.6,571.6,0.5324966311454773,0.7662484049797058,0.5831536948680878,0.7425755709409714,0.7201603293418883,0.059665735560705195,87.60091323724886,0
sample_017,low,9,836.0,863.0,543.6,571.6,0.4767739772796631,0.7383875697851181,0.5187481753528118,0.8059523701667786,0.7214856110513211,0.349760632433097,412.80954446330327,0
sample_017,low,10,543.0,649.0,543.6,571.6,0.40433570742607117,0.7021685987710953,0.5507306903600693,0.7375947833061218,0.6860514909029007,0.10965856099730655,77.40232554645885,0
sample_017,low,11,833.0,279.0,543.6,571.6,0.4016864001750946,0.7008435428142548,0.5701297521591187,0.8486115038394928,0.7338079690933228,0.282603963171078,411.54236719929577,0
sample_017,low,12,543.0,681.0,543.6,571.6,0.39556387066841125,0.6977828294038773,0.5696665123105049,0.7258836925029755,0.6833999112248421,0.13154847015454038,109.40164532583591,0
sample_017,low,13,542.0,739.0,543.6,571.6,0.39503803849220276,0.6975198090076447,0.5529643706977367,0.7326748073101044,0.682670720666647,0.17158816975537677,167.40764618140952,0
sample_017,low,14,543.0,610.0,543.6,571.6,0.39375022053718567,0.6968753784894943,0.5643227398395538,0.6360063403844833,0.6460172355175018,0.0835134719671024,38.404687213932604,0
sample_017,low,15,543.0,777.0,543.6,571.6,0.3818567991256714,0.6909286379814148,0.5559290200471878,0.7327857166528702,0.6806715458631516,0.1982145302443794,205.40087633698155,0
sample_017,low,16,255.0,86.0,543.6,571.6,0.38110995292663574,0.6905559450387955,0.5569930784404278,0.7217581272125244,0.6763242445886135,0.34016246118582805,564.8869975490674,0
sample_017,low,17,255.0,112.0,543.6,571.6,0.3729485273361206,0.6864738017320633,0.5495191067457199,0.6986832171678543,0.6639666289091111,0.3244757309876965,542.6989220553143,0
sample_017,low,18,254.0,201.0,543.6,571.6,0.3686409890651703,0.6843210607767105,0.5568275637924671,0.7152007669210434,0.671174243837595,0.27378549998128093,470.33235057775903,0
sample_017,low,19,826.0,568.0,543.6,571.6,0.3630637526512146,0.6815320998430252,0.558853056281805,0.7656087577342987,0.6906269542872906,0.23547823678633234,282.422945243477,0
sample_017,low,20,736.0,863.0,543.6,571.6,0.3600947856903076,0.6800476163625717,0.5125687159597874,0.7036233246326447,0.655982119590044,0.3061576391338292,349.1872277160206,0
sample_017,low,21,693.0,863.0,543.6,571.6,0.3581963777542114,0.6790982782840729,0.5246843099594116,0.697447881102562,0.6555553257465363,0.29070431713340616,327.4665173723872,0
sample_017,low,22,650.0,863.0,543.6,571.6,0.3579521179199219,0.6789762377738953,0.5234224703162909,0.700255811214447,0.6563773136585951,0.2777309849476648,310.2175365771574,0
sample_017,low,23,815.0,849.0,543.6,571.6,0.3492460548877716,0.6746229231357574,0.5386071279644966,0.6188630685210228,0.6251158222556115,0.3324349560440358,388.0833930999882,0
sample_017,low,24,255.0,150.0,543.6,571.6,0.34078696370124817,0.6703933924436569,0.5609283708035946,0.7011376470327377,0.6607980899512769,0.3020968387785612,510.91733186495054,0
sample_017,low,25,779.0,863.0,543.6,571.6,0.338875949382782,0.6694379895925522,0.51852061226964,0.7005304992198944,0.6516915179789067,0.323736003558455,374.6026161147303,0
sample_017,low,26,543.0,407.0,543.6,571.6,0.3079354763031006,0.6539672613143921,0.5706072300672531,0.7279010713100433,0.6668687790632248,0.07244998274671982,164.60109355651318,0
sample_017,low,27,54.0,208.0,543.6,571.6,0.3023391366004944,0.651170015335083,0.5391974449157715,0.5551769472658634,0.5903782740235329,0.3769482723133241,609.8468004343387,0
sample_017,low,28,121.0,73.0,543.6,571.6,0.30099961161613464,0.6504999101161957,0.5514047332108021,0.5703015550971031,0.59860153272748,0.4037140076836572,653.599816401443,0
sample_017,low,29,475.0,694.0,543.6,571.6,0.30093780159950256,0.6504691243171692,0.5459804013371468,0.550566527992487,0.5896103411912919,0.13831305072190403,140.31293596814228,0
sample_017,low,30,178.0,112.0,543.6,571.6,0.29964563250541687,0.6498231142759323,0.5308045949786901,0.5445435047149658,0.5839075665920973,0.3565305036038291,587.2780602065772,0
sample_018,low,1,290.0,423.0,290.2,422.7,0.9166197180747986,0.9583092927932739,0.6312282383441925,0.9171427190303802,0.8764264523983003,0.15815972938773004,0.36055512754640207,1
sample_018,low,2,290.0,375.0,290.2,422.7,0.9009147882461548,0.9504571557044983,0.6251033544540405,0.8930103778839111,0.8624076843261719,0.17280769658785455,47.70041928536896,0
sample_018,low,3,289.0,471.0,290.2,422.7,0.8971675038337708,0.9485840499401093,0.6171951740980148,0.8828988969326019,0.8560322135686875,0.15060212481900778,48.3149045326595,0
sample_018,low,4,576.0,160.0,290.2,422.7,0.6275920271873474,0.8137958645820618,0.5850968658924103,0.7435692250728607,0.739965409040451,0.24634934544260512,388.1918726609304,0
sample_018,low,5,576.0,64.0,290.2,422.7,0.6250455379486084,0.8125228881835938,0.5804280564188957,0.752276211977005,0.7420052513480186,0.3129472799050984,458.63638102531723,0
sample_018,low,6,576.0,112.0,290.2,422.7,0.620573103427887,0.8102864921092987,0.5765374153852463,0.7418996095657349,0.7361819237470627,0.27957110008010483,422.1565231048787,0
sample_018,low,7,272.0,339.0,290.2,422.7,0.6171029806137085,0.8085519075393677,0.561170507222414,0.6991665661334991,0.7153214909136296,0.19736387714067638,85.65588129253004,0
sample_018,low,8,307.0,507.0,290.2,422.7,0.6168848276138306,0.8084428310394287,0.5689432397484779,0.7009482681751251,0.7175450876355172,0.13656134152826707,85.95772216619052,0
sample_018,low,9,576.0,208.0,290.2,422.7,0.6162855625152588,0.8081427216529846,0.5694718211889267,0.7322588860988617,0.7300550073385239,0.21335416564951337,357.46010966260275,0
sample_018,low,10,308.0,338.0,290.2,422.7,0.6162300109863281,0.8081147372722626,0.562281422317028,0.7068842649459839,0.7184558853507041,0.17763445611704953,86.55015886756071,0
sample_018,low,11,271.0,507.0,290.2,422.7,0.6120366454124451,0.8060191869735718,0.5815667882561684,0.6953631639480591,0.7168662980198861,0.16200308639035244,86.45883413509577,0
sample_018,low,12,611.0,136.0,290.2,422.7,0.5677106976509094,0.7838555872440338,0.5964648425579071,0.6478138566017151,0.6919607460498811,0.26908827547851283,430.24357055045,0
sample_018,low,13,611.0,88.0,290.2,422.7,0.5674640536308289,0.7837323844432831,0.590274877846241,0.6510909497737885,0.6919843092560769,0.3017159259966235,463.61269395908477,0
sample_018,low,14,576.0,723.0,290.2,422.7,0.5664751529693604,0.7832374572753906,0.5343223512172699,0.729848250746727,0.7120987534523011,0.16659081607339582,414.5620942633323,0
sample_018,low,15,593.0,638.0,290.2,422.7,0.5649296045303345,0.7824645340442657,0.578838624060154,0.7479976266622543,0.7279525890946389,0.11767115194473111,371.5399440167908,0
sample_018,low,16,576.0,674.0,290.2,422.7,0.5633083581924438,0.7816539108753204,0.5335572361946106,0.7245458215475082,0.7091913402080536,0.13426093996393737,380.56974393664035,0
sample_018,low,17,611.0,184.0,290.2,422.7,0.5615008473396301,0.7807504236698151,0.5918324515223503,0.6492322236299515,0.6903595492243767,0.23683010788326722,399.86288900071736,0
sample_018,low,18,576.0,771.0,290.2,422.7,0.5604487657546997,0.7802242636680603,0.5377377979457378,0.7203279733657837,0.7077684544026852,0.19901884332896722,450.5491427136445,0
sample_018,low,19,611.0,770.0,290.2,422.7,0.5536918044090271,0.7768459320068359,0.5662434697151184,0.6569735556840897,0.6867764890193939,0.20642310917142973,472.7895197654026,0
sample_018,low,20,611.0,723.0,290.2,422.7,0.5498107075691223,0.7749056220054626,0.5631465911865234,0.6599233597517014,0.6865609109401704,0.17613914953808538,439.42317872410877,0
sample_018,low,21,326.0,423.0,290.2,422.7,0.5493872761726379,0.774693638086319,0.5893542245030403,0.697973445057869,0.7069376781582832,0.13454553132675942,35.80125696117387,0
sample_018,low,22,326.0,375.0,290.2,422.7,0.5460222959518433,0.7730111479759216,0.5910387635231018,0.6832370311021805,0.7007070243358613,0.15149422431234796,59.64000335345396,0
sample_018,low,23,611.0,674.0,290.2,422.7,0.5445092916488647,0.7722541391849518,0.5524305626749992,0.6481324136257172,0.6786407336592675,0.14594005618746347,407.50991398983166,0
sample_018,low,24,326.0,471.0,290.2,422.7,0.539038360118866,0.7695192694664001,0.5718929916620255,0.6790204495191574,0.6937944859266282,0.12473371637211808,60.12096140282524,0
sample_018,low,25,774.0,735.0,290.2,422.7,0.4950423836708069,0.7475206851959229,0.5622244216501713,0.6784791648387909,0.6828448243439198,0.2552459598113161,575.841757777256,0
sample_018,low,26,738.0,783.0,290.2,422.7,0.4931713342666626,0.7465851306915283,0.5732973590493202,0.6690501719713211,0.6809135928750039,0.26146988354301914,574.7529295271142,0
sample_018,low,27,738.0,735.0,290.2,422.7,0.4922525882720947,0.7461260408163071,0.552596241235733,0.6700596362352371,0.6769935190677643,0.23650475682319794,545.94517123975,0
sample_018,low,28,774.0,687.0,290.2,422.7,0.4899004399776459,0.7449503988027573,0.5728655904531479,0.6706776916980743,0.6808243542909622,0.2345687532473155,551.2866132965682,0
sample_018,low,29,629.0,52.0,290.2,422.7,0.4895709455013275,0.7447855919599533,0.5771079435944557,0.6750030368566513,0.683337040245533,0.3296551228177715,502.1990939856423,0
sample_018,low,30,738.0,687.0,290.2,422.7,0.4882287085056305,0.7441138625144958,0.5637480914592743,0.6647328436374664,0.6762883007526399,0.21402453130424093,519.9801246201628,0
sample_019,low,1,714.0,839.0,715.6,838.9,0.9081183671951294,0.9540598392486572,0.7250005155801773,0.9360423684120178,0.9010409861803055,0.2834757485218092,1.6031219541881638,1
sample_019,low,2,657.0,839.0,715.6,838.9,0.8776564598083496,0.9388280510902405,0.6858208030462265,0.916729211807251,0.8793870657682419,0.2641685068285014,58.60008532416999,0
sample_019,low,3,772.0,839.0,715.6,838.9,0.8761159181594849,0.9380579590797424,0.6841485798358917,0.9127903282642365,0.8771690309047699,0.30733125451213056,56.40008865241257,0
sample_019,low,4,743.0,839.0,715.6,838.9,0.8698658347129822,0.9349330067634583,0.6884572058916092,0.8968088030815125,0.8703881651163101,0.29493219559756445,27.40018248114415,0
sample_019,low,5,685.0,839.0,715.6,838.9,0.8482015132904053,0.9241005480289459,0.6740443110466003,0.8833624124526978,0.8577940464019777,0.27308057419010967,30.600163398256576,0
sample_019,low,6,921.0,549.0,715.6,838.9,0.8426547050476074,0.9213277995586395,0.6272578984498978,0.8802736401557922,0.8460921555757523,0.2997015181810062,355.29026161717405,0
sample_019,low,7,628.0,839.0,715.6,838.9,0.8305647373199463,0.9152827560901642,0.6705795079469681,0.8663687407970428,0.8467765003442764,0.2562274380311367,87.600057077607,0
sample_019,low,8,800.0,839.0,715.6,838.9,0.8294155597686768,0.9147077798843384,0.6819270700216293,0.8707485198974609,0.8505679339170457,0.3200945172913775,84.40005924168534,0
sample_019,low,9,950.0,549.0,715.6,838.9,0.8264365196228027,0.913218766450882,0.6232027187943459,0.858654648065567,0.8333899095654489,0.32007889652396637,372.807416771716,0
sample_019,low,10,370.0,839.0,715.6,838.9,0.7685397267341614,0.8842694163322449,0.5679859593510628,0.826017826795578,0.7977120891213418,0.2567304033417156,345.6000144675923,0
sample_019,low,11,428.0,839.0,715.6,838.9,0.7674660682678223,0.8837329149246216,0.5669489800930023,0.8243453800678253,0.7966211140155792,0.2450561160224327,287.60001738525676,0
sample_019,low,12,399.0,839.0,715.6,838.9,0.7505362033843994,0.8752675950527191,0.5604084134101868,0.8021239340305328,0.7830382943153382,0.2501219702465179,316.6000157927981,0
sample_019,low,13,486.0,839.0,715.6,838.9,0.7477356791496277,0.8738675117492676,0.5450846888124943,0.8139066100120544,0.7841265864670277,0.23991352608804697,229.60002177700247,0
sample_019,low,14,457.0,839.0,715.6,838.9,0.7351974844932556,0.8675977289676666,0.5459779687225819,0.7896564900875092,0.7720972813665867,0.24162988225796905,258.6000193348794,0
sample_019,low,15,342.0,839.0,715.6,838.9,0.7306995987892151,0.8653495609760284,0.559876348823309,0.7892070412635803,0.7737979106605054,0.2644664439962091,373.60001338329744,0
sample_019,low,16,599.0,839.0,715.6,838.9,0.7015039324760437,0.8507518470287323,0.6396622806787491,0.7989162802696228,0.787799707055092,0.2497218452598811,116.60004288163879,0
sample_019,low,17,514.0,839.0,715.6,838.9,0.6870128512382507,0.8435063064098358,0.5573436990380287,0.7597900927066803,0.7527872994542122,0.23991352608804697,201.60002480158582,0
sample_019,low,18,893.0,549.0,715.6,838.9,0.6361606121063232,0.8180806338787079,0.5667081847786903,0.7483264803886414,0.7399044826626777,0.2800446392988089,339.8716963796779,0
sample_019,low,19,313.0,839.0,715.6,838.9,0.6341099739074707,0.8170542120933533,0.550455916672945,0.7477369755506516,0.736007658392191,0.27376084453405675,402.60001241927455,0
sample_019,low,20,829.0,839.0,715.6,838.9,0.6225556135177612,0.8112776875495911,0.6385721415281296,0.7995908260345459,0.7720618337392808,0.33403742305316625,113.40004409170216,0
sample_019,low,21,571.0,839.0,715.6,838.9,0.6046071648597717,0.8023033440113068,0.5706221237778664,0.7254654765129089,0.7252319529652596,0.24491018761987016,144.6000345781425,0
sample_019,low,22,543.0,839.0,715.6,838.9,0.6013522744178772,0.8006761074066162,0.5642555803060532,0.7318080961704254,0.7258447974920272,0.24162988225796905,172.60002896871137,0
sample_019,low,23,361.0,807.0,715.6,838.9,0.5835434198379517,0.7917720079421997,0.6441646665334702,0.6288839131593704,0.697095301747322,0.23829603437741048,356.03197890077234,0
sample_019,low,24,457.0,807.0,715.6,838.9,0.5794586539268494,0.789729654788971,0.6361559182405472,0.6212528124451637,0.6916241705417634,0.2192008211663451,260.5601082284086,0
sample_019,low,25,399.0,807.0,715.6,838.9,0.5775336623191833,0.7887670993804932,0.6379470676183701,0.6244668513536453,0.6928829938173294,0.2285278976405288,318.20303266939493,0
sample_019,low,26,380.0,692.0,715.6,838.9,0.5720993280410767,0.786049872636795,0.6149687170982361,0.6479335725307465,0.6965871214866639,0.160099968769516,366.3426947545153,0
sample_019,low,27,931.0,479.0,715.6,838.9,0.5709485411643982,0.785474419593811,0.6453858464956284,0.6532071828842163,0.7045498102903367,0.3051245647272602,419.4343452794489,0
sample_019,low,28,342.0,692.0,715.6,838.9,0.5679717659950256,0.7839862704277039,0.6146763190627098,0.648390144109726,0.6958858296275139,0.17582377541163197,401.4431092944553,0
sample_019,low,29,342.0,654.0,715.6,838.9,0.5657985806465149,0.7828992307186127,0.6319939643144608,0.663451686501503,0.7049391597509385,0.15601281998605115,416.8512564452697,0
sample_019,low,30,724.0,794.0,715.6,838.9,0.5655502676963806,0.7827756404876709,0.6248986646533012,0.6530400067567825,0.6993059918284417,0.2613541658363226,45.678988605265744,0
sample_020,low,1,882.0,881.0,883.0,880.6,0.8685673475265503,0.9342838525772095,0.6239771917462349,0.9139019250869751,0.8640697494149209,0.38150032765385666,1.0770329614268923,1
sample_020,low,2,299.0,308.0,883.0,880.6,0.6081753969192505,0.8040876984596252,0.5848268792033195,0.7739244699478149,0.74817024320364,0.1965515199635963,817.8794287668568,0
sample_020,low,3,882.0,909.0,883.0,880.6,0.5856531262397766,0.7928267121315002,0.5773095190525055,0.7262753844261169,0.723102742433548,0.3957303374774292,28.417600180170012,0
sample_020,low,4,925.0,881.0,883.0,880.6,0.5774579048156738,0.7887290418148041,0.6015446707606316,0.7666478455066681,0.7424596890807151,0.40360004955401085,42.00190471871484,0
sample_020,low,5,882.0,938.0,883.0,880.6,0.5610151886940002,0.7805081009864807,0.5981618463993073,0.7595842480659485,0.7356693089008333,0.4109549853694441,57.40871014053527,0
sample_020,low,6,299.0,460.0,883.0,880.6,0.5411651134490967,0.770582765340805,0.5927162319421768,0.754378616809845,0.7285277992486954,0.14491549261552403,719.694629686786,0
sample_020,low,7,299.0,388.0,883.0,880.6,0.5399088859558105,0.76995450258255,0.5628081932663918,0.7282698601484299,0.7118513837456704,0.1627037184578152,764.0096596247982,0
sample_020,low,8,299.0,337.0,883.0,880.6,0.536782443523407,0.7683909833431244,0.563670851290226,0.7125240117311478,0.7051001682877541,0.18298907071188705,797.8451980177608,0
sample_020,low,9,299.0,431.0,883.0,880.6,0.5292438864707947,0.7646215856075287,0.6053143441677094,0.7521048486232758,0.7277534425258637,0.1502697574364183,737.0184258212274,0
sample_020,low,10,299.0,503.0,883.0,880.6,0.521808922290802,0.7609044313430786,0.5933203846216202,0.7542808949947357,0.7247382074594498,0.1421442928857856,695.4406948115706,0
sample_020,low,11,320.0,286.0,883.0,880.6,0.486064076423645,0.7430321127176285,0.5560751035809517,0.6803176403045654,0.680554921925068,0.1977321420508057,818.8517326109776,0
sample_020,low,12,375.0,308.0,883.0,880.6,0.4558412730693817,0.7279205769300461,0.5824941992759705,0.6596366614103317,0.6715217351913452,0.16200154320252633,765.4637548571454,0
sample_020,low,13,418.0,308.0,883.0,880.6,0.44961780309677124,0.7248085886240005,0.5886306166648865,0.6707882434129715,0.6759648561477662,0.1476279106402309,737.628470166384,0
sample_020,low,14,493.0,286.0,883.0,880.6,0.44445154070854187,0.7222259938716888,0.5721528008580208,0.6726683527231216,0.6723882988095284,0.15140178334484702,711.0901208707656,0
sample_020,low,15,461.0,308.0,883.0,880.6,0.4380095899105072,0.7190042734146118,0.5792105197906494,0.6669306308031082,0.6702160656452179,0.1385369986682258,711.3049697562924,0
sample_020,low,16,936.0,917.0,883.0,880.6,0.4075672924518585,0.7037836909294128,0.5680379867553711,0.5723903626203537,0.6240772187709809,0.42660578992789117,64.29587856153766,0
sample_020,low,17,364.0,373.0,883.0,880.6,0.40589553117752075,0.7029475271701813,0.5728107020258904,0.5909963473677635,0.632139690220356,0.13157697366940765,725.9605774420537,0
sample_020,low,18,364.0,431.0,883.0,880.6,0.39838412404060364,0.6991919279098511,0.5920832976698875,0.6073136553168297,0.6410188928246499,0.10783552290409687,686.6594206737427,0
sample_020,low,19,375.0,337.0,883.0,880.6,0.3948146104812622,0.6974068433046341,0.5441947467625141,0.5698422938585281,0.6157386042177677,0.14524806367039803,744.0194621110392,0
sample_020,low,20,364.0,460.0,883.0,880.6,0.394651859998703,0.6973262876272202,0.581487849354744,0.6072661504149437,0.6381345450878144,0.10023971268913333,668.0309573664981,0
sample_020,low,21,493.0,431.0,883.0,880.6,0.3932030498981476,0.6966014951467514,0.5945651158690453,0.6075618788599968,0.6405783727765083,0.04904079934095691,595.1807792595457,0
sample_020,low,22,493.0,373.0,883.0,880.6,0.39165744185447693,0.6958285272121429,0.5779998824000359,0.5964354276657104,0.6325055584311485,0.08993886812718958,640.123238134658,0
sample_020,low,23,493.0,460.0,883.0,880.6,0.3905695080757141,0.6952848583459854,0.5850848108530045,0.609755203127861,0.6390329867601395,0.028714108030722458,573.5890166312462,0
sample_020,low,24,396.0,395.0,883.0,880.6,0.38667401671409607,0.6933368593454361,0.5719615891575813,0.5810288041830063,0.6241385832428933,0.10450119616540281,687.7327678684504,0
sample_020,low,25,364.0,503.0,883.0,880.6,0.38462144136428833,0.6923107653856277,0.5979103222489357,0.615188792347908,0.6425818875432014,0.09618991631143048,641.8276715754782,0
sample_020,low,26,407.0,431.0,883.0,880.6,0.38438156247138977,0.6921906769275665,0.6070193350315094,0.6058408096432686,0.6406164616346359,0.08188406438373708,654.7642018314685,0
sample_020,low,27,461.0,395.0,883.0,880.6,0.37854060530662537,0.6892701238393784,0.569686196744442,0.5885221511125565,0.6250541493296623,0.07920227269466451,643.3438893779904,0
sample_020,low,28,418.0,337.0,883.0,880.6,0.37846529483795166,0.6892322301864624,0.5590520240366459,0.5803897306323051,0.6196591891348362,0.12902131606831485,715.3502358984723,0
sample_020,low,29,428.0,373.0,883.0,880.6,0.3771700859069824,0.6885849833488464,0.5679581016302109,0.5930591598153114,0.6262492775917055,0.10323032500191016,681.6764335078631,0
sample_020,low,30,483.0,337.0,883.0,880.6,0.3764672875404358,0.6882337331771851,0.5387876033782959,0.5627314373850822,0.6081435889005662,0.11588356225108028,674.9081122641808,0
sample_021,low,1,639.0,722.0,640.4,721.9,0.9519621133804321,0.975980818271637,0.7024092525243759,0.942052960395813,0.9076953619718552,0.1852093410171312,1.4035668847617988,1
sample_021,low,2,639.0,658.0,640.4,721.9,0.9372977614402771,0.9686487913131714,0.6362346261739731,0.9057372808456421,0.87700135409832,0.14880356178532822,63.91533462323417,0
sample_021,low,3,784.0,722.0,640.4,721.9,0.9369627237319946,0.9684814214706421,0.6951581835746765,0.9097542464733124,0.8903259038925172,0.25489213404889527,143.6000348189373,0
sample_021,low,4,736.0,722.0,640.4,721.9,0.9367167353630066,0.9683580994606018,0.6806316375732422,0.9053033888339996,0.885590922832489,0.2291069619195366,95.60005230124095,0
sample_021,low,5,784.0,658.0,640.4,721.9,0.9316835999488831,0.9658415615558624,0.6441208571195602,0.8909323215484619,0.8715337246656418,0.229804264538324,157.1756024324386,0
sample_021,low,6,736.0,658.0,640.4,721.9,0.9300717115402222,0.9650358259677887,0.6277011334896088,0.8856710195541382,0.8658229649066926,0.2008233054204616,114.98943429724316,0
sample_021,low,7,928.0,499.0,640.4,721.9,0.9296907186508179,0.9648454487323761,0.6453674137592316,0.883848637342453,0.868551117181778,0.3026425284060388,363.8655933170928,0
sample_021,low,8,687.0,722.0,640.4,721.9,0.9279800057411194,0.9639899730682373,0.6725716590881348,0.9020560383796692,0.8809327363967896,0.20524741167673707,46.60010729601384,0
sample_021,low,9,462.0,931.0,640.4,721.9,0.9263867139816284,0.9631935358047485,0.6379254013299942,0.8850536644458771,0.8668839603662493,0.30594525654110083,274.8624565123436,0
sample_021,low,10,760.0,674.0,640.4,721.9,0.9256219863891602,0.9628104865550995,0.6538594514131546,0.8757570683956146,0.8661989122629166,0.22121934815924216,128.835437671473,0
sample_021,low,11,639.0,786.0,640.4,721.9,0.924842357635498,0.9624210298061371,0.6292439699172974,0.8843855857849121,0.8645714402198792,0.2248521736608299,64.11528678872148,0
sample_021,low,12,760.0,642.0,640.4,721.9,0.9240491390228271,0.9620243608951569,0.6658787429332733,0.8725009858608246,0.8669858872890472,0.2094803093371785,143.83382773186565,0
sample_021,low,13,486.0,947.0,640.4,721.9,0.9222585558891296,0.9611295461654663,0.6421563029289246,0.8769963681697845,0.8636816263198852,0.31623171883920814,272.9640452513847,0
sample_021,low,14,928.0,403.0,640.4,721.9,0.921413242816925,0.9607064425945282,0.6886352449655533,0.8784419000148773,0.8733863860368729,0.3103167736362312,429.4309839776352,0
sample_021,low,15,341.0,947.0,640.4,721.9,0.9213244318962097,0.9606621861457825,0.6380447000265121,0.8750687539577484,0.8619013160467148,0.3354772719574308,374.5802584226777,0
sample_021,low,16,438.0,947.0,640.4,721.9,0.9203872680664062,0.9601936638355255,0.6438574194908142,0.8661700487136841,0.8593169689178468,0.31910264806171695,302.7140069438479,0
sample_021,low,17,639.0,690.0,640.4,721.9,0.9196559190750122,0.959828108549118,0.6393709629774094,0.8681586682796478,0.8590689033269883,0.16646471097502918,31.93070622457321,0
sample_021,low,18,688.0,658.0,640.4,721.9,0.9184072613716125,0.9592033624649048,0.6225169822573662,0.8649772703647614,0.8541756495833397,0.17364907140552177,79.68042419565799,0
sample_021,low,19,760.0,706.0,640.4,721.9,0.9183050990104675,0.9591523706912994,0.6321203410625458,0.8601014614105225,0.8541256010532379,0.23455916098076407,120.65226893846632,0
sample_021,low,20,663.0,674.0,640.4,721.9,0.9154686331748962,0.9577341973781586,0.6389695852994919,0.8651911020278931,0.856964036822319,0.1685897387150238,52.96385559983336,0
sample_021,low,21,414.0,931.0,640.4,721.9,0.9147861003875732,0.9573929905891418,0.6344984024763107,0.8635642826557159,0.8552825897932054,0.3107708158756224,308.18788100767364,0
sample_021,low,22,390.0,947.0,640.4,721.9,0.9144768118858337,0.957238644361496,0.6349478960037231,0.8595256209373474,0.853695285320282,0.32550652835235117,336.70487076964,0
sample_021,low,23,365.0,931.0,640.4,721.9,0.9142110347747803,0.957105815410614,0.644287720322609,0.8678849935531616,0.8588538676500321,0.319363429340305,345.78601764675216,0
sample_021,low,24,663.0,706.0,640.4,721.9,0.9135435223579407,0.956771582365036,0.623246543109417,0.8599095940589905,0.851321779191494,0.18574848586193102,27.632770400377886,0
sample_021,low,25,760.0,738.0,640.4,721.9,0.9134650826454163,0.9567322432994843,0.6136947199702263,0.8564181923866272,0.8479991182684898,0.24924285345822855,120.67878852557315,0
sample_021,low,26,712.0,674.0,640.4,721.9,0.9132201671600342,0.956609308719635,0.6449421495199203,0.8567538261413574,0.854333683848381,0.19393297811357407,86.1450520923866,0
sample_021,low,27,711.0,706.0,640.4,721.9,0.912096381187439,0.9560478329658508,0.620053842663765,0.8558562397956848,0.8487723976373673,0.20851498747092495,72.3682941625682,0
sample_021,low,28,712.0,642.0,640.4,721.9,0.9116789698600769,0.9558393955230713,0.6592852771282196,0.8536970615386963,0.855671638250351,0.18042727066604983,107.28732450760434,0
sample_021,low,29,639.0,754.0,640.4,721.9,0.9108615517616272,0.955431193113327,0.6242594867944717,0.8614162802696228,0.8515908867120743,0.20474007912472827,32.130515090798056,0
sample_021,low,30,663.0,738.0,640.4,721.9,0.9091576337814331,0.9545786678791046,0.6070233806967735,0.8531529009342194,0.8444973036646843,0.2039767143573011,27.74833328328031,0
sample_022,low,1,577.0,882.0,578.3,882.0,0.9233965873718262,0.9616979658603668,0.6854811608791351,0.9414703547954559,0.8983635604381561,0.2755476365349556,1.2999999999999545,1
sample_022,low,2,577.0,930.0,578.3,882.0,0.6398329138755798,0.8199168145656586,0.5666836798191071,0.7579800188541412,0.7444954693317414,0.3088923760794364,48.01760093965545,0
sample_022,low,3,721.0,882.0,578.3,882.0,0.5343968272209167,0.7671979665756226,0.5900252386927605,0.7294435948133469,0.7166616722941399,0.31206169261862304,142.70000000000005,0
sample_022,low,4,649.0,882.0,578.3,882.0,0.5327579379081726,0.7663789391517639,0.5899995267391205,0.7304193079471588,0.7167192041873932,0.28993533761858004,70.70000000000005,0
sample_022,low,5,793.0,882.0,578.3,882.0,0.5237330794334412,0.7618668675422668,0.5955744311213493,0.7232568114995956,0.7131643578410148,0.3404210628031115,214.70000000000005,0
sample_022,low,6,685.0,882.0,578.3,882.0,0.5125597715377808,0.7562800049781799,0.5967267081141472,0.7269074469804764,0.7126203224062919,0.30012414098169443,106.70000000000005,0
sample_022,low,7,757.0,882.0,578.3,882.0,0.5118107795715332,0.7559052407741547,0.6007925048470497,0.7230439782142639,0.7117381885647773,0.3255556788016452,178.70000000000005,0
sample_022,low,8,613.0,882.0,578.3,882.0,0.4791191518306732,0.739559531211853,0.5979532152414322,0.7141967415809631,0.7010931521654129,0.2816851078775731,34.700000000000045,0
sample_022,low,9,776.0,942.0,578.3,882.0,0.39825114607810974,0.6991253644227982,0.5316280871629715,0.6096581965684891,0.6298390418291092,0.3684698088039236,206.60418679203966,0
sample_022,low,10,631.0,942.0,578.3,882.0,0.39806026220321655,0.6990300416946411,0.5335941016674042,0.6149893626570702,0.6323265820741654,0.32597929382094193,79.8579363620173,0
sample_022,low,11,385.0,882.0,578.3,882.0,0.39424020051956177,0.6971206963062286,0.5423408560454845,0.6343340575695038,0.6410500727593899,0.28208952479665034,193.29999999999995,0
sample_022,low,12,457.0,882.0,578.3,882.0,0.39267387986183167,0.6963373571634293,0.5437678024172783,0.6314952224493027,0.6398865923285484,0.2718207129708845,121.29999999999995,0
sample_022,low,13,667.0,942.0,578.3,882.0,0.3913935124874115,0.6956970989704132,0.5322047919034958,0.6153031289577484,0.6308410495519639,0.334105522253075,107.0873008344127,0
sample_022,low,14,704.0,942.0,578.3,882.0,0.3867550194263458,0.693377673625946,0.5393101647496223,0.615226075053215,0.6313035324215889,0.34422376443238195,139.2856417582229,0
sample_022,low,15,505.0,882.0,578.3,882.0,0.3842766284942627,0.6921380758285522,0.5382471606135368,0.6383944749832153,0.6398624524474144,0.2701379277332229,73.29999999999995,0
sample_022,low,16,577.0,669.0,578.3,882.0,0.38423457741737366,0.6921167224645615,0.5579217970371246,0.6815044432878494,0.6610328257083893,0.1313202193114221,213.00396709920687,0
sample_022,low,17,577.0,749.0,578.3,882.0,0.3807983100414276,0.6903994083404541,0.5495055131614208,0.6912491321563721,0.6625605188310146,0.1842959576333675,133.00635323171596,0
sample_022,low,18,740.0,942.0,578.3,882.0,0.3762761652469635,0.6881382614374161,0.538324199616909,0.6129103824496269,0.628084297478199,0.3556430795052815,172.47286743137315,0
sample_022,low,19,577.0,589.0,578.3,882.0,0.36986416578292847,0.6849320977926254,0.5222133547067642,0.7646195590496063,0.6842633336782455,0.08321658488546618,293.0028839448513,0
sample_022,low,20,337.0,882.0,578.3,882.0,0.36544880270957947,0.6827249825000763,0.5341300182044506,0.62024737149477,0.6280149452388286,0.29367754425560016,241.29999999999995,0
sample_022,low,21,577.0,848.0,578.3,882.0,0.3623737394809723,0.6811870485544205,0.5292765647172928,0.5671815574169159,0.6052027553319932,0.252024800366948,34.02484386444705,0
sample_022,low,22,577.0,716.0,578.3,882.0,0.35834723711013794,0.6791739612817764,0.5554042160511017,0.6898300796747208,0.6586824595928191,0.16214962226289642,166.00509028340065,0
sample_022,low,23,577.0,781.0,578.3,882.0,0.35783982276916504,0.6789202243089676,0.5297058466821909,0.6733633875846863,0.6468546140938998,0.20602184350209082,101.00836599014956,0
sample_022,low,24,577.0,636.0,578.3,882.0,0.3519839644432068,0.6759922057390213,0.5251250751316547,0.6759735345840454,0.6458113111555577,0.11051018052650173,246.00343493536835,0
sample_022,low,25,480.0,589.0,578.3,882.0,0.3414247930049896,0.6707127094268799,0.516840385273099,0.6290304213762283,0.6232653293758631,0.0645019379553824,309.04997977673446,0
sample_022,low,26,408.0,589.0,578.3,882.0,0.3359967768192291,0.667997881770134,0.5136794596910477,0.6277031898498535,0.6210163205862045,0.09051243008559652,338.89687221926374,0
sample_022,low,27,360.0,588.0,578.3,882.0,0.320039302110672,0.6600194722414017,0.5046355472877622,0.6228512525558472,0.6140753993764521,0.11692732785794772,366.184229589424,0
sample_022,low,28,931.0,894.0,578.3,882.0,0.319017618894577,0.6595084518194199,0.4956059758551419,0.5627277120947838,0.5880156607367099,0.4129146400892078,352.9040804524652,0
sample_022,low,29,504.0,605.0,578.3,882.0,0.3123238980770111,0.6561617255210876,0.4983275047270581,0.5550820603966713,0.5841630153125152,0.07430006729472054,286.79171884836563,0
sample_022,low,30,432.0,605.0,578.3,882.0,0.30615583062171936,0.6530778706073761,0.4934189189225435,0.5413041077554226,0.5764365751296282,0.08845620385252806,313.26137648934633,0
sample_023,low,1,692.0,337.0,670.9,337.1,0.9044587016105652,0.952229380607605,0.7510926425457001,0.9037858545780182,0.8926246225833894,0.17809126873600514,21.100236965494034,0
sample_023,low,2,649.0,337.0,670.9,337.1,0.9033427834510803,0.9516714811325073,0.7575618624687195,0.9033043086528778,0.893502688407898,0.1561569723067145,21.900228309312187,0
sample_023,low,3,757.0,337.0,670.9,337.1,0.8919069766998291,0.9459536373615265,0.7474791407585144,0.8875592648983002,0.8829009890556336,0.2151952601708504,86.10005807198974,0
sample_023,low,4,764.0,921.0,670.9,337.1,0.8779708743095398,0.938985288143158,0.7206511795520782,0.8577908575534821,0.8628406941890717,0.35138084751448817,591.2755871841827,0
sample_023,low,5,670.0,467.0,670.9,337.1,0.8751694560050964,0.937584787607193,0.7328979969024658,0.8509150445461273,0.8619795322418213,0.12245203142455414,129.90311774549522,0
sample_023,low,6,721.0,921.0,670.9,337.1,0.8676038384437561,0.9338017404079437,0.7102610021829605,0.8465688824653625,0.8542004495859148,0.3362157045707413,586.0454077970409,0
sample_023,low,7,947.0,630.0,670.9,337.1,0.8670893311500549,0.9335447251796722,0.6692073047161102,0.8397867381572723,0.843174046278,0.3291724472066275,402.5190927148674,0
sample_023,low,8,133.0,922.0,670.9,337.1,0.8646993637084961,0.93234983086586,0.6741796582937241,0.8427870869636536,0.8448906987905503,0.3954573301887322,794.6347714516398,0
sample_023,low,9,746.0,474.0,670.9,337.1,0.8589471578598022,0.9294737875461578,0.7006040215492249,0.8274034261703491,0.8428716897964478,0.17491712323268982,156.14614948822785,0
sample_023,low,10,678.0,921.0,670.9,337.1,0.8587682843208313,0.9293842911720276,0.7016875296831131,0.8361960351467133,0.8465696364641191,0.3232065902793444,583.9431650426263,0
sample_023,low,11,198.0,922.0,670.9,337.1,0.8586837649345398,0.9293420612812042,0.6619928330183029,0.8373269736766815,0.8390661805868149,0.36693868697644844,752.1585072310223,0
sample_023,low,12,947.0,688.0,670.9,337.1,0.8582605719566345,0.9291303753852844,0.7090026885271072,0.8268566131591797,0.8441953331232072,0.3428942985819391,446.4997424411351,0
sample_023,low,13,635.0,921.0,670.9,337.1,0.8578612208366394,0.9289305806159973,0.6921840757131577,0.8321765661239624,0.8428796738386155,0.3126227758817326,585.0025811908866,0
sample_023,low,14,670.0,496.0,670.9,337.1,0.8558875918388367,0.9279435575008392,0.7250940501689911,0.8204749822616577,0.8443862259387971,0.12024142381059864,158.9025487523721,0
sample_023,low,15,638.0,474.0,670.9,337.1,0.8554607629776001,0.9277307689189911,0.6894987970590591,0.8280210793018341,0.840200498700142,0.09929753269845126,140.7977982782401,0
sample_023,low,16,638.0,373.0,670.9,337.1,0.8537798523902893,0.9268899857997894,0.6986994594335556,0.8260469734668732,0.8409146755933762,0.13261410181424899,48.695174298897385,0
sample_023,low,17,768.0,373.0,670.9,337.1,0.8532321453094482,0.9266159236431122,0.6958900392055511,0.8192037343978882,0.8375058710575103,0.20970574622551474,103.52400687763203,0
sample_023,low,18,89.0,922.0,670.9,337.1,0.8524899482727051,0.9262452721595764,0.6715501695871353,0.8288878500461578,0.8363632827997207,0.41653631294282134,825.0549193841582,0
sample_023,low,19,692.0,366.0,670.9,337.1,0.8507076501846313,0.925353616476059,0.6904663145542145,0.8143602311611176,0.8339788019657135,0.16555965692160635,35.78295683701948,0
sample_023,low,20,924.0,930.0,670.9,337.1,0.8506726026535034,0.9253365099430084,0.7030820101499557,0.8209787011146545,0.8391424864530563,0.42701053851163906,644.6627180161731,0
sample_023,low,21,936.0,753.0,670.9,337.1,0.8483827114105225,0.9241914749145508,0.6471961587667465,0.8068163990974426,0.8218423813581467,0.35644424528949825,493.20464312494056,0
sample_023,low,22,936.0,724.0,670.9,337.1,0.8448777794837952,0.9224389791488647,0.6708873957395554,0.8042955696582794,0.8248712986707687,0.3466064050187186,469.0091896754263,0
sample_023,low,23,724.0,503.0,670.9,337.1,0.8431755900382996,0.9215874075889587,0.707350954413414,0.8131981194019318,0.835384401679039,0.1584061236190066,174.19075750452433,0
sample_023,low,24,768.0,503.0,670.9,337.1,0.8398751020431519,0.9199371933937073,0.7119352221488953,0.8074770867824554,0.8333527565002441,0.18951649004770008,192.22700122511407,0
sample_023,low,25,638.0,503.0,670.9,337.1,0.8393121957778931,0.9196557700634003,0.708067923784256,0.8164080381393433,0.8360391080379488,0.09760379090998463,169.13077780226754,0
sample_023,low,26,936.0,782.0,670.9,337.1,0.8387052416801453,0.9193528294563293,0.6625024676322937,0.7930737435817719,0.8174711227416993,0.3671648131289271,517.8938308186341,0
sample_023,low,27,724.0,373.0,670.9,337.1,0.8376500010490417,0.9188248217105865,0.6787439733743668,0.8032014071941376,0.824559286236763,0.182078279868852,64.0969578061237,0
sample_023,low,28,947.0,659.0,670.9,337.1,0.833896815776825,0.9169484376907349,0.6457361727952957,0.7813831865787506,0.8084798842668535,0.3354772719574308,424.08822195387603,0
sample_023,low,29,670.0,438.0,670.9,337.1,0.831341028213501,0.9156705439090729,0.6414473205804825,0.7722452580928802,0.8034557849168777,0.12795311641378648,100.9040137952896,0
sample_023,low,30,945.0,944.0,670.9,337.1,0.8257461190223694,0.912872701883316,0.6715962439775467,0.781317800283432,0.8119954496622086,0.44450028121475915,665.9267377121901,0
sample_024,low,1,695.0,284.0,695.3,283.5,0.8906218409538269,0.9453101754188538,0.626380130648613,0.8925862312316895,0.86043458878994,0.20576807332528532,0.5830951894845067,1
sample_024,low,2,766.0,284.0,695.3,283.5,0.8356813788414001,0.9178403913974762,0.5949649140238762,0.8600981831550598,0.8301684126257898,0.24229321080046795,70.70176801183975,0
sample_024,low,3,646.0,284.0,695.3,283.5,0.8260416388511658,0.9130208790302277,0.5778544321656227,0.8419134616851807,0.817544622719288,0.18435292240699627,49.30253543176046,0
sample_024,low,4,816.0,284.0,695.3,283.5,0.6860265135765076,0.8430132865905762,0.5639666318893433,0.7646263539791107,0.7558491826057434,0.2706584563615185,120.70103562107498,0
sample_024,low,5,345.0,579.0,695.3,283.5,0.6178270578384399,0.8089122176170349,0.5452228337526321,0.7571587264537811,0.7354729443788528,0.12301625908797584,458.2906719539467,0
sample_024,low,6,488.0,579.0,695.3,283.5,0.6165696382522583,0.8082851469516754,0.5381273292005062,0.7592739760875702,0.7346491150557996,0.05650221234606659,360.96196475529104,0
sample_024,low,7,440.0,579.0,695.3,283.5,0.6148542165756226,0.8074266314506531,0.5530000440776348,0.7626534700393677,0.7386320494115353,0.07014627573863064,390.51035837734184,0
sample_024,low,8,368.0,596.0,695.3,283.5,0.6135529279708862,0.8067765235900879,0.5684459060430527,0.6388737857341766,0.6919493049383164,0.11541230437002807,452.5279438885515,0
sample_024,low,9,393.0,579.0,695.3,283.5,0.6120768785476685,0.8060379922389984,0.5458627492189407,0.7606602013111115,0.7358518272638321,0.09404786015641184,422.73578036404723,0
sample_024,low,10,718.0,299.0,695.3,283.5,0.6079808473587036,0.803989440202713,0.5216513592749834,0.6693495959043503,0.693665886297822,0.20967236346261756,27.48708787776548,0
sample_024,low,11,464.0,596.0,695.3,283.5,0.6025091409683228,0.801254391670227,0.559684507548809,0.6354655027389526,0.6866248592734336,0.07249827584156743,388.7877827298589,0
sample_024,low,12,416.0,596.0,695.3,283.5,0.6011223196983337,0.8005609810352325,0.5771900191903114,0.6408769190311432,0.6920131638646126,0.09019977827023745,419.12377646704795,0
sample_024,low,13,433.0,295.0,695.3,283.5,0.5972572565078735,0.7986292541027069,0.5604816973209381,0.6725205928087234,0.7005562782287598,0.1525024589965683,262.5519758066962,0
sample_024,low,14,385.0,295.0,695.3,283.5,0.5969575047492981,0.7984791398048401,0.5472518391907215,0.6688903868198395,0.6963981784880162,0.1662077013859466,310.5130271019236,0
sample_024,low,15,481.0,295.0,695.3,283.5,0.5957319736480713,0.7978657186031342,0.5599966682493687,0.6781471073627472,0.7024044640362264,0.14557815770231466,214.60834093762523,0
sample_024,low,16,337.0,295.0,695.3,283.5,0.58427894115448,0.7921397984027863,0.5416419841349125,0.6654022783041,0.6913452275097371,0.1851944923587092,358.4845045465703,0
sample_024,low,17,671.0,299.0,695.3,283.5,0.5809517502784729,0.7904751896858215,0.5403986983001232,0.6845692247152328,0.6980975054204464,0.1866038584810078,28.822560607968157,0
sample_024,low,18,512.0,596.0,695.3,283.5,0.5747290849685669,0.7873638272285461,0.5529973208904266,0.6164155304431915,0.6721112072467804,0.06841052550594827,362.2915124592349,0
sample_024,low,19,457.0,311.0,695.3,283.5,0.5721662640571594,0.7860842347145081,0.5616400726139545,0.5747322365641594,0.6566546030342579,0.13705838172107535,239.88151241811025,0
sample_024,low,20,361.0,311.0,695.3,283.5,0.5697829127311707,0.784892201423645,0.5563546232879162,0.5691813305020332,0.6529003374278546,0.16589454481688057,335.42918775801246,0
sample_024,low,21,409.0,311.0,695.3,283.5,0.5687360167503357,0.7843683660030365,0.5553812310099602,0.5740566179156303,0.6544462397694588,0.14832734070291964,287.61769764741524,0
sample_024,low,22,790.0,299.0,695.3,283.5,0.5622026920318604,0.7811008095741272,0.527988662943244,0.6600837409496307,0.682071552798152,0.24950050100150098,95.96009587323269,0
sample_024,low,23,743.0,299.0,695.3,283.5,0.559293270111084,0.779646098613739,0.5309169664978981,0.6693549454212189,0.6857838109135628,0.22299103120977756,50.155159256052656,0
sample_024,low,24,505.0,311.0,695.3,283.5,0.5563925504684448,0.7781955301761627,0.5471694506704807,0.5669615715742111,0.6474967308342457,0.1336899397860587,192.2767276609418,0
sample_024,low,25,409.0,279.0,695.3,283.5,0.547278106212616,0.7736396193504333,0.5363961383700371,0.7307974249124527,0.7090540453791618,0.16899999999999998,286.33536281779794,0
sample_024,low,26,623.0,299.0,695.3,283.5,0.5447872281074524,0.7723928391933441,0.5251943655312061,0.6488038301467896,0.6735175408422946,0.16662832892398577,73.94281574297798,0
sample_024,low,27,695.0,411.0,695.3,283.5,0.5441973209381104,0.7720982730388641,0.559209119528532,0.6873824000358582,0.6956340931355953,0.15156846637740978,127.50035294068797,0
sample_024,low,28,673.0,269.0,695.3,283.5,0.5436413884162903,0.771819680929184,0.5586446709930897,0.6536675542593002,0.6819238282740117,0.20407106605298064,26.599624057493706,0
sample_024,low,29,791.0,411.0,695.3,283.5,0.5420883893966675,0.7710437178611755,0.5675495490431786,0.6864631921052933,0.6965126737952233,0.215176671598015,159.42001129092924,0
sample_024,low,30,647.0,411.0,695.3,283.5,0.5419049263000488,0.7709528505802155,0.5570953749120235,0.6824642568826675,0.692785917967558,0.12151131634543343,136.34199646477234,0
sample_025,low,1,438.0,876.0,439.7,875.5,0.8666046261787415,0.9333019554615021,0.6484460979700089,0.8818728625774384,0.855759146809578,0.269462427807663,1.772004514666924,1
sample_025,low,2,342.0,876.0,439.7,875.5,0.8440161347389221,0.9220080375671387,0.6218402087688446,0.8665395081043243,0.8397870600223541,0.2883920942050943,97.70127941843954,0
sample_025,low,3,486.0,876.0,439.7,875.5,0.8273034691810608,0.9136522710323334,0.6294847726821899,0.843875378370285,0.8289080142974854,0.26605638500137524,46.30269970530877,0
sample_025,low,4,391.0,875.0,439.7,875.5,0.8213645219802856,0.9106824696063995,0.5856674462556839,0.8571258783340454,0.8242568284273148,0.27613945752101415,48.70256666747656,0
sample_025,low,5,515.0,876.0,439.7,875.5,0.6887397766113281,0.8443697690963745,0.6234044507145882,0.8005732297897339,0.7826580896973611,0.2660836334688776,75.30166000826279,0
sample_025,low,6,467.0,895.0,439.7,875.5,0.5439781546592712,0.7719890177249908,0.6251794993877411,0.7220839709043503,0.7226650953292847,0.28028021692584726,33.549068541466255,0
sample_025,low,7,294.0,876.0,439.7,875.5,0.5006703734397888,0.7503353357315063,0.569626197218895,0.7191015928983688,0.7017000108957292,0.30316002374983414,145.7008579247219,0
sample_025,low,8,111.0,165.0,439.7,875.5,0.4992970824241638,0.7496483623981476,0.6375548988580704,0.6630262285470963,0.6925808161497116,0.363005509600061,782.8498834387088,0
sample_025,low,9,188.0,62.0,439.7,875.5,0.4969087243080139,0.7484528422355652,0.6009635999798775,0.6604585349559784,0.683757270872593,0.3802551774795446,851.5486715390965,0
sample_025,low,10,188.0,165.0,439.7,875.5,0.49643275141716003,0.7482158839702606,0.6297620832920074,0.6547899842262268,0.6871547639369964,0.3237043404095781,753.7659716384125,0
sample_025,low,11,92.0,139.0,439.7,875.5,0.4929863214492798,0.7464937716722488,0.6363465189933777,0.6700043678283691,0.6938685595989227,0.38521747104719956,814.4492249367054,0
sample_025,low,12,140.0,171.0,439.7,875.5,0.4923120439052582,0.7461555898189545,0.5877498760819435,0.6554978340864182,0.6782113447785378,0.3448485174681776,765.5980276881596,0
sample_025,low,13,92.0,62.0,439.7,875.5,0.4909384250640869,0.7454680502414703,0.5958612188696861,0.6545664817094803,0.6791860565543175,0.423265873890159,884.6906464974071,0
sample_025,low,14,82.0,184.0,439.7,875.5,0.4903125464916229,0.7451564967632294,0.5972262695431709,0.6553017944097519,0.6796285703778268,0.37052665221276593,778.5380787090636,0
sample_025,low,15,54.0,165.0,439.7,875.5,0.48919200897216797,0.744595855474472,0.6246488466858864,0.6472258567810059,0.6816584542393684,0.39442426395950847,808.439694720639,0
sample_025,low,16,54.0,62.0,439.7,875.5,0.4891524314880371,0.7445754855871201,0.5875804796814919,0.6416003108024597,0.6719864144921303,0.44201809917694546,900.3036932057981,0
sample_025,low,17,188.0,139.0,439.7,875.5,0.48818904161453247,0.7440951615571976,0.6241881847381592,0.6695654839277267,0.6903018951416016,0.3373907230497009,778.3220027726314,0
sample_025,low,18,130.0,139.0,439.7,875.5,0.48420220613479614,0.7421012073755264,0.6176875084638596,0.6609971523284912,0.684776845574379,0.36552770072868623,798.965794011233,0
sample_025,low,19,150.0,62.0,439.7,875.5,0.48412811756134033,0.7420628666877747,0.5891587063670158,0.6506620049476624,0.6749216899275781,0.39644924013043586,863.5440579379838,0
sample_025,low,20,140.0,107.0,439.7,875.5,0.48369383811950684,0.7418474406003952,0.6350607424974442,0.6608071476221085,0.6880739837884904,0.37686138035091893,824.871105082485,0
sample_025,low,21,381.0,914.0,439.7,875.5,0.4832266569137573,0.7416129410266876,0.6249728873372078,0.66143898665905,0.6862153485417366,0.3045956335865634,70.19928774567445,0
sample_025,low,22,448.0,946.0,439.7,875.5,0.4824696183204651,0.7412350475788116,0.6221776679158211,0.6519828885793686,0.6817227080464363,0.31750590545689067,70.98690019996647,0
sample_025,low,23,82.0,107.0,439.7,875.5,0.482344388961792,0.7411725372076035,0.6322762966156006,0.6558274179697037,0.6852552413940429,0.40569261763063913,847.6682959743157,0
sample_025,low,24,178.0,210.0,439.7,875.5,0.4805043935775757,0.740253135561943,0.6201286092400551,0.6453252136707306,0.6782570615410806,0.30641801513618616,715.1063836940627,0
sample_025,low,25,178.0,107.0,439.7,875.5,0.47874847054481506,0.7393746227025986,0.632590264081955,0.6526608616113663,0.683332246541977,0.3592582636488686,811.8368924851839,0
sample_025,low,26,54.0,88.0,439.7,875.5,0.47662320733070374,0.7383113205432892,0.6167417541146278,0.6566622704267502,0.6813377872109414,0.4293366977093852,876.8812576398243,0
sample_025,low,27,496.0,927.0,439.7,875.5,0.4760253131389618,0.7380130141973495,0.6250030696392059,0.6441126465797424,0.6778508782386781,0.30194784317825485,76.30163825239929,0
sample_025,low,28,54.0,139.0,439.7,875.5,0.4754939675331116,0.7377468794584274,0.6163856238126755,0.6530402451753616,0.6795919746160508,0.4057320544398729,831.3824270454602,0
sample_025,low,29,82.0,210.0,439.7,875.5,0.4747784733772278,0.7373904436826706,0.6242170855402946,0.6369168907403946,0.674566350877285,0.35973879412707216,755.53923789569,0
sample_025,low,30,111.0,88.0,439.7,875.5,0.4725644290447235,0.7362823039293289,0.6077920347452164,0.6551361531019211,0.6781257897615434,0.4006650720988791,853.3463189116128,0
sample_026,low,1,256.0,134.0,255.8,134.0,0.890557050704956,0.9452788233757019,0.7166128903627396,0.9300457835197449,0.8934524208307266,0.31104019032915986,0.19999999999998863,1
sample_026,low,2,256.0,91.0,255.8,134.0,0.890169084072113,0.9450843930244446,0.694475919008255,0.9261209666728973,0.8873773276805879,0.3367617852429221,43.000465113763596,0
sample_026,low,3,256.0,62.0,255.8,134.0,0.8820787668228149,0.9410393238067627,0.6949009150266647,0.9200176000595093,0.8834029525518419,0.354527855041039,72.00027777724195,0
sample_026,low,4,255.0,206.0,255.8,134.0,0.8696892261505127,0.9348444640636444,0.681519940495491,0.9124928712844849,0.8752389222383499,0.2706113449210879,72.0044443072787,0
sample_026,low,5,256.0,163.0,255.8,134.0,0.8630894422531128,0.931544840335846,0.6651050001382828,0.9058365523815155,0.8679735571146012,0.2941980625361085,29.00068964697219,0
sample_026,low,6,544.0,147.0,255.8,134.0,0.7699213027954102,0.8849605619907379,0.6334229409694672,0.8552326261997223,0.8227618634700775,0.25154025522766726,288.4930501762564,0
sample_026,low,7,544.0,190.0,255.8,134.0,0.7662878036499023,0.8831440210342407,0.6227727010846138,0.853130578994751,0.8190643802285195,0.22140009033421826,293.59025869398323,0
sample_026,low,8,544.0,104.0,255.8,134.0,0.7593637704849243,0.8796817362308502,0.6064105778932571,0.8494909107685089,0.812951174378395,0.28173746644704534,289.7572087110172,0
sample_026,low,9,544.0,61.0,255.8,134.0,0.7524431943893433,0.8762216567993164,0.6012448966503143,0.845956027507782,0.8091200530529022,0.31197515926752883,297.30159770845495,0
sample_026,low,10,254.0,938.0,255.8,134.0,0.7024093270301819,0.8512051701545715,0.621606633067131,0.875212550163269,0.8148884147405624,0.35521824277477637,804.0020149228483,0
sample_026,low,11,202.0,84.0,255.8,134.0,0.6183800101280212,0.809189647436142,0.6113925874233246,0.653235986828804,0.7072487711906433,0.36184250717681027,73.44685153224746,0
sample_026,low,12,202.0,156.0,255.8,134.0,0.6176215410232544,0.80881068110466,0.5906725898385048,0.6442097723484039,0.6993426993489267,0.321822932681933,58.12434945872514,0
sample_026,low,13,202.0,127.0,255.8,134.0,0.6175735592842102,0.8087868690490723,0.6120688021183014,0.6536243706941605,0.7073782563209534,0.3375892474590978,54.25347915111068,0
sample_026,low,14,202.0,55.0,255.8,134.0,0.6147600412368774,0.8073802292346954,0.6147080287337303,0.6577876508235931,0.7090087577700614,0.37870106944660187,95.57949570906933,0
sample_026,low,15,942.0,641.0,255.8,134.0,0.6137483716011047,0.8068743348121643,0.6000916510820389,0.6469682306051254,0.7015553563833237,0.32805868377471736,853.1819501138078,0
sample_026,low,16,393.0,176.0,255.8,134.0,0.6135287284851074,0.8067640662193298,0.5997341573238373,0.6500656455755234,0.7026787161827088,0.24127266732889574,143.4846333235723,0
sample_026,low,17,202.0,199.0,255.8,134.0,0.6132020950317383,0.8066012859344482,0.6088166460394859,0.6479367166757584,0.7035785302519799,0.29950375623687925,84.37677405542358,0
sample_026,low,18,361.0,97.0,255.8,134.0,0.612244725227356,0.8061225116252899,0.5995979532599449,0.6312712579965591,0.6948770985007287,0.30143821920917724,111.51699422061195,0
sample_026,low,19,393.0,147.0,255.8,134.0,0.6119314432144165,0.8059657514095306,0.622329868376255,0.6557328999042511,0.7091454342007637,0.260823695242591,137.81451302384664,0
sample_026,low,20,393.0,90.0,255.8,134.0,0.6095710396766663,0.8047856390476227,0.6147435978055,0.6533128172159195,0.7061881020665168,0.2996239309534537,144.08275399922087,0
sample_026,low,21,404.0,54.0,255.8,134.0,0.6085628867149353,0.8042812347412109,0.6052039116621017,0.6461367011070251,0.7012079566717148,0.3225926223582926,168.41389491369173,0
sample_026,low,22,931.0,691.0,255.8,134.0,0.6083461046218872,0.8041736781597137,0.6102703958749771,0.6485727280378342,0.7031526416540146,0.33334816633663966,875.2965440352201,0
sample_026,low,23,137.0,127.0,255.8,134.0,0.6081568598747253,0.8040781915187836,0.6066718399524689,0.6603831052780151,0.7071188867092133,0.36803396582380815,119.00605026636252,0
sample_026,low,24,393.0,205.0,255.8,134.0,0.6077646613121033,0.8038823008537292,0.5924889519810677,0.6419370919466019,0.6968255475163461,0.2218941188945755,154.48249091725572,0
sample_026,low,25,361.0,54.0,255.8,134.0,0.6069971323013306,0.8034984767436981,0.6021785214543343,0.6351172477006912,0.6958819940686226,0.33033089471013755,132.16292974960868,0
sample_026,low,26,137.0,170.0,255.8,134.0,0.6067802309989929,0.8033901751041412,0.6118116229772568,0.6613308191299438,0.7082507222890855,0.34689263468687254,124.13476547688002,0
sample_026,low,27,436.0,176.0,255.8,134.0,0.6054831743240356,0.802741676568985,0.6117408722639084,0.6576453000307083,0.7065029650926591,0.23352944139872386,185.0298354320189,0
sample_026,low,28,148.0,91.0,255.8,134.0,0.6051912903785706,0.8025958836078644,0.6174682080745697,0.6563978493213654,0.7070911347866059,0.3815658527698724,116.05963984090249,0
sample_026,low,29,361.0,140.0,255.8,134.0,0.6027172207832336,0.8013585805892944,0.5769340470433235,0.617747001349926,0.6830290421843529,0.27287451328403683,105.37096374238966,0
sample_026,low,30,350.0,176.0,255.8,134.0,0.602205753326416,0.8011027872562408,0.6031685397028923,0.6369902342557907,0.6958709165453911,0.25246385879963096,103.13893542208004,0
sample_027,low,1,876.0,235.0,876.7,234.7,0.8852083086967468,0.9426037669181824,0.6387860774993896,0.9289846122264862,0.8763925671577455,0.3252698879392312,0.7615773105864371,1
sample_027,low,2,876.0,209.0,876.7,234.7,0.7132920622825623,0.8566457033157349,0.6180526688694954,0.7862864136695862,0.7807833805680275,0.3361971148002314,25.709531306501866,0
sample_027,low,3,876.0,151.0,876.7,234.7,0.7080588340759277,0.8540290296077728,0.6195892319083214,0.7830871343612671,0.7787643119692803,0.36275129220996577,83.70292706948783,0
sample_027,low,4,877.0,56.0,876.7,234.7,0.704754114151001,0.8523766100406647,0.6300309896469116,0.7940675318241119,0.784583854675293,0.41186466223748786,178.7002518185131,0
sample_027,low,5,877.0,113.0,876.7,234.7,0.668976902961731,0.8344879746437073,0.5739023685455322,0.7522301375865936,0.7494677186012269,0.38203272111168696,121.70036976114739,0
sample_027,low,6,876.0,177.0,876.7,234.7,0.6418653130531311,0.8209324777126312,0.5887867957353592,0.7424220144748688,0.7430991560220719,0.3505032096857317,57.70424594429771,0
sample_027,low,7,875.0,934.0,876.7,234.7,0.565950334072113,0.7829747200012207,0.5926222205162048,0.7630475759506226,0.7369333624839783,0.40557428419464664,699.3020663490134,0
sample_027,low,8,934.0,235.0,876.7,234.7,0.5487972497940063,0.7743991911411285,0.610367976129055,0.7285840213298798,0.7232668802142144,0.3595698819423006,57.30078533493232,0
sample_027,low,9,925.0,75.0,876.7,234.7,0.46544209122657776,0.7327213734388351,0.5885936692357063,0.617781937122345,0.6579200580716134,0.42499999999999993,166.8441788016591,0
sample_027,low,10,933.0,934.0,876.7,234.7,0.4564730226993561,0.7282364219427109,0.5783007889986038,0.6079633682966232,0.6501400738954545,0.4335002883505384,701.5626700445227,0
sample_027,low,11,944.0,190.0,876.7,234.7,0.45465943217277527,0.7273297011852264,0.5929904878139496,0.6055055260658264,0.6517321884632111,0.38290729948644225,80.79220259406222,0
sample_027,low,12,925.0,50.0,876.7,234.7,0.4537203907966614,0.7268600910902023,0.5746467337012291,0.6014745831489563,0.6462632164359092,0.4376785350002899,190.91092163624373,0
sample_027,low,13,944.0,164.0,876.7,234.7,0.4518245756626129,0.7259123027324677,0.5927162989974022,0.6053932160139084,0.6510654672980308,0.39372071319655005,97.61034781210438,0
sample_027,low,14,925.0,113.0,876.7,234.7,0.4401540756225586,0.720077246427536,0.5748596712946892,0.601642444729805,0.6436598107218743,0.4064443381325418,130.93425831309386,0
sample_027,low,15,858.0,81.0,876.7,234.7,0.4055171012878418,0.7027585655450821,0.5544820055365562,0.5876465290784836,0.6270584389567375,0.38969539386551644,154.83339433080965,0
sample_027,low,16,285.0,525.0,876.7,234.7,0.3534500002861023,0.6767243295907974,0.5121268201619387,0.7529257237911224,0.6742853853851557,0.15305227865013968,659.0773702684686,0
sample_027,low,17,839.0,235.0,876.7,234.7,0.3331688940525055,0.6665837168693542,0.5363140590488911,0.5720375031232834,0.6027112998068334,0.30425811410708503,37.70119361505685,0
sample_027,low,18,285.0,430.0,876.7,234.7,0.30794328451156616,0.6539714187383652,0.5283018164336681,0.6645916998386383,0.6330856107175351,0.15988276955319483,623.0978895807625,0
sample_027,low,19,285.0,358.0,876.7,234.7,0.2947329580783844,0.6473662704229355,0.52800696156919,0.6729583442211151,0.6337312381714583,0.1821935783720162,604.4102745652162,0
sample_027,low,20,214.0,525.0,876.7,234.7,0.29255014657974243,0.6462748050689697,0.5248635280877352,0.5984072610735893,0.6028455320745707,0.20300369454766085,723.4952522304484,0
sample_027,low,21,282.0,819.0,876.7,234.7,0.2921086251735687,0.6460540890693665,0.5086402539163828,0.7109654247760773,0.644535856321454,0.2732077963748472,833.7113289382602,0
sample_027,low,22,159.0,525.0,876.7,234.7,0.2918229103088379,0.645911231637001,0.5226404201239347,0.6181230172514915,0.610141783580184,0.24177055238386663,774.1882070917898,0
sample_027,low,23,105.0,525.0,876.7,234.7,0.2907698452472687,0.645384669303894,0.5199428331106901,0.6155490502715111,0.6083620544523001,0.2798660393831306,824.4968041175175,0
sample_027,low,24,663.0,234.0,876.7,234.7,0.2881927788257599,0.6440961956977844,0.49613057752139866,0.6117494478821754,0.6015643729362637,0.2205957841845578,213.70114646393458,0
sample_027,low,25,771.0,234.0,876.7,234.7,0.28308334946632385,0.6415411084890366,0.49746368546038866,0.6097175180912018,0.5999961877241731,0.26851163848146326,105.70231785538105,0
sample_027,low,26,285.0,394.0,876.7,234.7,0.2824063003063202,0.6412027925252914,0.5218039881438017,0.6651204824447632,0.6268901076167822,0.16950073746152255,612.7686186481811,0
sample_027,low,27,69.0,525.0,876.7,234.7,0.28161996603012085,0.6408099681138992,0.5161163806915283,0.6167290434241295,0.6062388807535172,0.3052752856030111,858.2851391000546,0
sample_027,low,28,282.0,697.0,876.7,234.7,0.28075945377349854,0.6403795182704926,0.5041856835596263,0.6296229362487793,0.6088381185196341,0.20776549280378587,753.2525340149875,0
sample_027,low,29,592.0,232.0,876.7,234.7,0.2806907892227173,0.6403450667858124,0.49307580944150686,0.679288774728775,0.6264686984941363,0.2003596765818911,284.712802662613,0
sample_027,low,30,735.0,235.0,876.7,234.7,0.2804848849773407,0.6402423083782196,0.5193146914243698,0.6271806508302689,0.6108321219682694,0.25044959572736386,141.7003175719801,0
sample_028,low,1,251.0,839.0,252.4,838.7,0.8666592240333557,0.9333292841911316,0.6485269665718079,0.9209752678871155,0.8714272141456605,0.2974239398568985,1.4317821063276315,1
sample_028,low,2,215.0,839.0,252.4,838.7,0.5596830248832703,0.7798406779766083,0.59496209025383,0.7254260629415512,0.7210991144180299,0.3131660901183268,37.401203189202356,0
sample_028,low,3,251.0,791.0,252.4,838.7,0.5447298884391785,0.7723650932312012,0.6272767782211304,0.7702992260456085,0.74252108335495,0.27081543530604013,47.72054065075127,0
sample_028,low,4,179.0,839.0,252.4,838.7,0.542953372001648,0.7714759111404419,0.605428509414196,0.7608161866664886,0.7340025410056115,0.33012270446002345,73.40061307645871,0
sample_028,low,5,251.0,743.0,252.4,838.7,0.5333401560783386,0.7666695415973663,0.5729223489761353,0.7486324310302734,0.720705258846283,0.24601829200285086,95.71023978655579,0
sample_028,low,6,106.0,839.0,252.4,838.7,0.522172749042511,0.7610853016376495,0.5980656370520592,0.7426967173814774,0.7211259350180625,0.3675302708621427,146.40030737672652,0
sample_028,low,7,143.0,839.0,252.4,838.7,0.5044891834259033,0.7522437572479248,0.5987677201628685,0.7290187925100327,0.7122585639357567,0.3481163598568731,109.40041133377882,0
sample_028,low,8,252.0,647.0,252.4,838.7,0.5007367134094238,0.7503682672977448,0.5668033212423325,0.7297479957342148,0.7054071694612504,0.20385411450348506,191.700417318273,0
sample_028,low,9,71.0,839.0,252.4,838.7,0.5004399418830872,0.7502191066741943,0.5940783619880676,0.7236112207174301,0.7083478033542634,0.38662772792442085,181.40024807039265,0
sample_028,low,10,251.0,695.0,252.4,838.7,0.49318116903305054,0.7465903013944626,0.5464465357363224,0.7376678884029388,0.7029925830662251,0.2236358647444546,143.70681960157637,0
sample_028,low,11,99.0,815.0,252.4,838.7,0.3616664409637451,0.680833026766777,0.5693416744470596,0.5977809429168701,0.6253139227628708,0.36057315485210484,155.22000515397494,0
sample_028,low,12,85.0,738.0,252.4,838.7,0.3440551161766052,0.6720273196697235,0.5309195537120104,0.565839059650898,0.6013304624706507,0.3382816873553755,195.35416555579258,0
sample_028,low,13,194.0,656.0,252.4,838.7,0.3435053825378418,0.6717525124549866,0.5762584358453751,0.5804851353168488,0.6161467462778092,0.24287033577610914,191.80680384178245,0
sample_028,low,14,114.0,651.0,252.4,838.7,0.34349939227104187,0.671749547123909,0.564205713570118,0.5652717873454094,0.607649676501751,0.29308445881690826,233.2077400087742,0
sample_028,low,15,114.0,738.0,252.4,838.7,0.341981440782547,0.670990064740181,0.5327435024082661,0.5676896348595619,0.6020205803215504,0.32065557846387144,171.15796797111145,0
sample_028,low,16,157.0,796.0,252.4,838.7,0.34186220169067383,0.670930802822113,0.5739890411496162,0.5831706151366234,0.6164383754134178,0.3203630752755379,104.52009376191741,0
sample_028,low,17,121.0,801.0,252.4,838.7,0.33947065472602844,0.6697346270084381,0.548344761133194,0.5635460689663887,0.6029812306165696,0.3422294551905198,136.70131674567003,0
sample_028,low,18,165.0,656.0,252.4,838.7,0.3389336168766022,0.6694668233394623,0.5808080658316612,0.5875634998083115,0.6189737424254418,0.2613053769060254,202.5291337067337,0
sample_028,low,19,78.0,656.0,252.4,838.7,0.3387632369995117,0.669381782412529,0.5757001116871834,0.5808165967464447,0.6152193740010262,0.31813519138881824,252.57602815785987,0
sample_028,low,20,172.0,738.0,252.4,838.7,0.33874619007110596,0.6693733185529709,0.5509881004691124,0.5721635892987251,0.6068123832345009,0.28655540476494246,128.85903150342241,0
sample_028,low,21,143.0,738.0,252.4,838.7,0.3372400104999542,0.6686194241046906,0.54493822529912,0.5701813921332359,0.6045079715549946,0.3033916610587707,148.69045026497164,0
sample_028,low,22,85.0,680.0,252.4,838.7,0.3317156434059143,0.6658579111099243,0.5435248427093029,0.5657585710287094,0.601351561397314,0.3198632520312391,230.6695688642089,0
sample_028,low,23,114.0,680.0,252.4,838.7,0.3309948444366455,0.6654973030090332,0.5497951880097389,0.5674120336771011,0.6031227722764015,0.3011610864637063,210.5712468500864,0
sample_028,low,24,172.0,680.0,252.4,838.7,0.33065927028656006,0.6653291285037994,0.5473578423261642,0.5801684185862541,0.6076705873012543,0.26456001209555463,177.90404717150201,0
sample_028,low,25,251.0,876.0,252.4,838.7,0.33052805066108704,0.665264442563057,0.5103189684450626,0.5767989680171013,0.5988891579210759,0.31888634338898864,37.32626421167804,0
sample_028,low,26,150.0,704.0,252.4,838.7,0.3301118016242981,0.6650560945272446,0.5500513650476933,0.5842045247554779,0.6097145207226277,0.28645767575682096,169.2035756123375,0
sample_028,low,27,201.0,757.0,252.4,838.7,0.3299289345741272,0.6649642735719681,0.558748509734869,0.5736090987920761,0.6071790508925915,0.27879203718901296,96.52383125425558,0
sample_028,low,28,85.0,709.0,252.4,838.7,0.3295632302761078,0.6647811979055405,0.5533954501152039,0.5736002624034882,0.6060316741466523,0.32856201849879113,211.76602654816946,0
sample_028,low,29,136.0,637.0,252.4,838.7,0.3289884626865387,0.6644942909479141,0.5629720166325569,0.5606950111687183,0.6026701241731645,0.27501363602556145,232.8773282223927,0
sample_028,low,30,143.0,680.0,252.4,838.7,0.3278292119503021,0.6639143228530884,0.5475756824016571,0.573335736989975,0.6044151604175568,0.28270921456507214,192.75385858654042,0
sample_029,low,1,856.0,688.0,857.1,688.0,0.9420956373214722,0.97104811668396,0.7077701836824417,0.9449848830699921,0.9079672366380691,0.2846752535785294,1.1000000000000227,1
sample_029,low,2,856.0,784.0,857.1,688.0,0.9034664630889893,0.9517330825328827,0.6250744611024857,0.8925932049751282,0.8627454072237015,0.3220186330012597,96.00630187649142,0
sample_029,low,3,856.0,736.0,857.1,688.0,0.8863068222999573,0.9431530237197876,0.6339721232652664,0.8870292007923126,0.8588673144578933,0.3020198668962027,48.01260251225713,0
sample_029,low,4,856.0,640.0,857.1,688.0,0.8843278288841248,0.9421636760234833,0.6414910852909088,0.8823712170124054,0.8581121742725373,0.2704958410031474,48.01260251225713,0
sample_029,low,5,851.0,434.0,857.1,688.0,0.6966778039932251,0.8483391404151917,0.5600003637373447,0.7728005647659302,0.7604559548199178,0.2525440555625889,254.07323747297747,0
sample_029,low,6,856.0,814.0,857.1,688.0,0.68434739112854,0.8421741127967834,0.5432571209967136,0.7423231154680252,0.7424503155052662,0.3356575635971875,126.00480149581603,0
sample_029,low,7,851.0,482.0,857.1,688.0,0.6698145866394043,0.8349070847034454,0.5558691769838333,0.7467012405395508,0.7438171654939651,0.24852062288671334,206.09029574436542,0
sample_029,low,8,851.0,338.0,857.1,688.0,0.6628255248069763,0.8314128518104553,0.5544132590293884,0.7462699562311172,0.7419557750225068,0.2733541658727739,350.0531531067818,0
sample_029,low,9,851.0,386.0,857.1,688.0,0.6558865904808044,0.8279434740543365,0.5373032502830029,0.733568474650383,0.7320654295384885,0.2609568929919269,302.0615996779465,0
sample_029,low,10,856.0,592.0,857.1,688.0,0.5763769149780273,0.7881885170936584,0.5629552975296974,0.7612386345863342,0.7323619201779366,0.26,96.00630187649142,0
sample_029,low,11,851.0,530.0,857.1,688.0,0.5576386451721191,0.7788195013999939,0.5568344481289387,0.7211150228977203,0.7113406993448734,0.2490993777591586,158.11770931809,0
sample_029,low,12,856.0,923.0,857.1,688.0,0.5316438674926758,0.7658217251300812,0.5630792900919914,0.7502643465995789,0.7190502867102624,0.39093797462001567,235.00257445398339,0
sample_029,low,13,564.0,949.0,857.1,688.0,0.5001187920570374,0.7500596940517426,0.57209812104702,0.7533617615699768,0.7157882064580918,0.3207000155908945,392.46478822946654,0
sample_029,low,14,827.0,688.0,857.1,688.0,0.4602390229701996,0.7301196306943893,0.6053233966231346,0.6620570719242096,0.6779353603720666,0.2667142665850479,30.100000000000023,0
sample_029,low,15,823.0,472.0,857.1,688.0,0.44352951645851135,0.7217645049095154,0.5886014029383659,0.638001412153244,0.661626647412777,0.22925204470189575,218.67512432830583,0
sample_029,low,16,827.0,942.0,857.1,688.0,0.44028276205062866,0.7201413065195084,0.556390754878521,0.6198762506246567,0.6472851738333703,0.38877564224112604,255.77726638620564,0
sample_029,low,17,564.0,910.0,857.1,688.0,0.43996113538742065,0.7199804484844208,0.5371197424829006,0.6972813010215759,0.6743286482989788,0.2934246070117501,367.68411714405073,0
sample_029,low,18,827.0,784.0,857.1,688.0,0.4374573230743408,0.7187288105487823,0.5717044845223427,0.626941442489624,0.6526089981198311,0.30625561219347475,100.60820046099623,0
sample_029,low,19,823.0,434.0,857.1,688.0,0.43734049797058105,0.7186706215143204,0.5694790557026863,0.6305918544530869,0.6536008015275001,0.23311477859629576,256.2787739942581,0
sample_029,low,20,828.0,640.0,857.1,688.0,0.42883962392807007,0.7144199311733246,0.5559628009796143,0.6154433563351631,0.643137875199318,0.2521745427278495,56.132076391311244,0
sample_029,low,21,827.0,736.0,857.1,688.0,0.42747336626052856,0.7137360870838165,0.5778132230043411,0.6222201362252235,0.6499451339244843,0.2851534674521774,56.656950147356156,0
sample_029,low,22,536.0,949.0,857.1,688.0,0.42720988392829895,0.7136053442955017,0.5658237412571907,0.6493417918682098,0.6583436027169227,0.31850981146583224,413.79488880361976,0
sample_029,low,23,823.0,376.0,857.1,688.0,0.42719313502311707,0.7135960906744003,0.5518064759671688,0.6227499842643738,0.6448997251689434,0.2446477058956409,313.8579455741084,0
sample_029,low,24,851.0,291.0,857.1,688.0,0.42066892981529236,0.7103343307971954,0.5058429227210581,0.6399640291929245,0.6412879285402596,0.2888615585362649,397.0468612141393,0
sample_029,low,25,823.0,338.0,857.1,688.0,0.41398730874061584,0.7069935500621796,0.567926324903965,0.6235572919249535,0.6458056017756463,0.2555122306270289,351.6572336807534,0
sample_029,low,26,856.0,864.0,857.1,688.0,0.39726048707962036,0.6986301392316818,0.531528890132904,0.6219605654478073,0.6345420598983764,0.36002222153639346,176.0034374664313,0
sample_029,low,27,905.0,720.0,857.1,688.0,0.3933519124984741,0.6966761201620102,0.5537532344460487,0.5797255635261536,0.6213113203644753,0.3259025928095694,57.60564208478192,0
sample_029,low,28,905.0,656.0,857.1,688.0,0.39087745547294617,0.6954389810562134,0.5468960292637348,0.5748780816793442,0.61750603094697,0.3068884162036749,57.60564208478192,0
sample_029,low,29,905.0,688.0,857.1,688.0,0.3903682827949524,0.6951842457056046,0.5538477525115013,0.5844292119145393,0.6226149335503578,0.31572852262663886,47.89999999999998,0
sample_029,low,30,536.0,910.0,857.1,688.0,0.3869277834892273,0.6934636980295181,0.5548222176730633,0.6244855299592018,0.6381441347301007,0.2910292081561574,390.3706059631027,0
sample_030,low,1,767.0,591.0,767.7,590.7,0.8840712904930115,0.9420356452465057,0.6757605969905853,0.9148867130279541,0.877921062707901,0.19946177578674065,0.7615773105864148,1
sample_030,low,2,690.0,591.0,767.7,590.7,0.8511662483215332,0.9255830943584442,0.652347519993782,0.8972945809364319,0.8596205741167069,0.14896476093358454,77.70057914842081,0
sample_030,low,3,728.0,591.0,767.7,590.7,0.7574508786201477,0.8787256479263306,0.6407319903373718,0.8876570165157318,0.8346994638442994,0.17358715390258578,39.70113348507827,0
sample_030,low,4,632.0,591.0,767.7,590.7,0.7514338493347168,0.8757167756557465,0.6473689824342728,0.887119710445404,0.8346083909273148,0.11336886697854925,135.70033161344895,0
sample_030,low,5,196.0,599.0,767.7,590.7,0.7370890378952026,0.8685451447963715,0.5945303291082382,0.7805029451847076,0.7785253018140794,0.22607189122046994,571.7602469567119,0
sample_030,low,6,72.0,593.0,767.7,590.7,0.7350130081176758,0.8675063252449036,0.6414147764444351,0.8612757623195648,0.8197957903146744,0.30970389083768385,695.7038019157291,0
sample_030,low,7,110.0,593.0,767.7,590.7,0.7329864501953125,0.8664932250976562,0.6389800757169724,0.8611569106578827,0.8188560694456102,0.28350396822619606,657.7040215780955,0
sample_030,low,8,158.0,599.0,767.7,590.7,0.7314571142196655,0.8657284379005432,0.6028975248336792,0.782127171754837,0.779721748828888,0.2517588131525885,609.7564923803601,0
sample_030,low,9,661.0,610.0,767.7,590.7,0.659205973148346,0.8296027481555939,0.6402702480554581,0.7093283981084824,0.7436265081167222,0.13787856976339724,108.43145300142393,0
sample_030,low,10,594.0,591.0,767.7,590.7,0.6567948460578918,0.8283974230289459,0.5922421962022781,0.7708135545253754,0.7581328302621841,0.0925121613627095,173.70025906716438,0
sample_030,low,11,934.0,128.0,767.7,590.7,0.6477290391921997,0.8238651156425476,0.6271016895771027,0.6686397641897202,0.7224222898483277,0.4041905491225642,491.6777196497722,0
sample_030,low,12,709.0,719.0,767.7,590.7,0.644070029258728,0.8220351338386536,0.6548212319612503,0.6859643757343292,0.7341640502214433,0.21405840324546943,141.09068006073255,0
sample_030,low,13,167.0,657.0,767.7,590.7,0.6438285708427429,0.821914553642273,0.6178727820515633,0.6645388156175613,0.7181559041142465,0.2603247971285102,604.3477310290823,0
sample_030,low,14,129.0,657.0,767.7,590.7,0.6410000324249268,0.8205004036426544,0.6214097067713737,0.6635599732398987,0.717906092107296,0.28485961454723624,642.1319023378297,0
sample_030,low,15,62.0,740.0,767.7,590.7,0.6408954858779907,0.8204483091831207,0.61752138286829,0.6807114779949188,0.7239681914448739,0.3531600203873592,721.3203033327151,0
sample_030,low,16,934.0,51.0,767.7,590.7,0.6396142244338989,0.8198074698448181,0.6342898011207581,0.6813645660877228,0.7273267745971681,0.44156369868910195,564.7404536599092,0
sample_030,low,17,100.0,753.0,767.7,590.7,0.639538586139679,0.8197699785232544,0.6416332721710205,0.6796295791864395,0.7280864775180818,0.3346707337070273,687.1423287791257,0
sample_030,low,18,934.0,102.0,767.7,590.7,0.6394376158714294,0.8197192847728729,0.6400381773710251,0.6716275811195374,0.7245463818311692,0.41638924097531627,516.220282437643,0
sample_030,low,19,167.0,708.0,767.7,590.7,0.6391240358352661,0.8195621073246002,0.6320001631975174,0.6670892685651779,0.7210605829954146,0.27762654772193524,612.0455701988211,0
sample_030,low,20,757.0,751.0,767.7,590.7,0.6379109621047974,0.8189551532268524,0.6138454377651215,0.6632590591907501,0.7156547725200653,0.25401771591761074,160.65671476785522,0
sample_030,low,21,62.0,689.0,767.7,590.7,0.6375865340232849,0.8187926709651947,0.6266415566205978,0.6814113706350327,0.7254099279642106,0.33731661684536085,712.5134244349366,0
sample_030,low,22,757.0,674.0,767.7,590.7,0.6375860571861267,0.8187934458255768,0.6255450397729874,0.6683738082647324,0.7199759095907212,0.21945956347354745,83.98440331394868,0
sample_030,low,23,129.0,721.0,767.7,590.7,0.6361948847770691,0.8180972039699554,0.649812787771225,0.6771778166294098,0.7280725657939912,0.305353893048705,651.8556435285346,0
sample_030,low,24,62.0,766.0,767.7,590.7,0.6345499753952026,0.8172750174999237,0.6321781426668167,0.6815955936908722,0.7259838730096817,0.36235341863986875,727.1468764974516,0
sample_030,low,25,91.0,657.0,767.7,590.7,0.6345317959785461,0.8172663748264313,0.606212742626667,0.6591373234987259,0.7118040278553963,0.309782181540514,679.9401297173157,0
sample_030,low,26,767.0,719.0,767.7,590.7,0.6341860890388489,0.8170939981937408,0.6385502517223358,0.6764204353094101,0.7251158237457276,0.24418230894149556,128.30190957269494,0
sample_030,low,27,632.0,719.0,767.7,590.7,0.6336948871612549,0.816847026348114,0.64094178378582,0.6728042662143707,0.724048873782158,0.18081067446364996,186.74951137820952,0
sample_030,low,28,100.0,689.0,767.7,590.7,0.6335415244102478,0.8167707622051239,0.6175036206841469,0.6827033758163452,0.7232903793454171,0.31282662930127925,674.8971625366343,0
sample_030,low,29,167.0,785.0,767.7,590.7,0.6329640746116638,0.8164824843406677,0.630843922495842,0.6664746552705765,0.7193516403436662,0.3099306374013385,631.3422051470977,0
sample_030,low,30,661.0,751.0,767.7,590.7,0.6312813758850098,0.8156407475471497,0.6041936352849007,0.6588008254766464,0.7106153562664985,0.21085777196963834,192.56422305298562,0
sample_001,medium,1,278.0,433.0,279.0,433.1,0.8961917161941528,0.9480960965156555,0.7166680693626404,0.9274336397647858,0.8935455083847046,0.16397103402735497,1.0049875621120912,1
sample_001,medium,2,278.0,481.0,279.0,433.1,0.8675321936607361,0.9337663650512695,0.6611893624067307,0.8974018096923828,0.864705142378807,0.15755157885594165,47.910437276234475,0
sample_001,medium,3,278.0,385.0,279.0,433.1,0.8290064334869385,0.9145035147666931,0.6172706410288811,0.8655358552932739,0.8354698762297631,0.17678942276052603,48.110393887391965,0
sample_001,medium,4,278.0,338.0,279.0,433.1,0.8277538418769836,0.9138767719268799,0.6500615924596786,0.8820689916610718,0.8483906239271164,0.19432961688841976,95.1052574782278,0
sample_001,medium,5,278.0,529.0,279.0,433.1,0.6985992789268494,0.8492997586727142,0.6100012436509132,0.8020384609699249,0.7825355365872384,0.15831140198987562,95.905213622618,0
sample_001,medium,6,553.0,757.0,279.0,433.1,0.5063973665237427,0.7531996965408325,0.5421511195600033,0.6302563399076462,0.6618126384913923,0.18555053220079967,424.2489952846088,0
sample_001,medium,7,272.0,782.0,279.0,433.1,0.49643126130104065,0.7482159733772278,0.521341485902667,0.7184889018535614,0.6909502472728491,0.2564254277562972,348.97021362861324,0
sample_001,medium,8,553.0,709.0,279.0,433.1,0.49338024854660034,0.7466903775930405,0.5461520329117775,0.6189095675945282,0.6554703846573829,0.1524631102922933,388.84033998544953,0
sample_001,medium,9,272.0,710.0,279.0,433.1,0.4924508035182953,0.7462249547243118,0.538241446018219,0.7303438484668732,0.6982758104801179,0.21918485349129394,276.98846546381674,0
sample_001,medium,10,553.0,637.0,279.0,433.1,0.48785150051116943,0.7439263015985489,0.5350719578564167,0.6125893369317055,0.6496206469833852,0.10387011119662865,341.54239853933217,0
sample_001,medium,11,553.0,662.0,279.0,433.1,0.4837122857570648,0.741856187582016,0.5518788844347,0.6134343147277832,0.6524919778108598,0.12052593081988622,357.0311050874979,0
sample_001,medium,12,242.0,433.0,279.0,433.1,0.47785651683807373,0.7389289140701294,0.5699783340096474,0.5155444331467152,0.6157850056886673,0.18848474739352256,37.00013513488836,0
sample_001,medium,13,272.0,662.0,279.0,433.1,0.47670257091522217,0.7383513152599335,0.5302617289125919,0.7201767414808273,0.6894635684788226,0.19777259668619412,229.00700862637368,0
sample_001,medium,14,572.0,733.0,279.0,433.1,0.47626611590385437,0.7381334155797958,0.5198185313493013,0.7573716342449188,0.7021657261997462,0.17244274412105604,419.2720000190807,0
sample_001,medium,15,278.0,290.0,279.0,433.1,0.4725932478904724,0.7362969666719437,0.5694346874952316,0.7343956381082535,0.7021639794111252,0.21608331726442925,143.10349401744182,0
sample_001,medium,16,242.0,481.0,279.0,433.1,0.4719468951225281,0.7359737902879715,0.5624427534639835,0.5046344688162208,0.6087318543344736,0.18292758129926714,60.52611006830026,0
sample_001,medium,17,572.0,781.0,279.0,433.1,0.46492090821266174,0.7324602156877518,0.5164327044039965,0.7521532475948334,0.6971319261938334,0.20511582094026778,454.8443799806698,0
sample_001,medium,18,254.0,746.0,279.0,433.1,0.46209588646888733,0.7310474514961243,0.5572947412729263,0.5663422048091888,0.6304148107767105,0.246,313.89713283176064,0
sample_001,medium,19,242.0,361.0,279.0,433.1,0.46125876903533936,0.7306295782327652,0.5450399294495583,0.5037355022504926,0.6027540180832148,0.20722572234160508,81.03955824163903,0
sample_001,medium,20,553.0,805.0,279.0,433.1,0.4608161449432373,0.7304084300994873,0.537084624171257,0.6113526746630669,0.6441213667392731,0.21889952032839177,461.9368030369522,0
sample_001,medium,21,259.0,457.0,279.0,433.1,0.4598740041255951,0.7299368679523468,0.5590433105826378,0.605893075466156,0.6461406394839287,0.1731040149736568,31.16424232995243,0
sample_001,medium,22,259.0,505.0,279.0,433.1,0.45011457800865173,0.7250578999519348,0.5619751811027527,0.6111868917942047,0.6468929529190064,0.1704494059831245,74.62981977735171,0
sample_001,medium,23,236.0,710.0,279.0,433.1,0.448344886302948,0.7241726070642471,0.5677433162927628,0.5088658016175032,0.6067640267312527,0.2385330165826106,280.2188608926958,0
sample_001,medium,24,259.0,409.0,279.0,433.1,0.4476005434989929,0.7238007932901382,0.5533852130174637,0.5942310467362404,0.6378897786140443,0.18215652609774924,31.317886263284134,0
sample_001,medium,25,236.0,782.0,279.0,433.1,0.4461895823478699,0.7230950742959976,0.5600105226039886,0.5028298781253397,0.6023720854893327,0.2731483113621609,351.53977015410356,0
sample_001,medium,26,236.0,662.0,279.0,433.1,0.44420790672302246,0.7221034467220306,0.5563175603747368,0.506619087420404,0.6027525257319213,0.21902054698132775,232.90386428739217,0
sample_001,medium,27,293.0,457.0,279.0,433.1,0.4394337236881256,0.7197169810533524,0.5909733399748802,0.6658485531806946,0.6724208816885948,0.1494958193395387,27.698555919036625,0
sample_001,medium,28,518.0,733.0,279.0,433.1,0.43900036811828613,0.7195000350475311,0.5467045977711678,0.5475196540355682,0.6161487951874733,0.16524678514270708,383.48534522195234,0
sample_001,medium,29,518.0,637.0,279.0,433.1,0.4346621334552765,0.7173305004835129,0.5432508736848831,0.5448036156594753,0.6135038211941719,0.09770619222956137,314.1595295387361,0
sample_001,medium,30,518.0,685.0,279.0,433.1,0.4343758523464203,0.7171880155801773,0.5391356199979782,0.544001005589962,0.6123027324676513,0.13143249217754338,347.2385491272534,0
sample_002,medium,1,288.0,438.0,288.4,438.1,0.8936399817466736,0.9468201696872711,0.6960464864969254,0.9289728403091431,0.8895265012979507,0.15618578680533,0.4123105625617495,1
sample_002,medium,2,288.0,342.0,288.4,438.1,0.84651780128479,0.9232580363750458,0.6474274396896362,0.8890579342842102,0.8544118762016297,0.1869598887462228,96.1008324625755,0
sample_002,medium,3,288.0,390.0,288.4,438.1,0.8323497176170349,0.9161754548549652,0.6534010767936707,0.8912586867809296,0.8536538720130922,0.1688845759683222,48.10166317290913,0
sample_002,medium,4,288.0,486.0,288.4,438.1,0.7695423364639282,0.8847712874412537,0.5833807736635208,0.8430956602096558,0.807822933793068,0.15023315213360863,47.90167011702199,0
sample_002,medium,5,288.0,516.0,288.4,438.1,0.6491384506225586,0.8245691359043121,0.5775666236877441,0.7811525762081146,0.7578020095825195,0.15033296378372907,77.90102695086885,0
sample_002,medium,6,288.0,309.0,288.4,438.1,0.6108212471008301,0.8054097890853882,0.572430893778801,0.7362255752086639,0.7311403244733812,0.2017733877398107,129.10061967318362,0
sample_002,medium,7,580.0,724.0,288.4,438.1,0.5551257133483887,0.7775636911392212,0.614787794649601,0.7892076373100281,0.74966609030962,0.1681903683330291,408.3740564727392,0
sample_002,medium,8,580.0,695.0,288.4,438.1,0.5482500791549683,0.7741241455078125,0.6021149829030037,0.7713284194469452,0.7386040225625039,0.1490385856078888,388.6234295561707,0
sample_002,medium,9,580.0,657.0,288.4,438.1,0.5459340810775757,0.7729669511318207,0.6078942939639091,0.7901771664619446,0.7468365058302879,0.12459735149673126,364.6200351050392,0
sample_002,medium,10,580.0,772.0,288.4,438.1,0.5300837755203247,0.7650426924228668,0.5892975032329559,0.7666380703449249,0.7305318057537079,0.20047942537826666,443.30550413907565,0
sample_002,medium,11,282.0,931.0,288.4,438.1,0.4916651248931885,0.7458322495222092,0.6046452596783638,0.7459320574998856,0.7176347747445107,0.34152964732216146,492.94154825902024,0
sample_002,medium,12,870.0,759.0,288.4,438.1,0.4905228912830353,0.7452606558799744,0.6270681470632553,0.8036740124225616,0.7449874967336655,0.3193595152801933,664.255500541772,0
sample_002,medium,13,870.0,701.0,288.4,438.1,0.48897626996040344,0.7444888204336166,0.6128945648670197,0.8030448257923126,0.7415923714637758,0.2977423382725406,638.259328173118,0
sample_002,medium,14,870.0,730.0,288.4,438.1,0.48336362838745117,0.7416805624961853,0.6049254164099693,0.7941842675209045,0.7353310152888298,0.3080584360149872,650.7412465796217,0
sample_002,medium,15,870.0,788.0,288.4,438.1,0.4797021448612213,0.7398508042097092,0.6063541918992996,0.7961691915988922,0.7356788367033005,0.33154486875836275,678.7404290301263,0
sample_002,medium,16,580.0,614.0,288.4,438.1,0.4707605838775635,0.7353806346654892,0.5587701313197613,0.7076123803853989,0.6889512322843074,0.09847842403288143,340.54569443761875,0
sample_002,medium,17,288.0,549.0,288.4,438.1,0.46374934911727905,0.7318754494190216,0.5769473165273666,0.7296459972858429,0.6999980419874192,0.15385870141139238,110.90072136825799,0
sample_002,medium,18,266.0,357.0,288.4,438.1,0.45416420698165894,0.7270809412002563,0.5757930353283882,0.5890101566910744,0.64159504622221,0.19391364057229188,84.13661509711454,0
sample_002,medium,19,266.0,423.0,288.4,438.1,0.4509691298007965,0.7254842519760132,0.545942734926939,0.585226409137249,0.6334728114306927,0.17419098713768172,27.01425549594139,0
sample_002,medium,20,870.0,653.0,288.4,438.1,0.4495498239994049,0.7247754037380219,0.586114302277565,0.7771357893943787,0.7179873377084732,0.28311570073028447,620.0327168787144,0
sample_002,medium,21,266.0,453.0,288.4,438.1,0.44781026244163513,0.7239052802324295,0.563469834625721,0.5901432782411575,0.638313390314579,0.16876759167565317,26.902973813316592,0
sample_002,medium,22,331.0,438.0,288.4,438.1,0.4477390646934509,0.7238695174455643,0.6264181584119797,0.6301260441541672,0.6668818563222885,0.12728904116223047,42.60011737073035,0
sample_002,medium,23,914.0,759.0,288.4,438.1,0.43654555082321167,0.7182730287313461,0.6081055030226707,0.6039569824934006,0.6505131050944328,0.34530928165921054,703.1018205068168,0
sample_002,medium,24,325.0,950.0,288.4,438.1,0.43527740240097046,0.7176385223865509,0.6186279729008675,0.6207849979400635,0.6590950027108193,0.3414125070936916,513.2067517092892,0
sample_002,medium,25,266.0,501.0,288.4,438.1,0.4340157210826874,0.7170086055994034,0.564617820084095,0.5852855741977692,0.633841235935688,0.1654644977026794,66.76952897841946,0
sample_002,medium,26,914.0,730.0,288.4,438.1,0.4292697608470917,0.7146350145339966,0.5871834009885788,0.5983039140701294,0.6426122516393662,0.33488505490690385,690.348441006424,0
sample_002,medium,27,870.0,624.0,288.4,438.1,0.4279809594154358,0.7139908969402313,0.5692407861351967,0.7525199949741364,0.7004525139927864,0.2759311508329569,610.5877250649573,0
sample_002,medium,28,914.0,682.0,288.4,438.1,0.42657503485679626,0.7132873386144638,0.5981702879071236,0.5968846455216408,0.6437028512358666,0.31978117518077886,671.4630071716535,0
sample_002,medium,29,616.0,719.0,288.4,438.1,0.4264434576034546,0.713222324848175,0.6036689206957817,0.6169917210936546,0.6528194025158882,0.17523840903181015,431.5397664178818,0
sample_002,medium,30,914.0,788.0,288.4,438.1,0.424621045589447,0.7123103141784668,0.5864741876721382,0.6013668030500412,0.6427656844258309,0.3566090296108611,716.802183311407,0
sample_003,medium,1,148.0,545.0,149.2,544.8,0.9254544377326965,0.9627276659011841,0.6508090049028397,0.9327122569084167,0.8883377701044083,0.25092728030248124,1.2165525060596403,1
sample_003,medium,2,76.0,545.0,149.2,544.8,0.873869001865387,0.9369348287582397,0.635933518409729,0.8873569965362549,0.8569034337997437,0.30149709783014494,73.20027322353378,0
sample_003,medium,3,197.0,545.0,149.2,544.8,0.8716980814933777,0.9358498454093933,0.6227234974503517,0.8980384469032288,0.8581000164151191,0.21660332407421634,47.800418408210625,0
sample_003,medium,4,697.0,541.0,149.2,544.8,0.8233720064163208,0.9116864800453186,0.541793517768383,0.8184027075767517,0.8003943786025047,0.14228492541376264,547.8131798341475,0
sample_003,medium,5,746.0,541.0,149.2,544.8,0.8177550435066223,0.9088776707649231,0.5420922860503197,0.8142246007919312,0.7976593658328057,0.17634766797437385,596.8120977326113,0
sample_003,medium,6,649.0,541.0,149.2,544.8,0.8163260221481323,0.9081629812717438,0.5423955619335175,0.8102173507213593,0.7958312451839448,0.1092748827498799,499.81444556955336,0
sample_003,medium,7,794.0,541.0,149.2,544.8,0.8158807158470154,0.9079401195049286,0.5416628457605839,0.8079290688037872,0.7946802444756031,0.2099011672192415,644.81119717325,0
sample_003,medium,8,764.0,249.0,149.2,544.8,0.7670644521713257,0.8835323452949524,0.5475345328450203,0.7767230272293091,0.7736090555787087,0.257582025770433,682.2585140546066,0
sample_003,medium,9,716.0,249.0,149.2,544.8,0.7610658407211304,0.8805330693721771,0.5495150946080685,0.7712612748146057,0.7706207565963269,0.2341548632849636,639.3433193519737,0
sample_003,medium,10,668.0,249.0,149.2,544.8,0.759411633014679,0.8797060549259186,0.5459053069353104,0.7642815709114075,0.7667761117219926,0.21357083134173543,597.2027126529148,0
sample_003,medium,11,173.0,529.0,149.2,544.8,0.7381964921951294,0.8690980076789856,0.5945997685194016,0.7393453419208527,0.7622972935438157,0.232131428290096,28.567113959936503,0
sample_003,medium,12,770.0,525.0,149.2,544.8,0.7369405031204224,0.8684705197811127,0.5919096991419792,0.7354945540428162,0.7599679693579674,0.19173549488814007,621.1156736067767,0
sample_003,medium,13,125.0,529.0,149.2,544.8,0.7369399070739746,0.8684699237346649,0.595708392560482,0.7399343401193619,0.7625033840537071,0.26595676340337726,28.90121104729001,0
sample_003,medium,14,722.0,525.0,149.2,544.8,0.7359313368797302,0.8679657876491547,0.5961976945400238,0.7338216453790665,0.7599545121192932,0.15796993384818517,573.1421115220901,0
sample_003,medium,15,674.0,525.0,149.2,544.8,0.7310844659805298,0.8655423223972321,0.5841569229960442,0.728380560874939,0.7544005379080773,0.12430004022525495,525.173380894348,0
sample_003,medium,16,626.0,525.0,149.2,544.8,0.713842511177063,0.8569214940071106,0.5784827321767807,0.7183467149734497,0.7458038300275803,0.09083226299063565,477.2109386843517,0
sample_003,medium,17,692.0,233.0,149.2,544.8,0.7089149355888367,0.8544573187828064,0.5674680769443512,0.7144388407468796,0.7410520792007447,0.23254354430944754,625.9800955302013,0
sample_003,medium,18,100.0,529.0,149.2,544.8,0.705325722694397,0.8526630401611328,0.5983182713389397,0.7281605452299118,0.7519930884242059,0.2835850842339914,51.67475205552512,0
sample_003,medium,19,220.0,529.0,149.2,544.8,0.7021740078926086,0.851087361574173,0.5869986638426781,0.72444848716259,0.7476140722632408,0.19904898894493286,72.54157428674952,0
sample_003,medium,20,52.0,529.0,149.2,544.8,0.7018616795539856,0.8509308695793152,0.5954690501093864,0.7210386097431183,0.7478816017508507,0.317446845944325,98.47578382526335,0
sample_003,medium,21,788.0,233.0,149.2,544.8,0.7010316252708435,0.8505157232284546,0.5759141892194748,0.7049701809883118,0.7373771995306015,0.27769857759808564,710.8337921061434,0
sample_003,medium,22,644.0,233.0,149.2,544.8,0.7001866102218628,0.8500935435295105,0.5781813412904739,0.711837887763977,0.7404088407754899,0.21450524469112636,584.8472279151197,0
sample_003,medium,23,740.0,233.0,149.2,544.8,0.6966122984886169,0.8483062088489532,0.5680156946182251,0.6973462849855423,0.7318641364574433,0.2538592129508007,668.0298496324846,0
sample_003,medium,24,244.0,545.0,149.2,544.8,0.6913545727729797,0.8456779718399048,0.5899858176708221,0.7985222637653351,0.7756772577762605,0.18379472244871448,94.8002109702294,0
sample_003,medium,25,812.0,249.0,149.2,544.8,0.6639893651008606,0.8319945633411407,0.5381306856870651,0.7321796268224716,0.733295813202858,0.2831474880693805,725.8109120149683,0
sample_003,medium,26,620.0,249.0,149.2,544.8,0.6561194062232971,0.8280599415302277,0.5280964467674494,0.7126715034246445,0.7219118673354388,0.19672442654637476,556.0128415783217,0
sample_003,medium,27,602.0,541.0,149.2,544.8,0.655379593372345,0.8276894688606262,0.533524926751852,0.7420758455991745,0.7346111111342908,0.07773351915358008,452.8159449489384,0
sample_003,medium,28,698.0,413.0,149.2,544.8,0.6548990607261658,0.8274499177932739,0.5828434452414513,0.7613649666309357,0.7520946428179742,0.15292645291119517,564.4047129498476,0
sample_003,medium,29,673.0,557.0,149.2,544.8,0.6544936895370483,0.8272469341754913,0.565310537815094,0.7450552880764008,0.7419829964637756,0.1287982919141399,523.9420578651803,0
sample_003,medium,30,148.0,513.0,149.2,544.8,0.6543355584144592,0.8271681070327759,0.574677124619484,0.6855920106172562,0.7200394719839096,0.2490712749395241,31.82263345482264,0
sample_004,medium,1,223.0,669.0,223.7,669.3,0.9185681343078613,0.9592838287353516,0.6552754193544388,0.9111413359642029,0.8792251497507095,0.2294449825121482,0.7615773105863625,1
sample_004,medium,2,223.0,708.0,223.7,669.3,0.9112050533294678,0.955602765083313,0.6751466691493988,0.9059703946113586,0.8796585977077485,0.24494182982904328,38.70633023163012,0
sample_004,medium,3,223.0,631.0,223.7,669.3,0.8841082453727722,0.9420534372329712,0.6340926140546799,0.8724936544895172,0.8526373594999315,0.21666794871415568,38.306396332727466,0
sample_004,medium,4,814.0,105.0,223.7,669.3,0.8806437849998474,0.9403215646743774,0.6487748771905899,0.8713149726390839,0.8544095903635025,0.3568059696810018,816.6324632293281,0
sample_004,medium,5,223.0,746.0,223.7,669.3,0.8749964237213135,0.9374980926513672,0.6143356263637543,0.8594151735305786,0.8416324317455293,0.26195896625235027,76.70319419685211,0
sample_004,medium,6,814.0,163.0,223.7,669.3,0.8722566962242126,0.9361289441585541,0.6454285830259323,0.8662004172801971,0.850017461180687,0.32570308564703526,777.6848847701747,0
sample_004,medium,7,223.0,785.0,223.7,669.3,0.8714060187339783,0.935703456401825,0.6393653452396393,0.8616386651992798,0.8468099176883699,0.2810284683088174,115.70211752599867,0
sample_004,medium,8,526.0,456.0,223.7,669.3,0.8692283630371094,0.9346132874488831,0.6557219475507736,0.8667004704475403,0.8516698926687242,0.0361386219991853,369.9759181352213,0
sample_004,medium,9,526.0,495.0,223.7,669.3,0.8678631782531738,0.9339320957660675,0.6704862713813782,0.8634468019008636,0.8530488133430482,0.018721645226849055,348.94953789910653,0
sample_004,medium,10,526.0,398.0,223.7,669.3,0.8676069378852844,0.9338032901287079,0.6292931735515594,0.8649308383464813,0.8453522861003877,0.07443117626371357,406.1883553229954,0
sample_004,medium,11,814.0,66.0,223.7,669.3,0.8617532849311829,0.9308763444423676,0.6175061240792274,0.8421003520488739,0.8326919034123421,0.37878225935225635,844.0527116241022,0
sample_004,medium,12,526.0,360.0,223.7,669.3,0.848349392414093,0.9241746366024017,0.6289479732513428,0.8397927582263947,0.8313765525817871,0.100687635785135,432.49483233906966,0
sample_004,medium,13,799.0,192.0,223.7,669.3,0.8479337096214294,0.9239672124385834,0.6920026689767838,0.8532370626926422,0.849282243847847,0.30353335895746286,747.519484695884,0
sample_004,medium,14,511.0,427.0,223.7,669.3,0.8452680706977844,0.92263463139534,0.6365659832954407,0.8576630353927612,0.8394322633743286,0.052201532544552745,375.8331810790527,0
sample_004,medium,15,799.0,134.0,223.7,669.3,0.8452460169792175,0.9226230084896088,0.6673898100852966,0.8435714244842529,0.839955735206604,0.33418333291772645,785.8219772951122,0
sample_004,medium,16,79.0,669.0,223.7,669.3,0.8284196853637695,0.9142098724842072,0.6397438645362854,0.8096872270107269,0.8175076127052308,0.32078185734233783,144.70031098791736,0
sample_004,medium,17,79.0,708.0,223.7,669.3,0.8278056383132935,0.9139021933078766,0.6770117878913879,0.8143496513366699,0.8267030954360962,0.3320429189126008,149.7857803664954,0
sample_004,medium,18,655.0,76.0,223.7,669.3,0.8268990516662598,0.9134495556354523,0.6698198169469833,0.8072256147861481,0.8222340315580369,0.3192185771536487,733.5015882736724,0
sample_004,medium,19,655.0,134.0,223.7,669.3,0.824913501739502,0.9124566316604614,0.6648364216089249,0.8076235353946686,0.820999351143837,0.2810524862014211,687.4342004875812,0
sample_004,medium,20,425.0,485.0,223.7,669.3,0.823943555355072,0.9119718670845032,0.6652875542640686,0.8053562343120575,0.8199887514114381,0.054083269131959835,272.92522785554286,0
sample_004,medium,21,194.0,669.0,223.7,669.3,0.8237664103507996,0.9118832349777222,0.6622919589281082,0.8153434097766876,0.8233490496873856,0.24718110769231535,29.70151511286923,0
sample_004,medium,22,727.0,163.0,223.7,669.3,0.8230224847793579,0.9115112721920013,0.6849182993173599,0.812116801738739,0.8264348894357683,0.28731341771661134,713.8981580029465,0
sample_004,medium,23,497.0,495.0,223.7,669.3,0.8226119875907898,0.9113056659698486,0.6912195235490799,0.8154395222663879,0.8289419800043106,0.00412310562561766,324.1502429429908,0
sample_004,medium,24,727.0,105.0,223.7,669.3,0.8225386142730713,0.9112695455551147,0.6516752690076828,0.8001217842102051,0.8148915857076645,0.3221443775700578,756.1384661555051,0
sample_004,medium,25,497.0,456.0,223.7,669.3,0.8222367763519287,0.9111177921295166,0.677174910902977,0.8159283697605133,0.8262534469366074,0.03118493225902535,346.68397713191183,0
sample_004,medium,26,151.0,679.0,223.7,669.3,0.8220875859260559,0.9110443890094757,0.6940541863441467,0.8196547329425812,0.8310904860496522,0.2773463538610162,73.34425676220326,0
sample_004,medium,27,353.0,456.0,223.7,669.3,0.8220685720443726,0.9110336005687714,0.6699398458003998,0.8082388043403625,0.8216969311237335,0.1085011520676163,249.43011045180566,0
sample_004,medium,28,468.0,456.0,223.7,669.3,0.8214466571807861,0.9107227921485901,0.6744458824396133,0.806372880935669,0.8217274457216264,0.03847076812334269,324.31370615501277,0
sample_004,medium,29,425.0,427.0,223.7,669.3,0.821372389793396,0.9106860160827637,0.6630817800760269,0.8007834553718567,0.8172041445970536,0.07400675644831355,315.00949192048165,0
sample_004,medium,30,497.0,398.0,223.7,669.3,0.8210459351539612,0.9105223417282104,0.6571698933839798,0.8136851489543915,0.8211169749498368,0.07215608082483416,385.09294981861194,0
sample_005,medium,1,690.0,57.0,690.1,56.9,0.8787969350814819,0.9393990933895111,0.7614823579788208,0.8649475872516632,0.8740351438522339,0.34084380587007884,0.1414213562373266,1
sample_005,medium,2,633.0,57.0,690.1,56.9,0.8535036444664001,0.9267523884773254,0.7434752732515335,0.8339006304740906,0.8529562622308732,0.32706115636070265,57.10008756560714,0
sample_005,medium,3,791.0,57.0,690.1,56.9,0.8381878137588501,0.919094055891037,0.7242139428853989,0.8294151127338409,0.8442464560270311,0.37478660595063956,100.90004955400168,0
sample_005,medium,4,402.0,207.0,690.1,56.9,0.8303302526473999,0.9151660799980164,0.6984867453575134,0.7996990084648132,0.8256433844566347,0.21846395583711284,324.8563066957451,0
sample_005,medium,5,719.0,57.0,690.1,56.9,0.8299437165260315,0.914971798658371,0.7241994738578796,0.8172615170478821,0.8377332210540771,0.3494352586674676,28.900173009862737,0
sample_005,medium,6,352.0,67.0,690.1,56.9,0.8268542885780334,0.9134265780448914,0.7079401016235352,0.8002846539020538,0.8270725131034852,0.32356838535308113,338.2508240936007,0
sample_005,medium,7,431.0,120.0,690.1,56.9,0.826599657535553,0.9133003354072571,0.6891500800848007,0.7849481701850891,0.8171294182538986,0.2730943060556188,266.67287076116315,0
sample_005,medium,8,395.0,67.0,690.1,56.9,0.8263900876045227,0.91319540143013,0.709411084651947,0.8037440776824951,0.8286580085754396,0.3150507895562238,295.272789128968,0
sample_005,medium,9,431.0,207.0,690.1,56.9,0.8251034021377563,0.9125522673130035,0.7000456601381302,0.791755884885788,0.8217323929071427,0.2128497122384712,299.43750600083484,0
sample_005,medium,10,474.0,207.0,690.1,56.9,0.8237408995628357,0.9118715822696686,0.6903886646032333,0.7926514148712158,0.8198869317770006,0.2079963941995149,263.11446178422045,0
sample_005,medium,11,697.0,197.0,690.1,56.9,0.8223825097084045,0.9111912250518799,0.6965305060148239,0.7902132272720337,0.8198678821325303,0.2555562560376873,140.26981143496272,0
sample_005,medium,12,402.0,120.0,690.1,56.9,0.8218445777893066,0.9109231531620026,0.6845273822546005,0.7859146893024445,0.8156406134366989,0.27749234223668223,294.9291779393826,0
sample_005,medium,13,359.0,207.0,690.1,56.9,0.8200250864028931,0.9100127816200256,0.7001055926084518,0.7931103706359863,0.8212703794240952,0.2299239004540415,363.53434500745595,0
sample_005,medium,14,424.0,67.0,690.1,56.9,0.8176340460777283,0.9088162481784821,0.6916253715753555,0.7961182594299316,0.8202988773584365,0.31085768447957013,266.29160707765465,0
sample_005,medium,15,359.0,120.0,690.1,56.9,0.8163724541664124,0.9081881046295166,0.683442547917366,0.7808156311511993,0.8122900038957596,0.28660163991156784,337.0590749408774,0
sample_005,medium,16,467.0,67.0,690.1,56.9,0.8160960078239441,0.9080485105514526,0.7038759589195251,0.7996381223201752,0.8238498449325562,0.30706513966909366,223.3285024353139,0
sample_005,medium,17,474.0,120.0,690.1,56.9,0.8156006932258606,0.9078015387058258,0.6863091588020325,0.7770985662937164,0.8112218737602235,0.2693287953413077,225.12401026989548,0
sample_005,medium,18,402.0,178.0,690.1,56.9,0.8142194151878357,0.907110333442688,0.6641003042459488,0.7701054811477661,0.8037063866853714,0.238,312.5169115423996,0
sample_005,medium,19,496.0,67.0,690.1,56.9,0.813830554485321,0.9069157242774963,0.6923988163471222,0.7949110269546509,0.8192104637622835,0.30619030030358574,194.36259928288678,0
sample_005,medium,20,431.0,178.0,690.1,56.9,0.8125714659690857,0.906285971403122,0.6678002327680588,0.765634149312973,0.8023280948400497,0.2328572524101407,286.00353144672886,0
sample_005,medium,21,654.0,197.0,690.1,56.9,0.8091108798980713,0.9045559465885162,0.6818472743034363,0.7818260788917542,0.8109222650527954,0.2403383032310913,144.6762592825789,0
sample_005,medium,22,431.0,91.0,690.1,56.9,0.8067861199378967,0.9033925831317902,0.6806148439645767,0.7679380476474762,0.8046552211046218,0.29329336848964044,261.33430697097543,0
sample_005,medium,23,474.0,178.0,690.1,56.9,0.8062344789505005,0.9031171500682831,0.6640793830156326,0.7618510723114014,0.7988031655550003,0.2284294201717458,247.71842886632396,0
sample_005,medium,24,359.0,178.0,690.1,56.9,0.8058599233627319,0.9029301106929779,0.6601988673210144,0.7615568041801453,0.7978345394134523,0.2485608577391058,352.5513012314662,0
sample_005,medium,25,395.0,96.0,690.1,56.9,0.8031768798828125,0.9015888869762421,0.6746173053979874,0.7598137557506561,0.7994845181703568,0.295161820024203,297.6790553599632,0
sample_005,medium,26,762.0,57.0,690.1,56.9,0.8014549016952515,0.9007283449172974,0.7023320496082306,0.7978364527225494,0.8198923289775849,0.36393199914269697,71.90006954099556,0
sample_005,medium,27,643.0,924.0,690.1,56.9,0.8012492656707764,0.9006255269050598,0.6610666662454605,0.7627756893634796,0.7975738197565079,0.3164055941351227,868.3782701104399,0
sample_005,medium,28,690.0,153.0,690.1,56.9,0.7997975945472717,0.8998987376689911,0.6859636455774307,0.7835572063922882,0.8105751067399979,0.2797400579109113,96.10005202912222,0
sample_005,medium,29,460.0,91.0,690.1,56.9,0.7966981530189514,0.8983501195907593,0.675852045416832,0.7558324933052063,0.7968434542417526,0.29058647594132797,232.6130262904466,0
sample_005,medium,30,496.0,96.0,690.1,56.9,0.7914441227912903,0.8957226872444153,0.6589636951684952,0.7475894242525101,0.7891175836324692,0.28568514137070555,197.9990404017151,0
sample_006,medium,1,514.0,904.0,515.3,903.8,0.9167584180831909,0.9583790898323059,0.6860452443361282,0.9385982155799866,0.8959999710321427,0.28584261403786526,1.3152946437965525,1
sample_006,medium,2,800.0,608.0,515.3,903.8,0.8566532135009766,0.9283267557621002,0.6142376214265823,0.8704005181789398,0.8423384338617326,0.22545953073667124,410.55052064270967,0
sample_006,medium,3,398.0,904.0,515.3,903.8,0.852519154548645,0.926259309053421,0.6810402125120163,0.8860131800174713,0.8611170381307602,0.2946353678701863,117.30017050285984,0
sample_006,medium,4,369.0,904.0,515.3,903.8,0.8504059910774231,0.9252026677131653,0.6775069236755371,0.8856921792030334,0.859859323501587,0.30031400233755334,146.30013670533594,0
sample_006,medium,5,456.0,904.0,515.3,903.8,0.8496160507202148,0.9248074889183044,0.6768599301576614,0.8846860527992249,0.8591694027185441,0.28736040089058895,59.30033726716902,0
sample_006,medium,6,340.0,904.0,515.3,903.8,0.845285177230835,0.9226425588130951,0.66770239174366,0.881445974111557,0.855175891518593,0.3072588485300301,175.30011409009404,0
sample_006,medium,7,427.0,904.0,515.3,903.8,0.8433504104614258,0.9216749370098114,0.6735247224569321,0.8772692978382111,0.8542826384305955,0.2902972614407514,88.30022650027571,0
sample_006,medium,8,485.0,904.0,515.3,903.8,0.842516303062439,0.9212581217288971,0.6631009727716446,0.8756875693798065,0.8513984709978104,0.2858679765206309,30.300660058817154,0
sample_006,medium,9,210.0,610.0,515.3,903.8,0.8190781474113464,0.9095392823219299,0.6058291792869568,0.8324320614337921,0.8179543733596802,0.2193171219946131,423.7057115498916,0
sample_006,medium,10,685.0,608.0,515.3,903.8,0.8113915324211121,0.9056960046291351,0.6162676066160202,0.8398100137710571,0.821455928683281,0.1514744202827659,341.0215975565184,0
sample_006,medium,11,771.0,608.0,515.3,903.8,0.8110585808753967,0.905529260635376,0.6162774711847305,0.8395454585552216,0.8212853819131851,0.20628257318542445,390.9988874664479,0
sample_006,medium,12,181.0,610.0,515.3,903.8,0.8090559244155884,0.9045283794403076,0.614294745028019,0.8363884389400482,0.8192256763577461,0.23860113159832244,445.0560975877085,0
sample_006,medium,13,656.0,608.0,515.3,903.8,0.8079501390457153,0.9039751887321472,0.6172688603401184,0.8451087176799774,0.8230873346328735,0.13416407864998736,327.5578269557911,0
sample_006,medium,14,152.0,610.0,515.3,903.8,0.8043899536132812,0.9021954536437988,0.5999301970005035,0.8269712030887604,0.8116527020931245,0.25807363290347973,467.23155929367607,0
sample_006,medium,15,714.0,608.0,515.3,903.8,0.804257869720459,0.9021290242671967,0.6190532967448235,0.8435152173042297,0.8220683559775352,0.16949926253526884,356.3415917346725,0
sample_006,medium,16,123.0,610.0,515.3,903.8,0.8041633367538452,0.9020814597606659,0.5940480977296829,0.8225684762001038,0.8086695939302445,0.27769497654801034,490.12011793028853,0
sample_006,medium,17,66.0,610.0,515.3,903.8,0.799372673034668,0.8996869921684265,0.5881530791521072,0.8287820518016815,0.8090182334184647,0.3165880604192141,536.8323108755657,0
sample_006,medium,18,94.0,610.0,515.3,903.8,0.7988249063491821,0.8994120955467224,0.5832250490784645,0.8169035017490387,0.8031712487339975,0.2974357073385776,513.6264498641011,0
sample_006,medium,19,742.0,608.0,515.3,903.8,0.7953469753265381,0.8976736664772034,0.5972125977277756,0.8219837248325348,0.8073054760694505,0.18738729946290383,372.6801980250628,0
sample_006,medium,20,627.0,608.0,515.3,903.8,0.7791798710823059,0.8895900547504425,0.5922877937555313,0.8136858344078064,0.7997679144144059,0.11788341698474812,316.1874918462145,0
sample_006,medium,21,224.0,696.0,515.3,903.8,0.7769901156425476,0.8884947896003723,0.6495905965566635,0.8130016326904297,0.8105166882276535,0.23936582880603488,357.8219249850405,0
sample_006,medium,22,224.0,754.0,515.3,903.8,0.7747339010238647,0.8873667418956757,0.6466992944478989,0.8026798665523529,0.8053585022687912,0.26522820362849797,327.5602692635356,0
sample_006,medium,23,224.0,792.0,515.3,903.8,0.7697087526321411,0.8848541676998138,0.6252050399780273,0.8023287355899811,0.7999141693115235,0.2841126537132762,312.017515533984,0
sample_006,medium,24,800.0,665.0,515.3,903.8,0.7694056630134583,0.884702742099762,0.6420228481292725,0.795947790145874,0.8006647825241089,0.24210018587353457,371.5905407838041,0
sample_006,medium,25,800.0,780.0,515.3,903.8,0.7675904631614685,0.8837955296039581,0.6515888869762421,0.7962301075458527,0.8023280322551728,0.29017236257093815,310.45213801808484,0
sample_006,medium,26,514.0,943.0,515.3,903.8,0.7611304521560669,0.8805650174617767,0.6024541556835175,0.7819162309169769,0.785483330488205,0.3134046904562853,39.221550198838436,0
sample_006,medium,27,799.0,200.0,515.3,903.8,0.7597803473472595,0.8798898756504059,0.6403012424707413,0.7780292332172394,0.7912278920412064,0.29950041736197963,758.8281294206218,0
sample_006,medium,28,800.0,104.0,515.3,903.8,0.7575506567955017,0.8787758350372314,0.6436376869678497,0.7815108597278595,0.7928422152996064,0.3512947480393067,848.9606174611399,0
sample_006,medium,29,224.0,638.0,515.3,903.8,0.7527992725372314,0.8763999938964844,0.5810326039791107,0.7740985453128815,0.7764059364795686,0.21819715855161817,394.3416412198944,0
sample_006,medium,30,800.0,742.0,515.3,903.8,0.7490605711936951,0.8745301067829132,0.6140756458044052,0.754083663225174,0.774260637164116,0.2725472436110848,327.4650057639748,0
sample_007,medium,1,300.0,163.0,300.1,162.7,0.9261640906333923,0.9630826413631439,0.6456341296434402,0.93113973736763,0.8868157774209976,0.2771001623961992,0.3162277660168559,1
sample_007,medium,2,300.0,67.0,300.1,162.7,0.9171069264411926,0.9585541486740112,0.6396165192127228,0.9228374660015106,0.8804799497127533,0.33726028523975365,95.7000522465897,0
sample_007,medium,3,300.0,115.0,300.1,162.7,0.9037354588508606,0.9518685638904572,0.6095920205116272,0.9027606248855591,0.863770079612732,0.30677760674469057,47.70010482168775,0
sample_007,medium,4,300.0,211.0,300.1,162.7,0.8849390745162964,0.9424706697463989,0.5963723808526993,0.882119745016098,0.8491106420755388,0.24851659904320272,48.300103519557815,0
sample_007,medium,5,598.0,769.0,300.1,162.7,0.7731712460517883,0.8865855932235718,0.5634337067604065,0.798577606678009,0.7867520213127137,0.2024413495311667,675.5324566591896,0
sample_007,medium,6,894.0,357.0,300.1,162.7,0.7721461653709412,0.8860730528831482,0.57706468552351,0.7682797908782959,0.7771540746092798,0.2963823544005277,624.8757476490825,0
sample_007,medium,7,598.0,721.0,300.1,162.7,0.763542652130127,0.8817712664604187,0.5651646107435226,0.7918822467327118,0.7824943274259568,0.170945897874152,632.8058944099682,0
sample_007,medium,8,599.0,649.0,300.1,162.7,0.7625910043716431,0.8812953531742096,0.5758169740438461,0.7802452445030212,0.7797796338796616,0.12649505919204906,570.8142429897839,0
sample_007,medium,9,894.0,405.0,300.1,162.7,0.7560160160064697,0.8780079483985901,0.5487704277038574,0.7489686757326126,0.7605447351932526,0.28658419356272946,641.4253658844495,0
sample_007,medium,10,894.0,453.0,300.1,162.7,0.755943775177002,0.8779720366001129,0.5568269230425358,0.7517364919185638,0.763248796015978,0.280575301835354,661.0531748656836,0
sample_007,medium,11,894.0,501.0,300.1,162.7,0.7528951168060303,0.8764476776123047,0.5472456365823746,0.7512720227241516,0.7605370074510576,0.2786009691296855,683.4940380135001,0
sample_007,medium,12,877.0,935.0,300.1,162.7,0.7402860522270203,0.870142787694931,0.5771231427788734,0.808058351278305,0.7867050841450691,0.40703439658092777,963.981794433899,0
sample_007,medium,13,408.0,163.0,300.1,162.7,0.7162362337112427,0.8581182658672333,0.5950641706585884,0.7354381084442139,0.7564353838562966,0.24701518171966674,107.90041705202067,0
sample_007,medium,14,336.0,163.0,300.1,162.7,0.7134656310081482,0.8567333817481995,0.5974561274051666,0.7191579639911652,0.7498477637767792,0.2650141505655877,35.901253460011645,0
sample_007,medium,15,444.0,163.0,300.1,162.7,0.7118496894836426,0.8559255599975586,0.5805573984980583,0.7406827062368393,0.7547547861933708,0.24156262128069397,143.90031271682489,0
sample_007,medium,16,462.0,79.0,300.1,162.7,0.707818329334259,0.8539097905158997,0.5907565280795097,0.7455970495939255,0.757954041659832,0.29890215790455577,182.25613844257754,0
sample_007,medium,17,725.0,637.0,300.1,162.7,0.7058708071708679,0.8529353439807892,0.5941763520240784,0.7330000996589661,0.7532094478607179,0.18627130750601392,636.7892115920307,0
sample_007,medium,18,408.0,67.0,300.1,162.7,0.7057522535324097,0.8528766930103302,0.5851182416081429,0.7310905158519745,0.7506105318665506,0.3130119806013821,144.225171173412,0
sample_007,medium,19,761.0,637.0,300.1,162.7,0.7046124339103699,0.8523060083389282,0.5961223244667053,0.7307143360376358,0.7524326026439667,0.2084346420343797,661.3541411377115,0
sample_007,medium,20,949.0,935.0,300.1,162.7,0.7044292092323303,0.8522146642208099,0.5940620228648186,0.7319512963294983,0.752478788793087,0.4420554263890446,1008.721220159465,0
sample_007,medium,21,761.0,685.0,300.1,162.7,0.7043046355247498,0.852152019739151,0.6089155152440071,0.7314499914646149,0.7552239075303078,0.2262144999773445,696.5817252842627,0
sample_007,medium,22,653.0,637.0,300.1,162.7,0.7030903697013855,0.851545512676239,0.5869711339473724,0.7250544130802155,0.7480341970920563,0.1452205219657332,591.1843198191237,0
sample_007,medium,23,462.0,127.0,300.1,162.7,0.7030694484710693,0.8515353202819824,0.5763856247067451,0.7377393394708633,0.7509869888424874,0.2651160123417671,165.7893241436251,0
sample_007,medium,24,408.0,115.0,300.1,162.7,0.7027744054794312,0.8513875901699066,0.5808708816766739,0.7192144989967346,0.7444150120019912,0.27990087531124297,117.97330206449251,0
sample_007,medium,25,707.0,769.0,300.1,162.7,0.7019575834274292,0.8509785532951355,0.5767994448542595,0.7314001023769379,0.7483113512396813,0.24001041644062035,730.1830592392567,0
sample_007,medium,26,707.0,721.0,300.1,162.7,0.7016689777374268,0.8508351445198059,0.5889198482036591,0.7281826138496399,0.74939107298851,0.21411445537375562,690.8447727239455,0
sample_007,medium,27,671.0,721.0,300.1,162.7,0.7012520432472229,0.8506262600421906,0.5826115608215332,0.7247438281774521,0.7466703474521637,0.19758795509848262,670.2728548882163,0
sample_007,medium,28,689.0,637.0,300.1,162.7,0.7006800770759583,0.8503401577472687,0.5970788076519966,0.7347196489572525,0.7534396842122079,0.1650605949341029,613.3544652156696,0
sample_007,medium,29,408.0,210.0,300.1,162.7,0.699712336063385,0.8498557806015015,0.5856919139623642,0.7083319872617722,0.7404134899377823,0.21513251730038394,117.8121385936101,0
sample_007,medium,30,948.0,369.0,300.1,162.7,0.699124813079834,0.8495627045631409,0.5723484009504318,0.7158778160810471,0.7406458884477616,0.33004923875082637,679.9515423910736,0
sample_008,medium,1,586.0,289.0,586.9,289.5,0.8682913184165955,0.9341460168361664,0.6174107939004898,0.9071558713912964,0.8600029140710831,0.16111641753713368,1.0295630140986802,1
sample_008,medium,2,586.0,328.0,586.9,289.5,0.5732979774475098,0.7866497337818146,0.5630964562296867,0.701341062784195,0.7078156098723412,0.1359779393872403,38.51051804377604,0
sample_008,medium,3,586.0,462.0,586.9,289.5,0.5611966252326965,0.7805984318256378,0.5857094675302505,0.7540681660175323,0.7310085326433182,0.06648308055437865,172.50234781010954,0
sample_008,medium,4,586.0,500.0,586.9,289.5,0.5568415522575378,0.7784207165241241,0.56131362169981,0.7363699078559875,0.7181789740920066,0.06081118318204309,210.50192398170617,0
sample_008,medium,5,586.0,366.0,586.9,289.5,0.5528311729431152,0.7764157652854919,0.5552776530385017,0.7434442937374115,0.7189995542168617,0.11258774356030055,76.50529393447228,0
sample_008,medium,6,759.0,290.0,586.9,289.5,0.5473416447639465,0.773670494556427,0.5522836893796921,0.7494088709354401,0.7196884840726853,0.23577637710339006,172.10072632037324,0
sample_008,medium,7,586.0,424.0,586.9,289.5,0.5469138622283936,0.7734571397304535,0.5800180584192276,0.7599808871746063,0.7293788224458695,0.08115417426109392,134.50301111871065,0
sample_008,medium,8,673.0,290.0,586.9,289.5,0.5320645570755005,0.7660320699214935,0.5544141605496407,0.742805078625679,0.7144176915287972,0.19239152787999786,86.10145178799254,0
sample_008,medium,9,716.0,290.0,586.9,289.5,0.5309170484542847,0.7654583156108856,0.5517465211451054,0.731418177485466,0.7090999014675617,0.21302112571292076,129.1009682380423,0
sample_008,medium,10,629.0,290.0,586.9,289.5,0.5116874575614929,0.7558430135250092,0.5451978072524071,0.7166986912488937,0.6980562433600426,0.17427134015666487,42.102969016448256,0
sample_008,medium,11,802.0,290.0,586.9,289.5,0.47236210107803345,0.7361807525157928,0.5412213616073132,0.689330205321312,0.6784486554563045,0.26009998077662366,215.10058112427313,0
sample_008,medium,12,303.0,297.0,586.9,289.5,0.46484604477882385,0.732422262430191,0.5427340529859066,0.7281524240970612,0.6927766852080823,0.20002249873451736,283.99904929418335,0
sample_008,medium,13,876.0,72.0,586.9,289.5,0.44769614934921265,0.7238485366106033,0.5364500917494297,0.7052602916955948,0.6789335496723652,0.40283991857808726,361.7804030071281,0
sample_008,medium,14,876.0,130.0,586.9,289.5,0.44543567299842834,0.722717896103859,0.5470666997134686,0.7174726724624634,0.6854895673692227,0.37301206414806476,330.1803446603083,0
sample_008,medium,15,876.0,188.0,586.9,289.5,0.4317759573459625,0.7158881276845932,0.5459088124334812,0.7104877978563309,0.6797321327030659,0.3454851661070269,306.40016318533515,0
sample_008,medium,16,289.0,326.0,586.9,289.5,0.41596314311027527,0.7079818099737167,0.543781004846096,0.646407961845398,0.6505121096968651,0.19338691786157614,300.12773947104586,0
sample_008,medium,17,289.0,479.0,586.9,289.5,0.4052334427833557,0.7026160508394241,0.539941132068634,0.6923960894346237,0.665993082523346,0.14993665329064804,353.0646682974664,0
sample_008,medium,18,891.0,159.0,586.9,289.5,0.40185996890068054,0.7009299099445343,0.5517682991921902,0.6743654310703278,0.6604717962443829,0.3668528315278485,330.9185096062171,0
sample_008,medium,19,572.0,395.0,586.9,289.5,0.3969150185585022,0.6984577625989914,0.5453648865222931,0.6359826773405075,0.6428491532802583,0.09002499652874195,106.54698494091701,0
sample_008,medium,20,289.0,441.0,586.9,289.5,0.3966214954853058,0.6983101814985275,0.5574246644973755,0.6966950446367264,0.6694870233535766,0.15492256130079957,334.2105025279726,0
sample_008,medium,21,289.0,364.0,586.9,289.5,0.3922402262687683,0.6961200833320618,0.5361609943211079,0.6807355880737305,0.6579744674265384,0.1775063379150164,307.0743558163071,0
sample_008,medium,22,461.0,288.0,586.9,289.5,0.39037036895751953,0.6951849907636642,0.4988600666401908,0.6417539268732071,0.6345475803827867,0.15242211125686456,125.90893534614608,0
sample_008,medium,23,318.0,326.0,586.9,289.5,0.38738420605659485,0.6936922818422318,0.5599476434290409,0.5796070098876953,0.6213092453777791,0.17804493814764855,271.3659153246774,0
sample_008,medium,24,601.0,395.0,586.9,289.5,0.3852277100086212,0.6926137655973434,0.5494063496589661,0.649591475725174,0.6467633664608001,0.1030194156457898,106.43805710365068,0
sample_008,medium,25,891.0,101.0,586.9,289.5,0.38475316762924194,0.6923767328262329,0.5465384088456631,0.6661442816257477,0.6527160875499249,0.39502025264535484,357.7835379108435,0
sample_008,medium,26,303.0,393.0,586.9,289.5,0.38155680894851685,0.6907782703638077,0.5506317242980003,0.6898387372493744,0.6623731479048729,0.1585212919452778,302.177861531913,0
sample_008,medium,27,404.0,287.0,586.9,289.5,0.37828484177589417,0.6891423314809799,0.5419669449329376,0.6823302805423737,0.6569824337959289,0.16520441882710038,182.9170850412831,0
sample_008,medium,28,615.0,328.0,586.9,289.5,0.37709617614746094,0.6885484457015991,0.5421878211200237,0.5637301728129387,0.6093490116298199,0.14630276825815702,47.66403256125106,0
sample_008,medium,29,332.0,297.0,586.9,289.5,0.37651050090789795,0.6882551312446594,0.5340555161237717,0.6480339765548706,0.6413267463445664,0.18632364315888628,255.0103135169242,0
sample_008,medium,30,375.0,287.0,586.9,289.5,0.3625432252883911,0.6812713742256165,0.5480843037366867,0.6918722838163376,0.6588743239641189,0.1746339027795004,211.91474700926312,0
sample_009,medium,1,779.0,716.0,707.9,706.5,0.9189658164978027,0.9594828486442566,0.7395545989274979,0.9017981290817261,0.8924233108758928,0.249496492961324,71.73186181885985,0
sample_009,medium,2,707.0,649.0,707.9,706.5,0.9170050621032715,0.9585019946098328,0.7057141065597534,0.8916811943054199,0.8812160968780518,0.18034688796871431,57.5070430469173,0
sample_009,medium,3,635.0,716.0,707.9,706.5,0.9161343574523926,0.9580670297145844,0.7335719168186188,0.894377201795578,0.8876920759677888,0.18011246486570548,73.51639272978508,0
sample_009,medium,4,779.0,678.0,707.9,706.5,0.9156908392906189,0.9578453302383423,0.7688391506671906,0.8936071991920471,0.8943488419055939,0.2340138884767312,76.5993472557045,0
sample_009,medium,5,721.0,716.0,707.9,706.5,0.915561318397522,0.9577804803848267,0.7431755810976028,0.8946490287780762,0.8896069198846817,0.21851430159145188,16.182088863926083,0
sample_009,medium,6,154.0,672.0,707.9,706.5,0.9141581058502197,0.9570786356925964,0.7435580641031265,0.8918366432189941,0.8882777243852615,0.273221521846285,554.9733867493106,0
sample_009,medium,7,750.0,716.0,707.9,706.5,0.9139794111251831,0.9569892287254333,0.7402696758508682,0.8899302184581757,0.8868217140436172,0.23361934851377356,43.15854492449904,0
sample_009,medium,8,721.0,678.0,707.9,706.5,0.9117980003356934,0.9558992385864258,0.7565107047557831,0.8865365386009216,0.8882764518260956,0.20065517685821113,31.366542684841768,0
sample_009,medium,9,635.0,678.0,707.9,706.5,0.9117361307144165,0.9558679759502411,0.7476474493741989,0.8859085440635681,0.8862400978803635,0.15796993384818517,78.27298384500234,0
sample_009,medium,10,82.0,643.0,707.9,706.5,0.9112973213195801,0.9556486010551453,0.724037304520607,0.8947605490684509,0.8849711209535599,0.3123883800655844,629.1129151432198,0
sample_009,medium,11,707.0,745.0,707.9,706.5,0.9112955927848816,0.9556471705436707,0.7116488963365555,0.8864687979221344,0.8791761666536332,0.2267972662974578,38.51051804377604,0
sample_009,medium,12,750.0,678.0,707.9,706.5,0.910807728767395,0.9554038643836975,0.7539085149765015,0.8819821774959564,0.8857361197471618,0.21700691233230335,50.839551532247036,0
sample_009,medium,13,197.0,643.0,707.9,706.5,0.9079326391220093,0.9539667069911957,0.71743243932724,0.8841789662837982,0.8787447571754456,0.2369155967850154,514.8310985167853,0
sample_009,medium,14,641.0,403.0,707.9,706.5,0.907861053943634,0.9539304971694946,0.7074538767337799,0.8768213391304016,0.8737915098667145,0.12101652779682617,310.7858748398968,0
sample_009,medium,15,678.0,649.0,707.9,706.5,0.906408965587616,0.9532045125961304,0.6933515816926956,0.8786406219005585,0.8714083701372147,0.16414170707044567,64.80941289658469,0
sample_009,medium,16,111.0,643.0,707.9,706.5,0.9062621593475342,0.9531314671039581,0.7064336836338043,0.878678947687149,0.8740109026432037,0.29306142700805915,600.2681567433009,0
sample_009,medium,17,670.0,403.0,707.9,706.5,0.9060494899749756,0.953024834394455,0.6941275149583817,0.8711024224758148,0.8684764057397844,0.13839978323682445,305.85725428702847,0
sample_009,medium,18,692.0,716.0,707.9,706.5,0.905261754989624,0.9526299834251404,0.7194905579090118,0.8835773169994354,0.8783810317516327,0.20435263639111678,18.521878954360954,0
sample_009,medium,19,742.0,374.0,707.9,706.5,0.9044331312179565,0.9522164762020111,0.6861497312784195,0.8778555989265442,0.869258776307106,0.1929248558377069,334.24401266140876,0
sample_009,medium,20,736.0,649.0,707.9,706.5,0.904265284538269,0.9521324038505554,0.6824645847082138,0.8735184073448181,0.8667532414197923,0.19735374331387787,63.998906240653845,0
sample_009,medium,21,649.0,649.0,707.9,706.5,0.902457058429718,0.9512282907962799,0.6979915797710419,0.8764461278915405,0.8706680834293365,0.149,82.31318241934275,0
sample_009,medium,22,765.0,649.0,707.9,706.5,0.9021927118301392,0.9510966539382935,0.6843556612730026,0.8718867897987366,0.8660645097494126,0.2149720912118594,81.03493073977421,0
sample_009,medium,23,678.0,745.0,707.9,706.5,0.9019050002098083,0.9509521424770355,0.6983113884925842,0.8737016022205353,0.8695237755775451,0.21413663862123172,48.746897337163915,0
sample_009,medium,24,692.0,678.0,707.9,706.5,0.9015027284622192,0.950750857591629,0.7310017645359039,0.8759406208992004,0.8768769443035126,0.18513238506539045,32.63525700833378,0
sample_009,medium,25,183.0,672.0,707.9,706.5,0.9012816548347473,0.9506407380104065,0.7253073751926422,0.8705211877822876,0.8735262453556061,0.25502254802271895,526.0325655318309,0
sample_009,medium,26,125.0,672.0,707.9,706.5,0.9009518623352051,0.9504757821559906,0.7256847769021988,0.8729858100414276,0.8745215922594072,0.29172675571500123,583.92008014796,0
sample_009,medium,27,713.0,374.0,707.9,706.5,0.9008583426475525,0.9504291713237762,0.6815103739500046,0.8725269734859467,0.8654845327138901,0.1749928569970786,332.53911048175974,0
sample_009,medium,28,140.0,643.0,707.9,706.5,0.9007632732391357,0.950381875038147,0.6938322186470032,0.8737174272537231,0.8684061646461487,0.273906005775704,571.4391131170494,0
sample_009,medium,29,82.0,701.0,707.9,706.5,0.900748610496521,0.9503739178180695,0.687403604388237,0.8745827674865723,0.8674633949995041,0.3279672239721524,625.9241647356331,0
sample_009,medium,30,68.0,672.0,707.9,706.5,0.9001687169075012,0.9500842690467834,0.7189208269119263,0.8687902688980103,0.8713339805603029,0.3287917273898478,640.8293532602887,0
sample_010,medium,1,807.0,598.0,807.6,598.1,0.9043517112731934,0.9521760046482086,0.7016244828701019,0.9461197853088379,0.899643212556839,0.22787386862034006,0.6082762530298481,1
sample_010,medium,2,699.0,598.0,807.6,598.1,0.8249374628067017,0.9124689698219299,0.6919420212507248,0.8849079608917236,0.8573391765356064,0.15685184092002236,108.60004604050592,0
sample_010,medium,3,645.0,598.0,807.6,598.1,0.80338454246521,0.9016923010349274,0.6863934844732285,0.8594260215759277,0.8417260259389878,0.12375176766414288,162.6000307503046,0
sample_010,medium,4,812.0,893.0,807.6,598.1,0.8013579845428467,0.9006796181201935,0.6266211122274399,0.8760949373245239,0.8360340446233749,0.3548189679258988,294.9328228597149,0
sample_010,medium,5,753.0,598.0,807.6,598.1,0.7877434492111206,0.8938718438148499,0.6653077006340027,0.8507516086101532,0.8309109210968018,0.19185020198060776,54.60009157501481,0
sample_010,medium,6,229.0,598.0,807.6,598.1,0.767804741859436,0.8839029669761658,0.58661088347435,0.8661777973175049,0.8173544824123383,0.20377070446950904,578.6000086415486,0
sample_010,medium,7,639.0,893.0,807.6,598.1,0.7595069408416748,0.879753828048706,0.6372628062963486,0.8376796543598175,0.8144259542226792,0.29476261635424533,339.69393577160014,0
sample_010,medium,8,704.0,893.0,807.6,598.1,0.7571407556533813,0.8785703778266907,0.6406014114618301,0.8397943675518036,0.8154661804437637,0.31310142126793356,312.5683445264411,0
sample_010,medium,9,747.0,893.0,807.6,598.1,0.7546384930610657,0.8773194849491119,0.6395542621612549,0.8390593826770782,0.8144623994827271,0.32822096215811686,301.0620700121488,0
sample_010,medium,10,175.0,605.0,807.6,598.1,0.740746021270752,0.8703733086585999,0.5976709201931953,0.8167605996131897,0.794387747347355,0.24150569351466644,632.6376292950017,0
sample_010,medium,11,132.0,605.0,807.6,598.1,0.7329685688018799,0.8664847910404205,0.6083106994628906,0.8102361857891083,0.7923505306243896,0.27060025868428134,675.6352344275718,0
sample_010,medium,12,89.0,605.0,807.6,598.1,0.7266770601272583,0.8633388578891754,0.6050053089857101,0.8111182749271393,0.790783914923668,0.29995499662449365,718.6331261499153,0
sample_010,medium,13,807.0,641.0,807.6,598.1,0.6876833438873291,0.8438414633274078,0.6375024318695068,0.7523444890975952,0.7659748673439026,0.23888281646028875,42.904195599032015,0
sample_010,medium,14,807.0,684.0,807.6,598.1,0.678428590297699,0.839214026927948,0.6211865618824959,0.7385065853595734,0.7553255572915076,0.25308595377855325,85.9020954342791,0
sample_010,medium,15,807.0,713.0,807.6,598.1,0.6760189533233643,0.8380098640918732,0.5963635891675949,0.740752786397934,0.7507777780294418,0.2642139284746359,114.90156656895499,0
sample_010,medium,16,806.0,785.0,807.6,598.1,0.674628496170044,0.8373140096664429,0.6296151578426361,0.7369042634963989,0.7556103408336639,0.2956864893768398,186.90684845665766,0
sample_010,medium,17,229.0,770.0,807.6,598.1,0.6690065264701843,0.8345032930374146,0.6272021532058716,0.7459796518087387,0.7576336085796357,0.27050046210681417,603.5955351060841,0
sample_010,medium,18,229.0,741.0,807.6,598.1,0.6640013456344604,0.8320012390613556,0.6316477507352829,0.732878178358078,0.7522813171148302,0.2564390765854533,595.9852095480222,0
sample_010,medium,19,523.0,189.0,807.6,598.1,0.6626409292221069,0.8313212096691132,0.6218931972980499,0.7379268109798431,0.7520778477191925,0.22051077071199945,498.3572714428877,0
sample_010,medium,20,807.0,742.0,807.6,598.1,0.6613048315048218,0.8306526243686676,0.5909186378121376,0.7315145581960678,0.7430506005883217,0.2764172570589615,143.90125086322215,0
sample_010,medium,21,229.0,669.0,807.6,598.1,0.6609998941421509,0.8305001258850098,0.6368728578090668,0.7337612360715866,0.7530791163444519,0.22583400983908514,582.9277571020272,0
sample_010,medium,22,229.0,698.0,807.6,598.1,0.6581564545631409,0.829077810049057,0.6464752107858658,0.7336899489164352,0.7544021457433701,0.23732361871503643,587.1609404584062,0
sample_010,medium,23,523.0,160.0,807.6,598.1,0.6521435976028442,0.8260720372200012,0.6197407022118568,0.7263068407773972,0.7448996916413309,0.24096576520327528,522.4258511980432,0
sample_010,medium,24,812.0,936.0,807.6,598.1,0.6499570608139038,0.8249787986278534,0.5932434722781181,0.7225482016801834,0.7376594945788384,0.3791042073098108,337.9286463145733,0
sample_010,medium,25,523.0,102.0,807.6,598.1,0.6493732333183289,0.8246866762638092,0.6240140646696091,0.7145577222108841,0.7405005723237992,0.2818980312098685,571.9373829362792,0
sample_010,medium,26,523.0,131.0,807.6,598.1,0.6475567817687988,0.8237790167331696,0.6110371798276901,0.7191395610570908,0.7393748670816422,0.2614287665885298,546.973098058762,0
sample_010,medium,27,512.0,66.0,807.6,598.1,0.6432613730430603,0.8216308653354645,0.6343115121126175,0.7241886407136917,0.7451901048421861,0.307001628660175,608.6951371581672,0
sample_010,medium,28,229.0,640.0,807.6,598.1,0.6385647654533386,0.8192831873893738,0.5976809337735176,0.7080883383750916,0.7304847970604897,0.21568611452756992,580.1151351240545,0
sample_010,medium,29,935.0,200.0,807.6,598.1,0.6331061720848083,0.8165533542633057,0.6449246853590012,0.6850505471229553,0.7296264976263047,0.37364756121243453,417.98848070251887,0
sample_010,medium,30,688.0,720.0,807.6,598.1,0.632893443107605,0.8164468109607697,0.6419690251350403,0.6852370053529739,0.7290673315525056,0.2046264889988586,170.77403198378846,0
sample_011,medium,1,949.0,558.0,950.0,557.5,0.8708440065383911,0.9354221522808075,0.615459717810154,0.8885554373264313,0.8526829794049264,0.3201288802966705,1.118033988749895,1
sample_011,medium,2,913.0,558.0,950.0,557.5,0.7727572321891785,0.8863784372806549,0.5950180292129517,0.8300756216049194,0.8055852293968201,0.2949008307889281,37.003378224156776,0
sample_011,medium,3,683.0,844.0,950.0,557.5,0.6718788146972656,0.8359390795230865,0.5871382877230644,0.7957358360290527,0.7700976237654686,0.2755222314079211,391.6264163715211,0
sample_011,medium,4,791.0,844.0,950.0,557.5,0.6703507900238037,0.8351755738258362,0.6020216569304466,0.8021745681762695,0.7753443881869316,0.3186039861646429,327.6633180568127,0
sample_011,medium,5,755.0,844.0,950.0,557.5,0.669105052947998,0.8345523178577423,0.6054244264960289,0.8031596839427948,0.7761696860194207,0.30278787954606107,346.56492898156904,0
sample_011,medium,6,719.0,844.0,950.0,557.5,0.6669254899024963,0.8334623873233795,0.5939471125602722,0.796726793050766,0.7708650946617126,0.2883548161553748,368.0261539619161,0
sample_011,medium,7,647.0,844.0,950.0,557.5,0.6602262258529663,0.830112636089325,0.5926288515329361,0.7942905426025391,0.768287041783333,0.26452315588620967,417.0026978329996,0
sample_011,medium,8,680.0,260.0,950.0,557.5,0.6503090858459473,0.8251547813415527,0.5826466679573059,0.7862439155578613,0.7610888123512268,0.21213203435596426,401.7539669997049,0
sample_011,medium,9,644.0,260.0,950.0,557.5,0.6451067924499512,0.822553426027298,0.5750487372279167,0.7818816304206848,0.7567837700247766,0.1979090700296477,426.78126716152855,0
sample_011,medium,10,788.0,260.0,950.0,557.5,0.644591212272644,0.8222952783107758,0.5651626959443092,0.7810472249984741,0.7543695405125619,0.26508866441249423,338.7480627250878,0
sample_011,medium,11,716.0,260.0,950.0,557.5,0.6394887566566467,0.8197445869445801,0.5817675590515137,0.7812235057353973,0.7567407488822937,0.22831557108528536,378.5,0
sample_011,medium,12,752.0,260.0,950.0,557.5,0.6353536248207092,0.8176766633987427,0.5684225708246231,0.7768279612064362,0.7514863640069962,0.24607315985291853,357.36570904327124,0
sample_011,medium,13,931.0,522.0,950.0,557.5,0.5591062903404236,0.7795529663562775,0.6009465008974075,0.5968064069747925,0.6707330495119095,0.3051597942062486,40.26474885057648,0
sample_011,medium,14,611.0,844.0,950.0,557.5,0.5536689162254333,0.7768341600894928,0.5666172653436661,0.7501382231712341,0.724112406373024,0.2555944052595831,443.85048158135413,0
sample_011,medium,15,824.0,260.0,950.0,557.5,0.5311297178268433,0.765565037727356,0.5513016954064369,0.7244001179933548,0.7062464013695717,0.2851105048924013,323.0824198250347,0
sample_011,medium,16,827.0,844.0,950.0,557.5,0.5243875980377197,0.7621934115886688,0.5531355999410152,0.7209317535161972,0.7038771860301496,0.33560765783873286,311.787187036286,0
sample_011,medium,17,665.0,808.0,950.0,557.5,0.5240705013275146,0.762035608291626,0.5668402463197708,0.6029564216732979,0.6593648612499238,0.24707185189737824,379.4407068304612,0
sample_011,medium,18,608.0,260.0,950.0,557.5,0.5222206115722656,0.7611102759838104,0.5533083565533161,0.7292405664920807,0.7068020083010198,0.18609674903124984,453.2882636909983,0
sample_011,medium,19,949.0,486.0,950.0,557.5,0.5221317410469055,0.7610663175582886,0.602269671857357,0.687744677066803,0.6999783322215081,0.31764524236953395,71.50699266505339,0
sample_011,medium,20,701.0,808.0,950.0,557.5,0.5206587314605713,0.7603290975093842,0.5691707506775856,0.6013393774628639,0.6585015401244163,0.260062492489786,353.2014297819305,0
sample_011,medium,21,770.0,128.0,950.0,557.5,0.5187686085700989,0.7593838572502136,0.6170380264520645,0.6751964092254639,0.6972397118806839,0.3250261527938944,465.69330035979686,0
sample_011,medium,22,734.0,128.0,950.0,557.5,0.5181373953819275,0.7590687274932861,0.615560308098793,0.6757556945085526,0.6970418304204942,0.3107571399018854,480.75591520021885,0
sample_011,medium,23,680.0,140.0,950.0,557.5,0.5177685618400574,0.7588844895362854,0.6004583910107613,0.6697318255901337,0.69153820425272,0.2846049894151541,497.19840104328574,0
sample_011,medium,24,877.0,557.0,950.0,557.5,0.5151029825210571,0.7575516700744629,0.5611687041819096,0.7301160544157028,0.7073008306324482,0.2696089761117014,73.00171230868493,0
sample_011,medium,25,645.0,140.0,950.0,557.5,0.5149489045143127,0.7574734389781952,0.6044619157910347,0.6730245649814606,0.6930915847420693,0.27443123000125186,517.0408591204374,0
sample_011,medium,26,701.0,761.0,950.0,557.5,0.5144477486610413,0.7572236657142639,0.5842775851488113,0.678181990981102,0.6910177797079087,0.23293990641364995,321.5793059262365,0
sample_011,medium,27,773.0,761.0,950.0,557.5,0.5136774778366089,0.7568386495113373,0.5926186591386795,0.6847429424524307,0.6951563686132431,0.2670674072214728,269.7058582975164,0
sample_011,medium,28,665.0,713.0,950.0,557.5,0.5131993889808655,0.7565996944904327,0.560471810400486,0.6576104164123535,0.6777784064412118,0.19051771571168913,324.66174705376056,0
sample_011,medium,29,737.0,761.0,950.0,557.5,0.5121201276779175,0.7560595870018005,0.5870493352413177,0.6801385879516602,0.6918891370296478,0.24928898892650672,294.5865747110686,0
sample_011,medium,30,755.0,653.0,950.0,557.5,0.5111228227615356,0.7555614113807678,0.6023976802825928,0.6628368049860001,0.6878388226032257,0.2102783869065007,217.12956961224788,0
sample_012,medium,1,550.0,272.0,550.7,272.0,0.8780996799468994,0.9390496611595154,0.6697043627500534,0.9354164898395538,0.8837273329496385,0.16505150711217392,0.7000000000000455,1
sample_012,medium,2,507.0,272.0,550.7,272.0,0.5574432015419006,0.7787215113639832,0.6316644996404648,0.753450334072113,0.7392016381025315,0.1612963111791463,43.700000000000045,0
sample_012,medium,3,378.0,272.0,550.7,272.0,0.5361951589584351,0.7680976986885071,0.6366207301616669,0.7745277881622314,0.7443743407726289,0.18284966502567074,172.70000000000005,0
sample_012,medium,4,435.0,272.0,550.7,272.0,0.5291101336479187,0.7645552754402161,0.6227161586284637,0.7583836615085602,0.7337188065052034,0.16764396797976358,115.70000000000005,0
sample_012,medium,5,464.0,272.0,550.7,272.0,0.5242900848388672,0.7621451318264008,0.6378870457410812,0.7748692333698273,0.7423831552267075,0.1632176461048253,86.70000000000005,0
sample_012,medium,6,349.0,272.0,550.7,272.0,0.5158239006996155,0.7579119205474854,0.6375535428524017,0.7701744735240936,0.7387452661991121,0.19337140429753308,201.70000000000005,0
sample_012,medium,7,406.0,272.0,550.7,272.0,0.5053182244300842,0.7526590526103973,0.6108861565589905,0.7620087563991547,0.7280443549156189,0.17438463235044535,144.70000000000005,0
sample_012,medium,8,551.0,127.0,550.7,272.0,0.4206181466579437,0.7103089541196823,0.6119422987103462,0.7184062004089355,0.6938745215535165,0.26620480837129895,145.00031034449546,0
sample_012,medium,9,550.0,368.0,550.7,272.0,0.411228209733963,0.7056142240762711,0.5215101707726717,0.690095841884613,0.662586060538888,0.09980981915623331,96.00255204941169,0
sample_012,medium,10,550.0,464.0,550.7,272.0,0.40025877952575684,0.7001297473907471,0.5118052437901497,0.6741814464330673,0.6520855262875558,0.043566041821583926,192.00127603742638,0
sample_012,medium,11,550.0,185.0,550.7,272.0,0.39878350496292114,0.6993916481733322,0.573716327548027,0.7049220055341721,0.6764687269926071,0.2255271602268782,87.00281604637864,0
sample_012,medium,12,550.0,214.0,550.7,272.0,0.39388012886047363,0.6969402432441711,0.55965805798769,0.707117572426796,0.6735547378659248,0.2052997808084558,58.00422398412033,0
sample_012,medium,13,551.0,99.0,550.7,272.0,0.39312252402305603,0.6965613216161728,0.5654876306653023,0.6955832839012146,0.6699553683400155,0.28583386783234765,173.00026011541138,0
sample_012,medium,14,551.0,70.0,550.7,272.0,0.38937199115753174,0.6946858465671539,0.5848430618643761,0.7139172703027725,0.6804098591208458,0.3061870343433895,202.0002227721544,0
sample_012,medium,15,550.0,416.0,550.7,272.0,0.3855934739112854,0.6927970051765442,0.518387308344245,0.6743493378162384,0.650535998865962,0.06912307863514182,144.00170137883788,0
sample_012,medium,16,551.0,156.0,550.7,272.0,0.3814675509929657,0.6907339990139008,0.5751157999038696,0.7009239494800568,0.671686339378357,0.24590343633223183,116.00038793038581,0
sample_012,medium,17,265.0,564.0,550.7,272.0,0.37524282932281494,0.687620684504509,0.5471159219741821,0.7619993090629578,0.6892711818218231,0.17222224014336823,408.51987711738093,0
sample_012,medium,18,264.0,853.0,550.7,272.0,0.36952751874923706,0.6847635954618454,0.5435159131884575,0.7451017051935196,0.6806493028998375,0.30025405908996466,647.887250993566,0
sample_012,medium,19,550.0,320.0,550.7,272.0,0.3410409688949585,0.6705206483602524,0.5346410572528839,0.6094569340348244,0.6189192444086076,0.13209844813622906,48.00510389531513,0
sample_012,medium,20,320.0,272.0,550.7,272.0,0.3390525281429291,0.6695268750190735,0.5772648900747299,0.6519317030906677,0.6440364092588424,0.20540691322348426,230.70000000000005,0
sample_012,medium,21,264.0,790.0,550.7,272.0,0.33814582228660583,0.6690736711025238,0.5584768354892731,0.6465238779783249,0.6379343867301941,0.26438229895361753,592.0480470367249,0
sample_012,medium,22,258.0,469.0,550.7,272.0,0.3303850591182709,0.6651925444602966,0.5641297772526741,0.6752584129571915,0.6490063384175301,0.17251811499086117,352.8204784306036,0
sample_012,medium,23,261.0,947.0,550.7,272.0,0.32719674706459045,0.6635988652706146,0.5593572854995728,0.6719300001859665,0.6460830032825471,0.35842014452315596,734.5414147616185,0
sample_012,medium,24,264.0,719.0,550.7,272.0,0.32510125637054443,0.6625509858131409,0.5666980221867561,0.6492118239402771,0.6380447283387185,0.22765873583062873,531.0422676209494,0
sample_012,medium,25,265.0,671.0,550.7,272.0,0.3225339949131012,0.661266565322876,0.5436300188302994,0.6408226788043976,0.6295617014169693,0.20550669088864235,490.7397375391563,0
sample_012,medium,26,264.0,757.0,550.7,272.0,0.3222145736217499,0.6611073613166809,0.5520677343010902,0.6408775150775909,0.6312074974179268,0.24672352948188786,563.4020677988323,0
sample_012,medium,27,222.0,564.0,550.7,272.0,0.3192705810070038,0.6596346497535706,0.5369679816067219,0.6584240198135376,0.6346170641481876,0.20171762441591462,439.6677040675151,0
sample_012,medium,28,258.0,421.0,550.7,272.0,0.30808553099632263,0.6540423184633255,0.558324221521616,0.6731494963169098,0.6425415702164173,0.1800069443104904,328.44221714024525,0
sample_012,medium,29,258.0,363.0,550.7,272.0,0.30499422550201416,0.6524970829486847,0.5648776963353157,0.6750337034463882,0.6439878538250923,0.1966379922598886,306.5196404800189,0
sample_012,medium,30,841.0,857.0,550.7,272.0,0.28862011432647705,0.6443100720643997,0.5095140784978867,0.7338264584541321,0.65315742790699,0.34909167850294,653.0689779801212,0
sample_013,medium,1,341.0,824.0,493.7,823.7,0.8688498139381409,0.9344249665737152,0.6673914045095444,0.9116833508014679,0.8719216078519821,0.2552028604855361,152.70029469519696,0
sample_013,medium,2,384.0,824.0,493.7,823.7,0.8665975332260132,0.9332989156246185,0.6601568460464478,0.9098172783851624,0.869277846813202,0.2433433787880821,109.70041020889575,0
sample_013,medium,3,718.0,236.0,493.7,823.7,0.8663485646247864,0.9331740140914917,0.6639081984758377,0.9053155481815338,0.8681774646043778,0.24209502266672067,629.0483129299371,0
sample_013,medium,4,653.0,236.0,493.7,823.7,0.8620797991752625,0.9310398101806641,0.6539699137210846,0.9039190709590912,0.864777535200119,0.21576028364831187,608.9070372396759,0
sample_013,medium,5,449.0,824.0,493.7,823.7,0.8606938719749451,0.9303468465805054,0.6553717106580734,0.9040108919143677,0.864817437529564,0.2319234787596978,44.70100670007331,0
sample_013,medium,6,492.0,824.0,493.7,823.7,0.8556652665138245,0.9278329014778137,0.6530266255140305,0.9007952511310577,0.8620565861463547,0.22917242417009948,1.7262676501631877,1
sample_013,medium,7,783.0,236.0,493.7,823.7,0.8460646867752075,0.923032283782959,0.6498762667179108,0.8894760608673096,0.8549785912036897,0.27366494112326484,655.0463953034167,0
sample_013,medium,8,493.0,651.0,493.7,823.7,0.7457956671714783,0.8728980123996735,0.7051173746585846,0.7423771768808365,0.787133550643921,0.10688779163215974,172.7014186392226,0
sample_013,medium,9,352.0,658.0,493.7,823.7,0.7386079430580139,0.8693045973777771,0.6821946650743484,0.7235931009054184,0.773598012328148,0.15308167754502822,218.02609935510017,0
sample_013,medium,10,718.0,121.0,493.7,823.7,0.7355301976203918,0.8677647113800049,0.698726624250412,0.7277196645736694,0.7779390752315521,0.3091641958571529,737.629839418119,0
sample_013,medium,11,406.0,651.0,493.7,823.7,0.7341750860214233,0.8670871555805206,0.6952087432146072,0.7309724688529968,0.7782655984163285,0.12577161842005533,193.69197195547372,0
sample_013,medium,12,352.0,687.0,493.7,823.7,0.7340797185897827,0.8670401871204376,0.6606478989124298,0.7284333109855652,0.7703189790248871,0.16863125451706748,196.89027401067838,0
sample_013,medium,13,718.0,63.0,493.7,823.7,0.7333293557167053,0.8666642308235168,0.690303847193718,0.7366260588169098,0.7793768852949143,0.3453208652832898,793.0794285568124,0
sample_013,medium,14,471.0,680.0,493.7,823.7,0.7293763756752014,0.8646884560585022,0.6611486375331879,0.7197717726230621,0.7660138189792634,0.12892051814974992,145.4818889071764,0
sample_013,medium,15,718.0,150.0,493.7,823.7,0.7293274998664856,0.8646638095378876,0.6752897202968597,0.7415853589773178,0.7775576114654541,0.29156817384618644,710.0578708809586,0
sample_013,medium,16,352.0,730.0,493.7,823.7,0.7290089726448059,0.8645044267177582,0.6692044585943222,0.7329400330781937,0.7728186756372453,0.1933959668659096,169.87813278936167,0
sample_013,medium,17,664.0,56.0,493.7,823.7,0.7286463975906372,0.8643234670162201,0.702378511428833,0.7343393564224243,0.7799408316612244,0.3346879143321431,786.3621176023169,0
sample_013,medium,18,653.0,121.0,493.7,823.7,0.727892279624939,0.8639458119869232,0.6945977210998535,0.7233378291130066,0.7738330006599426,0.2890069203323685,720.5302075555195,0
sample_013,medium,19,384.0,766.0,493.7,823.7,0.7272495031356812,0.8636251389980316,0.7032855153083801,0.7317521125078201,0.7788080036640168,0.2051974658712919,123.94910245742001,0
sample_013,medium,20,664.0,157.0,493.7,823.7,0.7270978093147278,0.8635483980178833,0.6811947524547577,0.7369002848863602,0.776418423652649,0.2688354515312294,688.1068085697162,0
sample_013,medium,21,341.0,766.0,493.7,823.7,0.7265456318855286,0.8632728755474091,0.7143868952989578,0.7291158586740494,0.779832872748375,0.21913123921522462,163.23780199451352,0
sample_013,medium,22,718.0,92.0,493.7,823.7,0.7251449823379517,0.8625727295875549,0.6885388940572739,0.7207359969615936,0.7710312694311142,0.327099373279742,765.3073761567962,0
sample_013,medium,23,395.0,730.0,493.7,823.7,0.7250011563301086,0.8625006377696991,0.6633780151605606,0.7300844341516495,0.7697096318006516,0.17878059178781125,136.0932768361465,0
sample_013,medium,24,406.0,694.0,493.7,823.7,0.7237575054168701,0.8618789613246918,0.6312593519687653,0.7224524170160294,0.7599844217300415,0.15243359209832982,156.56749343334334,0
sample_013,medium,25,664.0,200.0,493.7,823.7,0.7237348556518555,0.8618674576282501,0.6742909401655197,0.7283871620893478,0.7709600359201432,0.2417602117801852,646.5321183050384,0
sample_013,medium,26,471.0,766.0,493.7,823.7,0.7234036922454834,0.8617022633552551,0.700124979019165,0.7257469445466995,0.7750046789646148,0.18920491536955378,62.004677242930676,0
sample_013,medium,27,664.0,85.0,493.7,823.7,0.7231931090354919,0.8615963757038116,0.6912129521369934,0.7221205681562424,0.7717293679714203,0.3155320902855999,758.0763681846308,0
sample_013,medium,28,794.0,56.0,493.7,823.7,0.7201626896858215,0.8600813448429108,0.6883608847856522,0.7260918468236923,0.7721414536237717,0.37654481804959156,824.3442120861891,0
sample_013,medium,29,794.0,157.0,493.7,823.7,0.7196390628814697,0.859819084405899,0.6698105484247208,0.7319777756929398,0.7706808537244797,0.3194409178549298,731.2106262904008,0
sample_013,medium,30,460.0,730.0,493.7,823.7,0.7172055244445801,0.8586028218269348,0.6565171033143997,0.7170455157756805,0.7615627557039261,0.16507574019219176,99.57600112476905,0
sample_014,medium,1,548.0,151.0,548.6,151.1,0.9229657649993896,0.961482971906662,0.6780882328748703,0.943809986114502,0.8977348297834398,0.24910339218886604,0.6082762530298435,1
sample_014,medium,2,549.0,79.0,548.6,151.1,0.8801935315132141,0.9400966167449951,0.6209106519818306,0.8891346156597137,0.8558746233582497,0.2997015181810062,72.10110956150396,0
sample_014,medium,3,548.0,115.0,548.6,151.1,0.8632827401161194,0.9316413402557373,0.5928345397114754,0.8835240602493286,0.8446330681443215,0.274343762458708,36.104985805287335,0
sample_014,medium,4,548.0,187.0,548.6,151.1,0.8547062873840332,0.9273530542850494,0.60195092856884,0.8754318952560425,0.8415041655302048,0.2239118129978854,35.90501357749361,0
sample_014,medium,5,548.0,223.0,548.6,151.1,0.824206531047821,0.9121030271053314,0.6027862131595612,0.8566724956035614,0.8280674517154695,0.1987875750644391,71.90250343346885,0
sample_014,medium,6,845.0,677.0,548.6,151.1,0.7719321846961975,0.8859662711620331,0.605471171438694,0.8193539977073669,0.8032223418354989,0.2741842446239389,603.6752189712611,0
sample_014,medium,7,845.0,773.0,548.6,151.1,0.7598477602005005,0.8799234628677368,0.5886388495564461,0.8164729475975037,0.7962863340973854,0.31109001912629725,688.9213090041561,0
sample_014,medium,8,245.0,349.0,548.6,151.1,0.7561188340187073,0.8780593872070312,0.5855739191174507,0.7674821317195892,0.7753313913941384,0.20955428890862626,362.4049806501009,0
sample_014,medium,9,845.0,725.0,548.6,151.1,0.7372483015060425,0.8686240017414093,0.5959556177258492,0.811566025018692,0.7912671342492104,0.29124731758421396,645.9211794019452,0
sample_014,medium,10,245.0,421.0,548.6,151.1,0.7346384525299072,0.8673186004161835,0.563899464905262,0.7450319677591324,0.7577201202511787,0.18876705220985998,406.2252700165267,0
sample_014,medium,11,245.0,493.0,548.6,151.1,0.7303211092948914,0.8651603758335114,0.566530816257,0.7414965629577637,0.75596893876791,0.1803801541190161,457.2401666520561,0
sample_014,medium,12,827.0,641.0,548.6,151.1,0.7260956168174744,0.8630477488040924,0.596767470240593,0.7655939757823944,0.7708101838827133,0.2518034948129195,563.4789880732022,0
sample_014,medium,13,254.0,767.0,548.6,151.1,0.7249926328659058,0.8624964356422424,0.5917373597621918,0.8630140721797943,0.8085516750812531,0.2567148223223583,682.7312575237786,0
sample_014,medium,14,254.0,695.0,548.6,151.1,0.7218554019927979,0.8609281778335571,0.5795630216598511,0.8620374500751495,0.8050988554954529,0.22196959251212767,618.5599162571076,0
sample_014,medium,15,236.0,731.0,548.6,151.1,0.7174829244613647,0.8587415516376495,0.5918691977858543,0.7339935004711151,0.7554678604006767,0.24804939024315295,658.7888660261343,0
sample_014,medium,16,254.0,647.0,548.6,151.1,0.7118013501167297,0.8559004068374634,0.577410489320755,0.8466503918170929,0.7965024173259736,0.20263884129159443,576.806700723908,0
sample_014,medium,17,262.0,457.0,548.6,151.1,0.7010241746902466,0.8505121469497681,0.5657081007957458,0.7945975363254547,0.7711854934692384,0.17101608111519803,419.1829791391821,0
sample_014,medium,18,262.0,385.0,548.6,151.1,0.694694459438324,0.8473471701145172,0.5562099926173687,0.7865233421325684,0.7647902034223081,0.18690773124726542,369.9307637923616,0
sample_014,medium,19,512.0,151.0,548.6,151.1,0.6451329588890076,0.8225660920143127,0.6172506138682365,0.7050435841083527,0.7344939932227135,0.2469261023059328,36.60013661176693,0
sample_014,medium,20,218.0,791.0,548.6,151.1,0.6384397149085999,0.8192201852798462,0.6056100577116013,0.7030041515827179,0.7300117462873459,0.2865353381347578,720.2557670716702,0
sample_014,medium,21,512.0,103.0,548.6,151.1,0.633504331111908,0.8167519569396973,0.5685179159045219,0.6879741251468658,0.7155940160155296,0.28084960388079594,60.44145928086119,0
sample_014,medium,22,226.0,457.0,548.6,151.1,0.6303133368492126,0.8151566386222839,0.5523506365716457,0.6437240540981293,0.6940224044024945,0.19611858657455186,444.5734697437534,0
sample_014,medium,23,227.0,385.0,548.6,151.1,0.6294422745704651,0.8147208988666534,0.5899836421012878,0.6369959712028503,0.6986834764480592,0.20946837470128993,397.66288486606345,0
sample_014,medium,24,512.0,199.0,548.6,151.1,0.6285573244094849,0.8142782747745514,0.5791159421205521,0.6805376410484314,0.7137495547533035,0.21300821580399196,60.28241866415118,0
sample_014,medium,25,809.0,725.0,548.6,151.1,0.6269835233688354,0.8134914338588715,0.5684450268745422,0.6702905595302582,0.7072018027305603,0.2702831848265815,630.2137494533105,0
sample_014,medium,26,218.0,695.0,548.6,151.1,0.6266381144523621,0.8133195042610168,0.604350782930851,0.6950244307518005,0.7242077305912972,0.2424345272439551,636.4931814245931,0
sample_014,medium,27,513.0,55.0,548.6,151.1,0.6260327100753784,0.8130162358283997,0.6166256964206696,0.6728852093219757,0.7176857173442841,0.31479675983084704,102.48204720827937,0
sample_014,medium,28,809.0,773.0,548.6,151.1,0.624240517616272,0.8121203780174255,0.58620585501194,0.6734841614961624,0.7114829868078232,0.29155616954542396,674.2164118441497,0
sample_014,medium,29,809.0,677.0,548.6,151.1,0.6228892803192139,0.8114447891712189,0.5717034786939621,0.6707489937543869,0.7072182089090348,0.2518034948129195,586.8381122592499,0
sample_014,medium,30,218.0,647.0,548.6,151.1,0.616351842880249,0.8081758916378021,0.5941396430134773,0.6848765313625336,0.7160488978028299,0.22486996242273,595.9976258341974,0
sample_015,medium,1,129.0,546.0,130.1,545.9,0.9265023469924927,0.9632514417171478,0.6678607612848282,0.9365878403186798,0.8935078650712966,0.26434541796672023,1.1045361017187225,1
sample_015,medium,2,81.0,546.0,130.1,545.9,0.90665203332901,0.9533260762691498,0.6594927310943604,0.9093430042266846,0.8769661784172058,0.2980578802850211,49.100101832888285,0
sample_015,medium,3,177.0,546.0,130.1,545.9,0.8918548822402954,0.945927619934082,0.6372112482786179,0.8950864672660828,0.8638478845357895,0.23070002167316758,46.900106609686944,0
sample_015,medium,4,225.0,546.0,130.1,545.9,0.7978523969650269,0.8989264070987701,0.6109301820397377,0.8555040955543518,0.8239582374691964,0.1971560295806344,94.90005268702437,0
sample_015,medium,5,778.0,246.0,130.1,545.9,0.7536311745643616,0.8768157958984375,0.5334251709282398,0.7270134836435318,0.7482167460024357,0.26627053911388693,713.9428688627683,0
sample_015,medium,6,682.0,246.0,130.1,545.9,0.7463328838348389,0.8731662929058075,0.532595582306385,0.7105761617422104,0.7400160983204842,0.2209524835796149,628.119112907735,0
sample_015,medium,7,730.0,246.0,130.1,545.9,0.7459815144538879,0.8729909956455231,0.5203658435493708,0.7108680605888367,0.737616791203618,0.2422973379961076,670.686230662297,0
sample_015,medium,8,466.0,827.0,130.1,545.9,0.7453817129135132,0.8726912140846252,0.5839585959911346,0.7515599727630615,0.7664921939373017,0.23247042822690372,438.00230593000305,0
sample_015,medium,9,394.0,843.0,130.1,545.9,0.74188631772995,0.870943546295166,0.569377712905407,0.7943657636642456,0.7799992665648461,0.2538552737289497,397.3809507261263,0
sample_015,medium,10,389.0,243.0,130.1,545.9,0.7396699786186218,0.8698353469371796,0.5314934961497784,0.7223055213689804,0.7431550465524197,0.1979520143873257,398.46909541393546,0
sample_015,medium,11,485.0,243.0,130.1,545.9,0.7388186454772949,0.869409441947937,0.5256865080446005,0.7241029739379883,0.7425422679632903,0.1820357107822528,466.5859192045983,0
sample_015,medium,12,437.0,243.0,130.1,545.9,0.7352271676063538,0.8676140010356903,0.5409660004079342,0.7229014188051224,0.744399368017912,0.18710692130437076,431.202991640828,0
sample_015,medium,13,442.0,843.0,130.1,545.9,0.7336879968643188,0.8668438494205475,0.5613186061382294,0.7895975410938263,0.7748402774333955,0.24598069029905578,430.7551740838408,0
sample_015,medium,14,490.0,843.0,130.1,545.9,0.7292255759239197,0.8646129071712494,0.5541106276214123,0.7759318053722382,0.7670400105416775,0.24264068084309356,466.68664004875905,0
sample_015,medium,15,370.0,827.0,130.1,545.9,0.7255706787109375,0.8627857267856598,0.5630692839622498,0.7243009805679321,0.7474485397338868,0.2488262445965055,369.5527296611405,0
sample_015,medium,16,418.0,827.0,130.1,545.9,0.7239850759506226,0.8619928658008575,0.5662004202604294,0.7241183966398239,0.7476845890283585,0.23838309503821783,402.3724891192239,0
sample_015,medium,17,634.0,246.0,130.1,545.9,0.713722825050354,0.8568614721298218,0.5386939458549023,0.7082483619451523,0.7337827228009701,0.20306649157357298,586.3916950298665,0
sample_015,medium,18,346.0,843.0,130.1,545.9,0.7088039517402649,0.854402095079422,0.5482895597815514,0.7669108211994171,0.7581830784678459,0.2658618062076612,367.26178674073896,0
sample_015,medium,19,57.0,530.0,130.1,545.9,0.7039420008659363,0.851970911026001,0.5459044463932514,0.6735879927873611,0.7194044508039952,0.31396576246463564,74.80922403019562,0
sample_015,medium,20,201.0,530.0,130.1,545.9,0.7037792205810547,0.8518894016742706,0.5530320927500725,0.6737713515758514,0.7208707198500633,0.2124864701575138,72.66099366234954,0
sample_015,medium,21,341.0,243.0,130.1,545.9,0.6938406229019165,0.8469206094741821,0.5165175311267376,0.6958107650279999,0.7203960560262204,0.21369370603740298,369.08971809033096,0
sample_015,medium,22,105.0,530.0,130.1,545.9,0.6916821599006653,0.8458408117294312,0.5379278548061848,0.6627433896064758,0.7110192514955997,0.280111584908586,29.712287020692283,0
sample_015,medium,23,153.0,530.0,130.1,545.9,0.686863899230957,0.8434315025806427,0.5323489457368851,0.6575743556022644,0.7068721324205398,0.24628134318295408,27.878665678256546,0
sample_015,medium,24,706.0,230.0,130.1,545.9,0.6789411902427673,0.8394702970981598,0.5532648675143719,0.6791031807661057,0.7180823646485806,0.24014162487998617,656.8512921506663,0
sample_015,medium,25,365.0,227.0,130.1,545.9,0.6764839291572571,0.8382425606250763,0.5719980970025063,0.6839552223682404,0.7232787325978279,0.21535319825811736,396.0747656693115,0
sample_015,medium,26,413.0,227.0,130.1,545.9,0.6732994914054871,0.8366503715515137,0.558375783264637,0.6858500093221664,0.7206753090023995,0.20260552805883653,426.29757212538755,0
sample_015,medium,27,754.0,230.0,130.1,545.9,0.6701759696006775,0.8350880742073059,0.548831433057785,0.6636253297328949,0.7092516481876374,0.26212210894924526,699.3168237644508,0
sample_015,medium,28,461.0,227.0,130.1,545.9,0.6699947118759155,0.8349976241588593,0.5625552758574486,0.6779731959104538,0.717699383199215,0.195,459.55632951793837,0
sample_015,medium,29,658.0,230.0,130.1,545.9,0.6644436717033386,0.8322215676307678,0.54385806620121,0.6602528244256973,0.705761370062828,0.2212057865427575,615.2001462938707,0
sample_015,medium,30,394.0,811.0,130.1,545.9,0.662946343421936,0.8314735293388367,0.5569526292383671,0.6823048740625381,0.7169018872082233,0.2323327355324686,374.060449660212,0
sample_016,medium,1,129.0,546.0,130.1,545.9,0.9270546436309814,0.9635274112224579,0.6700547486543655,0.9373000264167786,0.8943419247865677,0.26434541796672023,1.1045361017187225,1
sample_016,medium,2,81.0,546.0,130.1,545.9,0.9057685136795044,0.9528841972351074,0.6558525711297989,0.9079171419143677,0.8754910498857499,0.2980578802850211,49.100101832888285,0
sample_016,medium,3,177.0,546.0,130.1,545.9,0.8918238878250122,0.9459119737148285,0.6412030011415482,0.895425409078598,0.8647755533456802,0.23070002167316758,46.900106609686944,0
sample_016,medium,4,225.0,546.0,130.1,545.9,0.7989778518676758,0.8994886875152588,0.6125518307089806,0.854500025510788,0.8241058513522148,0.1971560295806344,94.90005268702437,0
sample_016,medium,5,778.0,246.0,130.1,545.9,0.752650797367096,0.8763253688812256,0.5358996093273163,0.726612389087677,0.7483550250530243,0.26627053911388693,713.9428688627683,0
sample_016,medium,6,730.0,246.0,130.1,545.9,0.7469978332519531,0.8734992742538452,0.51851025223732,0.7103650271892548,0.7372477710247041,0.2422973379961076,670.686230662297,0
sample_016,medium,7,682.0,246.0,130.1,545.9,0.7464444637298584,0.8732220232486725,0.5262135155498981,0.7098336666822433,0.7384649790823461,0.2209524835796149,628.119112907735,0
sample_016,medium,8,466.0,827.0,130.1,545.9,0.7440017461776733,0.87200066447258,0.589945413172245,0.7488195598125458,0.7663171723484994,0.23247042822690372,438.00230593000305,0
sample_016,medium,9,394.0,843.0,130.1,545.9,0.7437270283699036,0.8718633055686951,0.5746757984161377,0.7916142642498016,0.7803261876106262,0.2538552737289497,397.3809507261263,0
sample_016,medium,10,485.0,243.0,130.1,545.9,0.7406049370765686,0.8703020513057709,0.5293548535555601,0.7255202978849411,0.7441999103873969,0.1820357107822528,466.5859192045983,0
sample_016,medium,11,389.0,243.0,130.1,545.9,0.7400698065757751,0.8700353801250458,0.5389976799488068,0.7235338687896729,0.7452272355556488,0.1979520143873257,398.46909541393546,0
sample_016,medium,12,437.0,243.0,130.1,545.9,0.7372759580612183,0.8686381876468658,0.5432610511779785,0.7261198610067368,0.7465554296970368,0.18710692130437076,431.202991640828,0
sample_016,medium,13,442.0,843.0,130.1,545.9,0.7339321374893188,0.8669657409191132,0.5595485083758831,0.7883190512657166,0.7740236185491085,0.24598069029905578,430.7551740838408,0
sample_016,medium,14,490.0,843.0,130.1,545.9,0.7309656739234924,0.8654825091362,0.5549743920564651,0.7787382304668427,0.7686831742525102,0.24264068084309356,466.68664004875905,0
sample_016,medium,15,370.0,827.0,130.1,545.9,0.725692093372345,0.8628459870815277,0.5730131790041924,0.727609857916832,0.7507849738001824,0.2488262445965055,369.5527296611405,0
sample_016,medium,16,418.0,827.0,130.1,545.9,0.7224574089050293,0.8612289130687714,0.581179641187191,0.7247540801763535,0.7506291255354882,0.23838309503821783,402.3724891192239,0
sample_016,medium,17,634.0,246.0,130.1,545.9,0.7151090502738953,0.8575546145439148,0.5366604886949062,0.7119234055280685,0.7351233057677746,0.20306649157357298,586.3916950298665,0
sample_016,medium,18,346.0,843.0,130.1,545.9,0.7110583782196045,0.8555290400981903,0.5551566779613495,0.7655201852321625,0.759451025724411,0.2658618062076612,367.26178674073896,0
sample_016,medium,19,201.0,530.0,130.1,545.9,0.7053322792053223,0.8526661098003387,0.5521325394511223,0.6736445873975754,0.7209507867693901,0.2124864701575138,72.66099366234954,0
sample_016,medium,20,57.0,530.0,130.1,545.9,0.7031468749046326,0.8515737354755402,0.5426219962537289,0.6732851713895798,0.7184679619967937,0.31396576246463564,74.80922403019562,0
sample_016,medium,21,341.0,243.0,130.1,545.9,0.6939718723297119,0.846985936164856,0.5180746503174305,0.6979811489582062,0.721601764112711,0.21369370603740298,369.08971809033096,0
sample_016,medium,22,105.0,530.0,130.1,545.9,0.6902210712432861,0.8451105058193207,0.5417491123080254,0.6603344082832336,0.7105277881026268,0.280111584908586,29.712287020692283,0
sample_016,medium,23,153.0,530.0,130.1,545.9,0.68660968542099,0.8433049917221069,0.531621303409338,0.6573996990919113,0.706606137007475,0.24628134318295408,27.878665678256546,0
sample_016,medium,24,706.0,230.0,130.1,545.9,0.6785799860954285,0.8392902612686157,0.5486381985247135,0.6779902130365372,0.7166398294270039,0.24014162487998617,656.8512921506663,0
sample_016,medium,25,365.0,227.0,130.1,545.9,0.6770090460777283,0.8385047614574432,0.5686325132846832,0.6831309348344803,0.7223807811737062,0.21535319825811736,396.0747656693115,0
sample_016,medium,26,413.0,227.0,130.1,545.9,0.6737182140350342,0.8368589282035828,0.5557831451296806,0.683845654129982,0.7194384619593621,0.20260552805883653,426.29757212538755,0
sample_016,medium,27,461.0,227.0,130.1,545.9,0.6701762676239014,0.8350885510444641,0.5595281943678856,0.6758622378110886,0.7162859544157982,0.195,459.55632951793837,0
sample_016,medium,28,754.0,230.0,130.1,545.9,0.6697433590888977,0.8348717391490936,0.5491685755550861,0.664129227399826,0.7094341017305852,0.26212210894924526,699.3168237644508,0
sample_016,medium,29,658.0,230.0,130.1,545.9,0.6628180742263794,0.8314089477062225,0.5411907359957695,0.6584007889032364,0.7041620418429375,0.2212057865427575,615.2001462938707,0
sample_016,medium,30,394.0,811.0,130.1,545.9,0.6623276472091675,0.8311640024185181,0.5584184564650059,0.6798346042633057,0.7160831339657308,0.2323327355324686,374.060449660212,0
sample_017,medium,1,543.0,572.0,543.6,571.6,0.8183397054672241,0.909169614315033,0.6094803661108017,0.904359757900238,0.8473078221082688,0.0593000843169721,0.7211102550928041,1
sample_017,medium,2,514.0,572.0,543.6,571.6,0.5748881697654724,0.7874441146850586,0.5725894942879677,0.7068766802549362,0.7122462168335915,0.05186520991955976,29.602702579325445,0
sample_017,medium,3,427.0,572.0,543.6,571.6,0.550171434879303,0.7750858664512634,0.5696604251861572,0.7519101500511169,0.7247304916381836,0.07250172411743047,116.60068610432789,0
sample_017,medium,4,369.0,572.0,543.6,571.6,0.5439015030860901,0.7719507217407227,0.5785332918167114,0.7494496554136276,0.7242668092250825,0.1057000473036791,174.60045818954774,0
sample_017,medium,5,398.0,572.0,543.6,571.6,0.5309125185012817,0.7654563784599304,0.5702951923012733,0.7360902726650238,0.7146776989102364,0.08828363381737296,145.60054944951276,0
sample_017,medium,6,485.0,572.0,543.6,571.6,0.5307633280754089,0.7653815150260925,0.5662840902805328,0.7515870928764343,0.7200442612171174,0.05200480747007914,58.60136517181151,0
sample_017,medium,7,341.0,572.0,543.6,571.6,0.525664210319519,0.7628320157527924,0.5801419168710709,0.7402544170618057,0.7172629565000535,0.12342001458434528,202.6003948663477,0
sample_017,medium,8,456.0,572.0,543.6,571.6,0.5242196321487427,0.7621105313301086,0.5702928155660629,0.7380123138427734,0.7141077011823654,0.059665735560705195,87.60091323724886,0
sample_017,medium,9,836.0,863.0,543.6,571.6,0.4695490598678589,0.7347743362188339,0.5186239816248417,0.799719899892807,0.7175224907696247,0.349760632433097,412.80954446330327,0
sample_017,medium,10,543.0,649.0,543.6,571.6,0.39658042788505554,0.6982907801866531,0.5490699447691441,0.7322540283203125,0.6820319123566152,0.10965856099730655,77.40232554645885,0
sample_017,medium,11,833.0,279.0,543.6,571.6,0.39414623379707336,0.6970739662647247,0.5552320331335068,0.8419944941997528,0.7266737908124924,0.282603963171078,411.54236719929577,0
sample_017,medium,12,543.0,687.0,543.6,571.6,0.39159226417541504,0.6957959979772568,0.562914676964283,0.7403170317411423,0.6870281472802162,0.13567977004697493,115.40155978148647,0
sample_017,medium,13,542.0,739.0,543.6,571.6,0.3910652995109558,0.6955328583717346,0.5461740009486675,0.7301650494337082,0.6795139633119107,0.17158816975537677,167.40764618140952,0
sample_017,medium,14,543.0,610.0,543.6,571.6,0.38905104994773865,0.6945250630378723,0.5652320459485054,0.6337157636880875,0.644342739880085,0.0835134719671024,38.404687213932604,0
sample_017,medium,15,543.0,777.0,543.6,571.6,0.3779951333999634,0.6889981776475906,0.55139085277915,0.7272130697965622,0.6767626695334912,0.1982145302443794,205.40087633698155,0
sample_017,medium,16,255.0,86.0,543.6,571.6,0.37644848227500916,0.6882239878177643,0.5465559884905815,0.7181049585342407,0.6718427762389183,0.34016246118582805,564.8869975490674,0
sample_017,medium,17,542.0,713.0,543.6,571.6,0.37322118878364563,0.686611220240593,0.5652255117893219,0.7381639927625656,0.6829551875591278,0.15351384302400875,141.40905204406116,0
sample_017,medium,18,255.0,112.0,543.6,571.6,0.36837103962898254,0.684185579419136,0.5328623987734318,0.6958171278238297,0.6585735626518727,0.3244757309876965,542.6989220553143,0
sample_017,medium,19,254.0,201.0,543.6,571.6,0.36514320969581604,0.6825713068246841,0.5562394298613071,0.7121549248695374,0.6691383786499501,0.27378549998128093,470.33235057775903,0
sample_017,medium,20,736.0,863.0,543.6,571.6,0.3592858910560608,0.6796428859233856,0.5240269973874092,0.7015429139137268,0.6572797194123268,0.3061576391338292,349.1872277160206,0
sample_017,medium,21,826.0,568.0,543.6,571.6,0.3574410676956177,0.6787207871675491,0.5607715249061584,0.7622912228107452,0.6885591089725496,0.23547823678633234,282.422945243477,0
sample_017,medium,22,650.0,863.0,543.6,571.6,0.35482051968574524,0.6774102449417114,0.5169975757598877,0.6982009410858154,0.6536439895629883,0.2777309849476648,310.2175365771574,0
sample_017,medium,23,693.0,863.0,543.6,571.6,0.3544771373271942,0.6772378236055374,0.5249237027019262,0.6939045488834381,0.6534416895359756,0.29070431713340616,327.4665173723872,0
sample_017,medium,24,815.0,849.0,543.6,571.6,0.3463451564311981,0.6731729805469513,0.5413354448974133,0.6205643936991692,0.6257620386779309,0.3324349560440358,388.0833930999882,0
sample_017,medium,25,255.0,150.0,543.6,571.6,0.33629941940307617,0.6681497991085052,0.546268604695797,0.69670270383358,0.6551947221159935,0.3020968387785612,510.91733186495054,0
sample_017,medium,26,779.0,863.0,543.6,571.6,0.33343151211738586,0.6667155474424362,0.5187462735921144,0.6968782991170883,0.6491867933422327,0.323736003558455,374.6026161147303,0
sample_017,medium,27,543.0,407.0,543.6,571.6,0.3023988902568817,0.6511998176574707,0.5748433992266655,0.7237665504217148,0.6649552270770074,0.07244998274671982,164.60109355651318,0
sample_017,medium,28,54.0,208.0,543.6,571.6,0.2992610037326813,0.6496304869651794,0.5382694192230701,0.5527158342301846,0.5885924123227597,0.3769482723133241,609.8468004343387,0
sample_017,medium,29,140.0,73.0,543.6,571.6,0.2985871434211731,0.6492941528558731,0.5505283772945404,0.5717466026544571,0.5985219776630402,0.3949234102962244,641.4786980095287,0
sample_017,medium,30,475.0,694.0,543.6,571.6,0.29830241203308105,0.6491514593362808,0.5419717617332935,0.5486463196575642,0.5875134639441968,0.13831305072190403,140.31293596814228,0
sample_018,medium,1,290.0,423.0,290.2,422.7,0.9091086387634277,0.9545546472072601,0.627323716878891,0.9120559990406036,0.8721090018749238,0.15815972938773004,0.36055512754640207,1
sample_018,medium,2,290.0,375.0,290.2,422.7,0.8938485383987427,0.9469249248504639,0.6136269122362137,0.8882331550121307,0.8567886143922807,0.17280769658785455,47.70041928536896,0
sample_018,medium,3,289.0,471.0,290.2,422.7,0.8915033936500549,0.9457507431507111,0.6045021042227745,0.8804530799388885,0.8513819500803947,0.15060212481900778,48.3149045326595,0
sample_018,medium,4,576.0,160.0,290.2,422.7,0.6193628311157227,0.8096819221973419,0.5793090611696243,0.7392735034227371,0.7354439824819565,0.24634934544260512,388.1918726609304,0
sample_018,medium,5,576.0,64.0,290.2,422.7,0.6193050742149353,0.8096524775028229,0.5785040259361267,0.750805675983429,0.7398840665817261,0.3129472799050984,458.63638102531723,0
sample_018,medium,6,576.0,112.0,290.2,422.7,0.6141049861907959,0.807052493095398,0.5784793943166733,0.7389861196279526,0.7341113239526749,0.27957110008010483,422.1565231048787,0
sample_018,medium,7,308.0,338.0,290.2,422.7,0.6123947501182556,0.806198388338089,0.5634762421250343,0.707304835319519,0.7180965378880502,0.17763445611704953,86.55015886756071,0
sample_018,medium,8,272.0,339.0,290.2,422.7,0.6117523908615112,0.8058765828609467,0.5502449348568916,0.6980210244655609,0.7116080299019814,0.19736387714067638,85.65588129253004,0
sample_018,medium,9,307.0,507.0,290.2,422.7,0.611567497253418,0.8057838976383209,0.5629160180687904,0.6974269896745682,0.7138675585389138,0.13656134152826707,85.95772216619052,0
sample_018,medium,10,271.0,507.0,290.2,422.7,0.6065319776535034,0.8032655119895935,0.5681187808513641,0.6901603788137436,0.7109941124916077,0.16200308639035244,86.45883413509577,0
sample_018,medium,11,576.0,208.0,290.2,422.7,0.6060529947280884,0.8030271232128143,0.5583602488040924,0.7252447605133057,0.7229808032512666,0.21335416564951337,357.46010966260275,0
sample_018,medium,12,611.0,136.0,290.2,422.7,0.5645081400871277,0.7822533845901489,0.592188723385334,0.6470737755298615,0.690168608725071,0.26908827547851283,430.24357055045,0
sample_018,medium,13,576.0,723.0,290.2,422.7,0.5630249381065369,0.7815124988555908,0.5319694802165031,0.7272341549396515,0.7098925575613976,0.16659081607339582,414.5620942633323,0
sample_018,medium,14,611.0,88.0,290.2,422.7,0.5617268681526184,0.7808637917041779,0.5907204002141953,0.648604691028595,0.6899314731359483,0.3017159259966235,463.61269395908477,0
sample_018,medium,15,593.0,638.0,290.2,422.7,0.5609825253486633,0.7804912626743317,0.5704436153173447,0.74334816634655,0.7236244946718217,0.11767115194473111,371.5399440167908,0
sample_018,medium,16,611.0,184.0,290.2,422.7,0.5585150718688965,0.7792575061321259,0.5931125357747078,0.6490824073553085,0.6899584725499153,0.23683010788326722,399.86288900071736,0
sample_018,medium,17,576.0,674.0,290.2,422.7,0.5580404996871948,0.7790208458900452,0.5276445038616657,0.7206508815288544,0.7053975917398929,0.13426093996393737,380.56974393664035,0
sample_018,medium,18,576.0,771.0,290.2,422.7,0.5566321015357971,0.7783161401748657,0.5340011455118656,0.7155978381633759,0.7043658204376697,0.19901884332896722,450.5491427136445,0
sample_018,medium,19,611.0,770.0,290.2,422.7,0.5515297055244446,0.7757646441459656,0.5624539442360401,0.6579148322343826,0.6859625793993473,0.20642310917142973,472.7895197654026,0
sample_018,medium,20,611.0,723.0,290.2,422.7,0.5459353923797607,0.7729676365852356,0.5560999363660812,0.6566444784402847,0.6830648332834244,0.17613914953808538,439.42317872410877,0
sample_018,medium,21,326.0,423.0,290.2,422.7,0.5437633395195007,0.7718818783760071,0.5849632546305656,0.6946873664855957,0.7036203488707543,0.13454553132675942,35.80125696117387,0
sample_018,medium,22,326.0,375.0,290.2,422.7,0.5429233908653259,0.7714618444442749,0.5834937319159508,0.6810902953147888,0.6977196022868157,0.15149422431234796,59.64000335345396,0
sample_018,medium,23,611.0,674.0,290.2,422.7,0.5407081842422485,0.7703543603420258,0.5464775301516056,0.6430911868810654,0.6746737249195576,0.14594005618746347,407.50991398983166,0
sample_018,medium,24,326.0,471.0,290.2,422.7,0.5321087837219238,0.7660541534423828,0.5656609386205673,0.6748384088277817,0.6894892126321793,0.12473371637211808,60.12096140282524,0
sample_018,medium,25,774.0,735.0,290.2,422.7,0.4919717013835907,0.7459861487150192,0.5608785264194012,0.6760216653347015,0.6809788309037685,0.2552459598113161,575.841757777256,0
sample_018,medium,26,738.0,783.0,290.2,422.7,0.48992404341697693,0.7449618279933929,0.5654956549406052,0.6684097647666931,0.6784477680921555,0.26146988354301914,574.7529295271142,0
sample_018,medium,27,738.0,735.0,290.2,422.7,0.48889148235321045,0.7444457411766052,0.5578146167099476,0.6688586622476578,0.6768846847116947,0.23650475682319794,545.94517123975,0
sample_018,medium,28,774.0,687.0,290.2,422.7,0.4862631559371948,0.7431316077709198,0.5668859556317329,0.6681536138057709,0.6778912797570229,0.2345687532473155,551.2866132965682,0
sample_018,medium,29,398.0,423.0,290.2,422.7,0.48552218079566956,0.7427607923746109,0.5835312828421593,0.6896327584981918,0.689663676917553,0.0903686892679096,107.80041743889493,0
sample_018,medium,30,62.0,396.0,290.2,422.7,0.4853697717189789,0.7426848709583282,0.5933177769184113,0.6858138293027878,0.6900630354881288,0.3183237345847777,229.75667563751003,0
sample_019,medium,1,714.0,839.0,715.6,838.9,0.8987598419189453,0.9493803381919861,0.7241646945476532,0.9303954541683197,0.896743255853653,0.2834757485218092,1.6031219541881638,1
sample_019,medium,2,657.0,839.0,715.6,838.9,0.8701519966125488,0.9350758790969849,0.687554657459259,0.9129032790660858,0.8767025947570801,0.2641685068285014,58.60008532416999,0
sample_019,medium,3,772.0,839.0,715.6,838.9,0.8674085736274719,0.9337042272090912,0.6820016354322433,0.9069696068763733,0.8726698607206345,0.30733125451213056,56.40008865241257,0
sample_019,medium,4,743.0,839.0,715.6,838.9,0.8606042265892029,0.930302232503891,0.6870018094778061,0.8910234868526459,0.865930649638176,0.29493219559756445,27.40018248114415,0
sample_019,medium,5,686.0,839.0,715.6,838.9,0.8397639989852905,0.91988205909729,0.6741730272769928,0.8786243498325348,0.8542371690273285,0.2734200065832784,29.600168918436957,0
sample_019,medium,6,921.0,549.0,715.6,838.9,0.8343196511268616,0.9171603918075562,0.6206605136394501,0.8756778240203857,0.8412673890590668,0.2997015181810062,355.29026161717405,0
sample_019,medium,7,628.0,839.0,715.6,838.9,0.8220431208610535,0.9110220372676849,0.6646106839179993,0.8618808090686798,0.8420832753181458,0.2562274380311367,87.600057077607,0
sample_019,medium,8,950.0,549.0,715.6,838.9,0.820370614528656,0.9101853966712952,0.6137959957122803,0.8549677431583405,0.8288204550743103,0.32007889652396637,372.807416771716,0
sample_019,medium,9,800.0,839.0,715.6,838.9,0.8203677535057068,0.9101842045783997,0.6780386716127396,0.866264820098877,0.8461873441934586,0.3200945172913775,84.40005924168534,0
sample_019,medium,10,370.0,839.0,715.6,838.9,0.7622106671333313,0.881106048822403,0.5703132525086403,0.821409672498703,0.7950689390301705,0.2567304033417156,345.6000144675923,0
sample_019,medium,11,428.0,839.0,715.6,838.9,0.7606193423271179,0.880310595035553,0.5612046048045158,0.8200915455818176,0.7924017772078514,0.2450561160224327,287.60001738525676,0
sample_019,medium,12,399.0,839.0,715.6,838.9,0.7444286346435547,0.8722153306007385,0.5540317110717297,0.7987043559551239,0.7791742168366909,0.2501219702465179,316.6000157927981,0
sample_019,medium,13,486.0,839.0,715.6,838.9,0.7377992868423462,0.8688997030258179,0.5437003709375858,0.8086068332195282,0.7797426886856557,0.23991352608804697,229.60002177700247,0
sample_019,medium,14,457.0,839.0,715.6,838.9,0.7276920676231384,0.8638465106487274,0.5406058393418789,0.7853541672229767,0.7678014390170576,0.24162988225796905,258.6000193348794,0
sample_019,medium,15,342.0,839.0,715.6,838.9,0.7231796383857727,0.8615902662277222,0.557616587728262,0.7841526865959167,0.769820498675108,0.2644664439962091,373.60001338329744,0
sample_019,medium,16,599.0,839.0,715.6,838.9,0.6933698058128357,0.8466850519180298,0.6254488974809647,0.7961406111717224,0.7822200447320938,0.2497218452598811,116.60004288163879,0
sample_019,medium,17,514.0,839.0,715.6,838.9,0.6777879595756531,0.8388944268226624,0.5460939593613148,0.7549439668655396,0.7467541493475438,0.23991352608804697,201.60002480158582,0
sample_019,medium,18,893.0,549.0,715.6,838.9,0.6281830072402954,0.8140918910503387,0.5652681365609169,0.7444966733455658,0.7364890530705452,0.2800446392988089,339.8716963796779,0
sample_019,medium,19,313.0,839.0,715.6,838.9,0.6252643465995789,0.8126331269741058,0.5601298063993454,0.7463049590587616,0.7356011956930161,0.27376084453405675,402.60001241927455,0
sample_019,medium,20,829.0,839.0,715.6,838.9,0.6126695871353149,0.8063347935676575,0.6345733404159546,0.7958632111549377,0.7677938699722291,0.33403742305316625,113.40004409170216,0
sample_019,medium,21,571.0,839.0,715.6,838.9,0.5970381498336792,0.7985190451145172,0.5669888108968735,0.7225449979305267,0.7218233793973923,0.24491018761987016,144.6000345781425,0
sample_019,medium,22,543.0,839.0,715.6,838.9,0.591762363910675,0.7958817183971405,0.5493557937443256,0.7278891503810883,0.7193795062601567,0.24162988225796905,172.60002896871137,0
sample_019,medium,23,361.0,807.0,715.6,838.9,0.5803480744361877,0.7901746034622192,0.6428757011890411,0.6287634521722794,0.6961503624916077,0.23829603437741048,356.03197890077234,0
sample_019,medium,24,457.0,807.0,715.6,838.9,0.5762734413146973,0.7881370782852173,0.6334754824638367,0.622545562684536,0.6909681528806687,0.2192008211663451,260.5601082284086,0
sample_019,medium,25,399.0,807.0,715.6,838.9,0.575200080871582,0.7876007854938507,0.6381939947605133,0.6264216005802155,0.6932477533817292,0.2285278976405288,318.20303266939493,0
sample_019,medium,26,380.0,692.0,715.6,838.9,0.5670954585075378,0.783547967672348,0.6152133196592331,0.6450715214014053,0.6944904595613479,0.160099968769516,366.3426947545153,0
sample_019,medium,27,950.0,479.0,715.6,838.9,0.566763162612915,0.783381998538971,0.6382144689559937,0.6493348777294159,0.7007296442985536,0.3185443454214813,429.5013038396973,0
sample_019,medium,28,342.0,692.0,715.6,838.9,0.5634687542915344,0.7817347645759583,0.6118094176054001,0.6487929821014404,0.6945729821920394,0.17582377541163197,401.4431092944553,0
sample_019,medium,29,724.0,794.0,715.6,838.9,0.561585545539856,0.780792623758316,0.6309986114501953,0.6494005471467972,0.6982769906520844,0.2613541658363226,45.678988605265744,0
sample_019,medium,30,342.0,654.0,715.6,838.9,0.5612428188323975,0.7806214988231659,0.631726086139679,0.6611605584621429,0.7030580401420594,0.15601281998605115,416.8512564452697,0
sample_020,medium,1,882.0,881.0,883.0,880.6,0.855587899684906,0.927794337272644,0.605401024222374,0.9054543375968933,0.8543796747922898,0.38150032765385666,1.0770329614268923,1
sample_020,medium,2,299.0,308.0,883.0,880.6,0.6016802191734314,0.8008398115634918,0.5773463100194931,0.7708763778209686,0.7441557377576828,0.1965515199635963,817.8794287668568,0
sample_020,medium,3,882.0,909.0,883.0,880.6,0.5789883136749268,0.7894948422908783,0.5712860524654388,0.724982738494873,0.7200482428073883,0.3957303374774292,28.417600180170012,0
sample_020,medium,4,925.0,881.0,883.0,880.6,0.5722486972808838,0.7861248254776001,0.5831708610057831,0.761873185634613,0.7358333766460419,0.40360004955401085,42.00190471871484,0
sample_020,medium,5,882.0,938.0,883.0,880.6,0.5556783080101013,0.777839720249176,0.597307413816452,0.7558325529098511,0.7329303920269012,0.4109549853694441,57.40871014053527,0
sample_020,medium,6,299.0,460.0,883.0,880.6,0.5368878841400146,0.7684442698955536,0.5915333330631256,0.7519239187240601,0.7264539420604705,0.14491549261552403,719.694629686786,0
sample_020,medium,7,299.0,373.0,883.0,880.6,0.5360033512115479,0.7680018544197083,0.5789020881056786,0.7402222752571106,0.7190700694918633,0.16812197952677096,773.7659594476872,0
sample_020,medium,8,299.0,402.0,883.0,880.6,0.5290777683258057,0.7645392417907715,0.5827042609453201,0.7406932562589645,0.7186338514089584,0.1581217885049369,755.0589116088889,0
sample_020,medium,9,299.0,344.0,883.0,880.6,0.5288471579551697,0.7644243240356445,0.5802456364035606,0.746911808848381,0.7205835804343224,0.1799124787222943,793.0924031914567,0
sample_020,medium,10,299.0,431.0,883.0,880.6,0.5231718420982361,0.7615858018398285,0.5942569300532341,0.7488350421190262,0.7230197235941888,0.1502697574364183,737.0184258212274,0
sample_020,medium,11,299.0,503.0,883.0,880.6,0.5159924030303955,0.7579961717128754,0.5957479029893875,0.7526642978191376,0.7234137684106827,0.1421442928857856,695.4406948115706,0
sample_020,medium,12,320.0,286.0,883.0,880.6,0.480947345495224,0.740474134683609,0.551197674125433,0.6784065067768097,0.677791791409254,0.1977321420508057,818.8517326109776,0
sample_020,medium,13,375.0,308.0,883.0,880.6,0.449613481760025,0.7248068600893021,0.5762461051344872,0.6587549895048141,0.668673960864544,0.16200154320252633,765.4637548571454,0
sample_020,medium,14,407.0,286.0,883.0,880.6,0.44643452763557434,0.723217710852623,0.5734215974807739,0.6760702878236771,0.6743995189666748,0.1649924240685008,761.6594777195384,0
sample_020,medium,15,493.0,300.0,883.0,880.6,0.43941664695739746,0.7197085469961166,0.5439357087016106,0.7155975848436356,0.682909594476223,0.1415079503066877,699.4257358719366,0
sample_020,medium,16,461.0,308.0,883.0,880.6,0.4348873198032379,0.7174428850412369,0.5704217404127121,0.6648604273796082,0.6670056730508804,0.1385369986682258,711.3049697562924,0
sample_020,medium,17,936.0,917.0,883.0,880.6,0.4043486714363098,0.7021747678518295,0.5700181052088737,0.5713692978024483,0.6234212473034859,0.42660578992789117,64.29587856153766,0
sample_020,medium,18,364.0,373.0,883.0,880.6,0.402577668428421,0.7012885361909866,0.5701370388269424,0.5879295617341995,0.629714646935463,0.13157697366940765,725.9605774420537,0
sample_020,medium,19,364.0,431.0,883.0,880.6,0.39548560976982117,0.6977429389953613,0.5952667370438576,0.6038557663559914,0.6396928295493127,0.10783552290409687,686.6594206737427,0
sample_020,medium,20,375.0,337.0,883.0,880.6,0.39099693298339844,0.6954987049102783,0.536835391074419,0.5694610625505447,0.613350985199213,0.14524806367039803,744.0194621110392,0
sample_020,medium,21,364.0,460.0,883.0,880.6,0.39091557264328003,0.6954578757286072,0.5811453312635422,0.6069019585847855,0.6371729999780655,0.10023971268913333,668.0309573664981,0
sample_020,medium,22,493.0,431.0,883.0,880.6,0.38977792859077454,0.6948887705802917,0.5902206525206566,0.605731189250946,0.6382921144366265,0.04904079934095691,595.1807792595457,0
sample_020,medium,23,493.0,373.0,883.0,880.6,0.387934148311615,0.6939667314291,0.5701485276222229,0.5936518460512161,0.629077136516571,0.08993886812718958,640.123238134658,0
sample_020,medium,24,493.0,460.0,883.0,880.6,0.3853939175605774,0.6926970332860947,0.5877897962927818,0.6070210039615631,0.6374451741576195,0.028714108030722458,573.5890166312462,0
sample_020,medium,25,396.0,395.0,883.0,880.6,0.38490068912506104,0.6924502998590469,0.5683891028165817,0.5848206132650375,0.6245861858129502,0.10450119616540281,687.7327678684504,0
sample_020,medium,26,364.0,503.0,883.0,880.6,0.3805883824825287,0.6902940422296524,0.5949369966983795,0.61419228464365,0.640781930088997,0.09618991631143048,641.8276715754782,0
sample_020,medium,27,407.0,431.0,883.0,880.6,0.3803541660308838,0.6901771873235703,0.6026917919516563,0.6028997674584389,0.6377691403031349,0.08188406438373708,654.7642018314685,0
sample_020,medium,28,461.0,395.0,883.0,880.6,0.37684166431427,0.6884205937385559,0.5653214231133461,0.5916285142302513,0.6250839278101921,0.07920227269466451,643.3438893779904,0
sample_020,medium,29,483.0,337.0,883.0,880.6,0.3761448264122009,0.6880724728107452,0.5362013913691044,0.5608076676726341,0.6067923344671726,0.11588356225108028,674.9081122641808,0
sample_020,medium,30,936.0,946.0,883.0,880.6,0.3755446672439575,0.6877728998661041,0.558285765349865,0.5818025469779968,0.6194873318076134,0.4410283437603529,84.17933238034142,0
sample_021,medium,1,639.0,722.0,640.4,721.9,0.9468010663986206,0.973400741815567,0.692635253071785,0.937497079372406,0.9028861790895463,0.1852093410171312,1.4035668847617988,1
sample_021,medium,2,639.0,658.0,640.4,721.9,0.931816577911377,0.9659083485603333,0.6331802010536194,0.9009169042110443,0.8733661413192749,0.14880356178532822,63.91533462323417,0
sample_021,medium,3,784.0,722.0,640.4,721.9,0.9313979148864746,0.9656985700130463,0.6691328436136246,0.9051132202148438,0.8821512848138809,0.25489213404889527,143.6000348189373,0
sample_021,medium,4,736.0,722.0,640.4,721.9,0.9311816692352295,0.9655903875827789,0.659235879778862,0.9011320769786835,0.8785361617803574,0.2291069619195366,95.60005230124095,0
sample_021,medium,5,784.0,658.0,640.4,721.9,0.9257525205612183,0.9628759622573853,0.6268922090530396,0.886999636888504,0.8653286814689637,0.229804264538324,157.1756024324386,0
sample_021,medium,6,928.0,499.0,640.4,721.9,0.9243992567062378,0.9622000157833099,0.6378949284553528,0.879257321357727,0.8641619205474853,0.3026425284060388,363.8655933170928,0
sample_021,medium,7,736.0,658.0,640.4,721.9,0.9240710139274597,0.9620351791381836,0.6121807023882866,0.8802037239074707,0.859331701695919,0.2008233054204616,114.98943429724316,0
sample_021,medium,8,687.0,722.0,640.4,721.9,0.922853410243988,0.9614266157150269,0.6607512980699539,0.8968039155006409,0.8754424721002578,0.20524741167673707,46.60010729601384,0
sample_021,medium,9,462.0,931.0,640.4,721.9,0.9209405183792114,0.9604701101779938,0.6273027956485748,0.8802587985992432,0.8617521226406099,0.30594525654110083,274.8624565123436,0
sample_021,medium,10,760.0,674.0,640.4,721.9,0.9203807711601257,0.9601898193359375,0.6428126990795135,0.8717021346092224,0.8613193213939667,0.22121934815924216,128.835437671473,0
sample_021,medium,11,639.0,786.0,640.4,721.9,0.9190093874931335,0.959504246711731,0.6121213957667351,0.8783106505870819,0.8575502380728721,0.2248521736608299,64.11528678872148,0
sample_021,medium,12,760.0,642.0,640.4,721.9,0.9186466336250305,0.9593234956264496,0.6427748054265976,0.8682475090026855,0.8595833629369736,0.2094803093371785,143.83382773186565,0
sample_021,medium,13,486.0,947.0,640.4,721.9,0.9167832732200623,0.9583914577960968,0.6209253743290901,0.8716897368431091,0.8562175527215005,0.31623171883920814,272.9640452513847,0
sample_021,medium,14,928.0,403.0,640.4,721.9,0.9156721830368042,0.9578360915184021,0.6759315133094788,0.8726164996623993,0.8673673391342163,0.3103167736362312,429.4309839776352,0
sample_021,medium,15,341.0,947.0,640.4,721.9,0.9153597950935364,0.9576795995235443,0.6242012083530426,0.8689568638801575,0.8554948270320892,0.3354772719574308,374.5802584226777,0
sample_021,medium,16,639.0,690.0,640.4,721.9,0.9145464301109314,0.9572728276252747,0.6345961391925812,0.8655074536800385,0.8560313403606414,0.16646471097502918,31.93070622457321,0
sample_021,medium,17,438.0,947.0,640.4,721.9,0.9141008257865906,0.9570507109165192,0.6231306567788124,0.861852616071701,0.8521874621510506,0.31910264806171695,302.7140069438479,0
sample_021,medium,18,688.0,658.0,640.4,721.9,0.9127064943313599,0.956352561712265,0.6145180687308311,0.860146701335907,0.8495033189654351,0.17364907140552177,79.68042419565799,0
sample_021,medium,19,760.0,706.0,640.4,721.9,0.9124020338058472,0.9562006890773773,0.6153028085827827,0.8547041118144989,0.847422482073307,0.23455916098076407,120.65226893846632,0
sample_021,medium,20,663.0,674.0,640.4,721.9,0.9095262885093689,0.9547626972198486,0.6379382610321045,0.8594286441802979,0.8532641887664795,0.1685897387150238,52.96385559983336,0
sample_021,medium,21,414.0,931.0,640.4,721.9,0.9092793464660645,0.9546394944190979,0.6144291236996651,0.8606442809104919,0.8489993348717689,0.3107708158756224,308.18788100767364,0
sample_021,medium,22,390.0,947.0,640.4,721.9,0.9088738560676575,0.9544373154640198,0.6188833713531494,0.8553175628185272,0.8476786255836487,0.32550652835235117,336.70487076964,0
sample_021,medium,23,663.0,706.0,640.4,721.9,0.9084084630012512,0.9542040228843689,0.6147526279091835,0.8543524146080017,0.846373100578785,0.18574848586193102,27.632770400377886,0
sample_021,medium,24,365.0,931.0,640.4,721.9,0.9083663821220398,0.9541833400726318,0.6235520020127296,0.8624531328678131,0.8513649895787239,0.319363429340305,345.78601764675216,0
sample_021,medium,25,760.0,738.0,640.4,721.9,0.9069643020629883,0.953481525182724,0.6028860732913017,0.851081371307373,0.8424023732542992,0.24924285345822855,120.67878852557315,0
sample_021,medium,26,712.0,674.0,640.4,721.9,0.9067723155021667,0.9533856809139252,0.6336112320423126,0.8524333238601685,0.8490498483180999,0.19393297811357407,86.1450520923866,0
sample_021,medium,27,711.0,706.0,640.4,721.9,0.9066937565803528,0.9533469676971436,0.6100343838334084,0.8515958487987518,0.8439840033650399,0.20851498747092495,72.3682941625682,0
sample_021,medium,28,639.0,754.0,640.4,721.9,0.906001627445221,0.9530003368854523,0.6133334413170815,0.8577330112457275,0.8469600275158883,0.20474007912472827,32.130515090798056,0
sample_021,medium,29,712.0,642.0,640.4,721.9,0.9055373072624207,0.9527690410614014,0.6383261531591415,0.8481051325798035,0.8480149000883104,0.18042727066604983,107.28732450760434,0
sample_021,medium,30,663.0,738.0,640.4,721.9,0.9041949510574341,0.9520973861217499,0.6045904383063316,0.8462119996547699,0.8402418419718742,0.2039767143573011,27.74833328328031,0
sample_022,medium,1,577.0,882.0,578.3,882.0,0.912489652633667,0.956245481967926,0.6624612808227539,0.9345760345458984,0.8888208627700807,0.2755476365349556,1.2999999999999545,1
sample_022,medium,2,577.0,930.0,578.3,882.0,0.6329417824745178,0.8164709508419037,0.5642496943473816,0.753995805978775,0.7410366415977478,0.3088923760794364,48.01760093965545,0
sample_022,medium,3,721.0,882.0,578.3,882.0,0.530360996723175,0.7651810646057129,0.5852134376764297,0.7263127416372299,0.713640210032463,0.31206169261862304,142.70000000000005,0
sample_022,medium,4,649.0,882.0,578.3,882.0,0.5278502106666565,0.7639256417751312,0.5949561148881912,0.7271728515625,0.7154306203126908,0.28993533761858004,70.70000000000005,0
sample_022,medium,5,793.0,882.0,578.3,882.0,0.5197431445121765,0.7598718702793121,0.5910570845007896,0.7204190194606781,0.7103277727961541,0.3404210628031115,214.70000000000005,0
sample_022,medium,6,757.0,882.0,578.3,882.0,0.5091595649719238,0.7545803189277649,0.5894717052578926,0.7205981314182281,0.7079657211899758,0.3255556788016452,178.70000000000005,0
sample_022,medium,7,685.0,882.0,578.3,882.0,0.5062196254730225,0.7531104683876038,0.5862060636281967,0.7213860899209976,0.7070398360490799,0.30012414098169443,106.70000000000005,0
sample_022,medium,8,613.0,882.0,578.3,882.0,0.4729284346103668,0.7364649772644043,0.595266580581665,0.7123095691204071,0.6985631346702577,0.2816851078775731,34.700000000000045,0
sample_022,medium,9,631.0,942.0,578.3,882.0,0.39609360694885254,0.6980471760034561,0.5311733242124319,0.6128364577889442,0.6305881183594465,0.32597929382094193,79.8579363620173,0
sample_022,medium,10,776.0,942.0,578.3,882.0,0.3957536518573761,0.6978773921728134,0.5275425259023905,0.6070065721869469,0.6274620909243822,0.3684698088039236,206.60418679203966,0
sample_022,medium,11,385.0,882.0,578.3,882.0,0.39223557710647583,0.6961179226636887,0.538794107735157,0.6331695467233658,0.6394738093018533,0.28208952479665034,193.29999999999995,0
sample_022,medium,12,457.0,882.0,578.3,882.0,0.39173588156700134,0.6958679258823395,0.5388360507786274,0.6300777345895767,0.6381454743444921,0.2718207129708845,121.29999999999995,0
sample_022,medium,13,667.0,942.0,578.3,882.0,0.38731974363327026,0.6936600357294083,0.5271389279514551,0.6135787516832352,0.6283233005553485,0.334105522253075,107.0873008344127,0
sample_022,medium,14,704.0,942.0,578.3,882.0,0.3846953213214874,0.692348301410675,0.5377817861735821,0.6145664006471634,0.6303222380578518,0.34422376443238195,139.2856417582229,0
sample_022,medium,15,505.0,882.0,578.3,882.0,0.3833189308643341,0.6916596740484238,0.5323236063122749,0.6405684351921082,0.6393559649586678,0.2701379277332229,73.29999999999995,0
sample_022,medium,16,577.0,669.0,578.3,882.0,0.3805873394012451,0.6902936100959778,0.5497515648603439,0.6791466623544693,0.6577264219522476,0.1313202193114221,213.00396709920687,0
sample_022,medium,17,577.0,749.0,578.3,882.0,0.37774017453193665,0.6888699680566788,0.5458558313548565,0.6897880733013153,0.660634382814169,0.1842959576333675,133.00635323171596,0
sample_022,medium,18,740.0,942.0,578.3,882.0,0.3729249835014343,0.6864627301692963,0.5338851995766163,0.6117618381977081,0.626066867262125,0.3556430795052815,172.47286743137315,0
sample_022,medium,19,337.0,882.0,578.3,882.0,0.3632749617099762,0.6816377937793732,0.5354871526360512,0.6194147616624832,0.6275184527039528,0.29367754425560016,241.29999999999995,0
sample_022,medium,20,577.0,589.0,578.3,882.0,0.362419992685318,0.6812096238136292,0.5170341096818447,0.7606842815876007,0.680164384096861,0.08321658488546618,293.0028839448513,0
sample_022,medium,21,577.0,781.0,578.3,882.0,0.3575855791568756,0.6787923276424408,0.5321855805814266,0.6700873970985413,0.6459890060126782,0.20602184350209082,101.00836599014956,0
sample_022,medium,22,577.0,848.0,578.3,882.0,0.35687074065208435,0.678435355424881,0.5335220694541931,0.5649187192320824,0.604046043753624,0.252024800366948,34.02484386444705,0
sample_022,medium,23,577.0,701.0,578.3,882.0,0.3562059700489044,0.6781020760536194,0.5109426574781537,0.6659740805625916,0.6398189941421151,0.1522005256232711,181.00466844808173,0
sample_022,medium,24,577.0,636.0,578.3,882.0,0.3492346704006195,0.674617350101471,0.5173485148698092,0.6727850288152695,0.6424306545406581,0.11051018052650173,246.00343493536835,0
sample_022,medium,25,480.0,589.0,578.3,882.0,0.33781832456588745,0.6689090877771378,0.5209862589836121,0.6268990486860275,0.6225205063819885,0.0645019379553824,309.04997977673446,0
sample_022,medium,26,408.0,589.0,578.3,882.0,0.333913654088974,0.6669567078351974,0.5030440906994045,0.6259905248880386,0.6177877112291754,0.09051243008559652,338.89687221926374,0
sample_022,medium,27,360.0,588.0,578.3,882.0,0.3166385889053345,0.6583194434642792,0.500507928954903,0.6195707097649574,0.6112576470826753,0.11692732785794772,366.184229589424,0
sample_022,medium,28,931.0,894.0,578.3,882.0,0.3155534267425537,0.6577771157026291,0.5057117003016174,0.5630854144692421,0.589487352129072,0.4129146400892078,352.9040804524652,0
sample_022,medium,29,504.0,605.0,578.3,882.0,0.3085397779941559,0.6542697101831436,0.49921542301308364,0.5542057268321514,0.5832332594087348,0.07430006729472054,286.79171884836563,0
sample_022,medium,30,409.0,898.0,578.3,882.0,0.3033687174320221,0.6516846269369125,0.5106584681198001,0.5390376225113869,0.5784205934032798,0.28869101129061847,170.05437365736873,0
sample_023,medium,1,649.0,337.0,670.9,337.1,0.8970773816108704,0.9485388696193695,0.7502445578575134,0.8994722366333008,0.8892533540725709,0.1561569723067145,21.900228309312187,0
sample_023,medium,2,692.0,337.0,670.9,337.1,0.8970077633857727,0.9485038816928864,0.7442262321710587,0.8984316885471344,0.88761947453022,0.17809126873600514,21.100236965494034,0
sample_023,medium,3,757.0,337.0,670.9,337.1,0.8847954869270325,0.9423977434635162,0.7334413230419159,0.8808135986328125,0.8759728014469147,0.2151952601708504,86.10005807198974,0
sample_023,medium,4,764.0,921.0,670.9,337.1,0.8721559643745422,0.9360781311988831,0.7209962755441666,0.8552961647510529,0.8607489734888077,0.35138084751448817,591.2755871841827,0
sample_023,medium,5,670.0,467.0,670.9,337.1,0.8671795725822449,0.9335894882678986,0.7232481390237808,0.8441453576087952,0.8557435661554338,0.12245203142455414,129.90311774549522,0
sample_023,medium,6,721.0,921.0,670.9,337.1,0.8616518974304199,0.93082594871521,0.7075186222791672,0.8441230654716492,0.8514833301305771,0.3362157045707413,586.0454077970409,0
sample_023,medium,7,947.0,630.0,670.9,337.1,0.861264705657959,0.9306324124336243,0.6626515090465546,0.8361464440822601,0.8392418444156647,0.3291724472066275,402.5190927148674,0
sample_023,medium,8,133.0,922.0,670.9,337.1,0.8580254316329956,0.9290129244327545,0.6655025482177734,0.8371863067150116,0.839580202102661,0.3954573301887322,794.6347714516398,0
sample_023,medium,9,198.0,922.0,670.9,337.1,0.8528321981430054,0.9264167249202728,0.6632079482078552,0.8330963253974915,0.8364468097686768,0.36693868697644844,752.1585072310223,0
sample_023,medium,10,947.0,688.0,670.9,337.1,0.8526998162269592,0.9263500571250916,0.7049067914485931,0.8224270641803741,0.840492206811905,0.3428942985819391,446.4997424411351,0
sample_023,medium,11,678.0,921.0,670.9,337.1,0.8522054553031921,0.9261023998260498,0.6910914182662964,0.8318381011486053,0.8413944840431213,0.3232065902793444,583.9431650426263,0
sample_023,medium,12,746.0,474.0,670.9,337.1,0.8518929481506348,0.9259463250637054,0.6917873919010162,0.8211529850959778,0.8371972024440766,0.17491712323268982,156.14614948822785,0
sample_023,medium,13,635.0,921.0,670.9,337.1,0.8501564264297485,0.9250780940055847,0.6825916916131973,0.8260882794857025,0.8369848877191544,0.3126227758817326,585.0025811908866,0
sample_023,medium,14,638.0,474.0,670.9,337.1,0.8498004078865051,0.9248997569084167,0.6860756129026413,0.8233261406421661,0.8365054816007613,0.09929753269845126,140.7977982782401,0
sample_023,medium,15,670.0,496.0,670.9,337.1,0.8492614030838013,0.9246306419372559,0.7159766554832458,0.8151566386222839,0.8391102433204651,0.12024142381059864,158.9025487523721,0
sample_023,medium,16,638.0,373.0,670.9,337.1,0.8473430871963501,0.9236718714237213,0.6851778030395508,0.8210582435131073,0.8349276065826416,0.13261410181424899,48.695174298897385,0
sample_023,medium,17,768.0,373.0,670.9,337.1,0.8471545577049255,0.9235773384571075,0.692810669541359,0.8139303624629974,0.8335652142763139,0.20970574622551474,103.52400687763203,0
sample_023,medium,18,89.0,922.0,670.9,337.1,0.8467630743980408,0.9233817458152771,0.6693339347839355,0.8253650963306427,0.833365523815155,0.41653631294282134,825.0549193841582,0
sample_023,medium,19,724.0,460.0,670.9,337.1,0.8467205762863159,0.9233603179454803,0.7045008391141891,0.8167409896850586,0.8369406908750534,0.16089748288895012,133.88061846286786,0
sample_023,medium,20,692.0,366.0,670.9,337.1,0.8447613716125488,0.9223803281784058,0.6836226284503937,0.8119034767150879,0.8304380476474762,0.16555965692160635,35.78295683701948,0
sample_023,medium,21,924.0,930.0,670.9,337.1,0.8440885543823242,0.922044575214386,0.694867730140686,0.8163081407546997,0.8343146324157715,0.42701053851163906,644.6627180161731,0
sample_023,medium,22,936.0,753.0,670.9,337.1,0.8419344425201416,0.920967310667038,0.6460749059915543,0.8023853898048401,0.8185560613870622,0.35644424528949825,493.20464312494056,0
sample_023,medium,23,936.0,724.0,670.9,337.1,0.8383896350860596,0.9191952645778656,0.6594700068235397,0.7976869642734528,0.8186468929052353,0.3466064050187186,469.0091896754263,0
sample_023,medium,24,724.0,503.0,670.9,337.1,0.8364381790161133,0.9182191491127014,0.7010158598423004,0.8075579702854156,0.830514019727707,0.1584061236190066,174.19075750452433,0
sample_023,medium,25,768.0,503.0,670.9,337.1,0.8335587382316589,0.9167794287204742,0.7084178775548935,0.8028130829334259,0.8295205801725388,0.18951649004770008,192.22700122511407,0
sample_023,medium,26,936.0,782.0,670.9,337.1,0.8324254751205444,0.9162132143974304,0.6650571227073669,0.7890651226043701,0.8151227593421937,0.3671648131289271,517.8938308186341,0
sample_023,medium,27,638.0,503.0,670.9,337.1,0.8320908546447754,0.9160454571247101,0.701158732175827,0.8107963502407074,0.8309684693813324,0.09760379090998463,169.13077780226754,0
sample_023,medium,28,724.0,373.0,670.9,337.1,0.8308300375938416,0.9154151976108551,0.6739166229963303,0.7986346483230591,0.8204032629728318,0.182078279868852,64.0969578061237,0
sample_023,medium,29,947.0,659.0,670.9,337.1,0.827717661857605,0.9138588905334473,0.6443344354629517,0.7780391573905945,0.8056261062622071,0.3354772719574308,424.08822195387603,0
sample_023,medium,30,670.0,438.0,670.9,337.1,0.8263528943061829,0.9131763875484467,0.6452065408229828,0.7690593600273132,0.8019356071949005,0.12795311641378648,100.9040137952896,0
sample_024,medium,1,695.0,284.0,695.3,283.5,0.8814042806625366,0.9407024383544922,0.6199977695941925,0.8876877427101135,0.8553556263446809,0.20576807332528532,0.5830951894845067,1
sample_024,medium,2,766.0,284.0,695.3,283.5,0.8260020613670349,0.9130011796951294,0.5919151157140732,0.8557570278644562,0.8258863061666488,0.24229321080046795,70.70176801183975,0
sample_024,medium,3,646.0,284.0,695.3,283.5,0.8181573748588562,0.9090792238712311,0.5850837081670761,0.8388686180114746,0.8161958783864975,0.18435292240699627,49.30253543176046,0
sample_024,medium,4,816.0,284.0,695.3,283.5,0.6805697679519653,0.8402849733829498,0.5665404498577118,0.7637531459331512,0.7549233376979828,0.2706584563615185,120.70103562107498,0
sample_024,medium,5,488.0,579.0,695.3,283.5,0.6121751666069031,0.806087076663971,0.5328057371079922,0.7557003200054169,0.7312761060893536,0.05650221234606659,360.96196475529104,0
sample_024,medium,6,345.0,579.0,695.3,283.5,0.611627459526062,0.8058136999607086,0.5379440449178219,0.753282368183136,0.7312272362411023,0.12301625908797584,458.2906719539467,0
sample_024,medium,7,441.0,579.0,695.3,283.5,0.6091746091842651,0.804587185382843,0.5475465133786201,0.7601086497306824,0.7353876367211343,0.06972087205421343,389.8573328796061,0
sample_024,medium,8,393.0,579.0,695.3,283.5,0.6067648530006409,0.8033826649188995,0.5395512208342552,0.7583798766136169,0.7326152607798577,0.09404786015641184,422.73578036404723,0
sample_024,medium,9,368.0,596.0,695.3,283.5,0.6066649556159973,0.8033327162265778,0.5636609718203545,0.6368338912725449,0.6887988373637199,0.11541230437002807,452.5279438885515,0
sample_024,medium,10,718.0,299.0,695.3,283.5,0.6007316708564758,0.8003661930561066,0.5252362731844187,0.6667173653841019,0.6918806780129672,0.20967236346261756,27.48708787776548,0
sample_024,medium,11,464.0,596.0,695.3,283.5,0.5969905853271484,0.7984954118728638,0.5625370219349861,0.631187915802002,0.6843807354569436,0.07249827584156743,388.7877827298589,0
sample_024,medium,12,416.0,596.0,695.3,283.5,0.5940927267074585,0.7970463335514069,0.565872348845005,0.6386341899633408,0.6874466791749001,0.09019977827023745,419.12377646704795,0
sample_024,medium,13,434.0,295.0,695.3,283.5,0.5931195616722107,0.7965598106384277,0.5533158294856548,0.6698252111673355,0.6972171746194363,0.15228427364636177,261.55293919204956,0
sample_024,medium,14,385.0,295.0,695.3,283.5,0.5927752256393433,0.7963878214359283,0.5548529326915741,0.6698876023292542,0.6974807560443879,0.1662077013859466,310.5130271019236,0
sample_024,medium,15,481.0,295.0,695.3,283.5,0.5917325615882874,0.7958657741546631,0.5558193065226078,0.6758413165807724,0.6998466975986958,0.14557815770231466,214.60834093762523,0
sample_024,medium,16,337.0,295.0,695.3,283.5,0.5795314908027649,0.7897658944129944,0.5498442053794861,0.6662884056568146,0.6923905611038208,0.1851944923587092,358.4845045465703,0
sample_024,medium,17,671.0,299.0,695.3,283.5,0.5767927765846252,0.7883964478969574,0.5397120267152786,0.6818083375692368,0.6960243195295334,0.1866038584810078,28.822560607968157,0
sample_024,medium,18,512.0,596.0,695.3,283.5,0.5685845017433167,0.7842922806739807,0.5546114891767502,0.6143073588609695,0.6703621536493302,0.06841052550594827,362.2915124592349,0
sample_024,medium,19,457.0,311.0,695.3,283.5,0.5684757828712463,0.7842377722263336,0.5603175573050976,0.5752693936228752,0.6558663778007031,0.13705838172107535,239.88151241811025,0
sample_024,medium,20,361.0,311.0,695.3,283.5,0.5664802193641663,0.7832399010658264,0.5590156689286232,0.569998249411583,0.6530983939766883,0.16589454481688057,335.42918775801246,0
sample_024,medium,21,409.0,311.0,695.3,283.5,0.5661942362785339,0.7830970883369446,0.5499098114669323,0.5760367214679718,0.6536354862153531,0.14832734070291964,287.61769764741524,0
sample_024,medium,22,790.0,299.0,695.3,283.5,0.5577995181083679,0.7789000868797302,0.5190294440835714,0.6547563225030899,0.6772684525698422,0.24950050100150098,95.96009587323269,0
sample_024,medium,23,743.0,299.0,695.3,283.5,0.5561740398406982,0.7780872285366058,0.5300302002578974,0.6655188053846359,0.6834484536200762,0.22299103120977756,50.155159256052656,0
sample_024,medium,24,505.0,311.0,695.3,283.5,0.5520727038383484,0.7760356068611145,0.5535410791635513,0.5659326761960983,0.6474955290555955,0.1336899397860587,192.2767276609418,0
sample_024,medium,25,409.0,279.0,695.3,283.5,0.5442585945129395,0.7721289396286011,0.5373196974396706,0.7293859571218491,0.7080698981881142,0.16899999999999998,286.33536281779794,0
sample_024,medium,26,623.0,299.0,695.3,283.5,0.5406864285469055,0.7703432738780975,0.5209962539374828,0.6479638069868088,0.6715220831334592,0.16662832892398577,73.94281574297798,0
sample_024,medium,27,695.0,411.0,695.3,283.5,0.5404595732688904,0.7702294588088989,0.5571323893964291,0.6851417124271393,0.6935749463737011,0.15156846637740978,127.50035294068797,0
sample_024,medium,28,743.0,411.0,695.3,283.5,0.5399779081344604,0.7699886560440063,0.5606020987033844,0.682216078042984,0.693002313375473,0.18298907071188705,136.13059905840421,0
sample_024,medium,29,791.0,411.0,695.3,283.5,0.539701521396637,0.7698502540588379,0.5623330920934677,0.6853872090578079,0.6945616036653519,0.215176671598015,159.42001129092924,0
sample_024,medium,30,458.0,279.0,695.3,283.5,0.539182186126709,0.7695907652378082,0.5281022265553474,0.7249324023723602,0.703429712355137,0.15906759569440912,237.34266367427492,0
sample_025,medium,1,438.0,876.0,439.7,875.5,0.857181191444397,0.9285904467105865,0.6300119310617447,0.8763716518878937,0.8479872256517411,0.269462427807663,1.772004514666924,1
sample_025,medium,2,342.0,876.0,439.7,875.5,0.8363890647888184,0.9181946516036987,0.6139517650008202,0.8625389933586121,0.8350838109850884,0.2883920942050943,97.70127941843954,0
sample_025,medium,3,486.0,876.0,439.7,875.5,0.8200616240501404,0.9100304841995239,0.6131066679954529,0.839147537946701,0.8222925424575807,0.26605638500137524,46.30269970530877,0
sample_025,medium,4,391.0,875.0,439.7,875.5,0.8129076957702637,0.9064540863037109,0.5776017308235168,0.8522109389305115,0.8189863562583923,0.27613945752101415,48.70256666747656,0
sample_025,medium,5,515.0,876.0,439.7,875.5,0.6816620826721191,0.8408306539058685,0.6156635358929634,0.7961539924144745,0.7779265657067299,0.2660836334688776,75.30166000826279,0
sample_025,medium,6,467.0,895.0,439.7,875.5,0.5383115410804749,0.7691556811332703,0.6176193580031395,0.7192747890949249,0.7188960596919061,0.28028021692584726,33.549068541466255,0
sample_025,medium,7,111.0,165.0,439.7,875.5,0.49613454937934875,0.7480675876140594,0.6340173780918121,0.6630080789327621,0.6912337422370911,0.363005509600061,782.8498834387088,0
sample_025,medium,8,294.0,876.0,439.7,875.5,0.49429503083229065,0.7471481263637543,0.5637700110673904,0.7144444584846497,0.6973910361528397,0.30316002374983414,145.7008579247219,0
sample_025,medium,9,188.0,165.0,439.7,875.5,0.4906489849090576,0.745324894785881,0.623251847922802,0.6499944478273392,0.6827781066298485,0.3237043404095781,753.7659716384125,0
sample_025,medium,10,188.0,62.0,439.7,875.5,0.49021878838539124,0.7451088279485703,0.6071615442633629,0.6547042578458786,0.6813575431704522,0.3802551774795446,851.5486715390965,0
sample_025,medium,11,92.0,139.0,439.7,875.5,0.4893015921115875,0.7446509599685669,0.6253800243139267,0.6699344217777252,0.6909101575613021,0.38521747104719956,814.4492249367054,0
sample_025,medium,12,140.0,171.0,439.7,875.5,0.4888986051082611,0.7444486916065216,0.5868242755532265,0.6509067863225937,0.6755070462822914,0.3448485174681776,765.5980276881596,0
sample_025,medium,13,73.0,165.0,439.7,875.5,0.4870253801345825,0.7435124814510345,0.6210599318146706,0.6538430452346802,0.68315419703722,0.3837668563073158,799.5493355634785,0
sample_025,medium,14,54.0,62.0,439.7,875.5,0.48566579818725586,0.742832362651825,0.5889536812901497,0.6375054270029068,0.6699258521199227,0.44201809917694546,900.3036932057981,0
sample_025,medium,15,92.0,62.0,439.7,875.5,0.4855349063873291,0.7427666485309601,0.5938728749752045,0.649200439453125,0.675561410188675,0.423265873890159,884.6906464974071,0
sample_025,medium,16,188.0,139.0,439.7,875.5,0.48307064175605774,0.7415352463722229,0.626049280166626,0.6690564751625061,0.6894465446472168,0.3373907230497009,778.3220027726314,0
sample_025,medium,17,130.0,139.0,439.7,875.5,0.4800876975059509,0.7400435209274292,0.614075057208538,0.6593082398176193,0.6825557157397271,0.36552770072868623,798.965794011233,0
sample_025,medium,18,140.0,107.0,439.7,875.5,0.4794200360774994,0.7397102266550064,0.6253892779350281,0.6582664102315903,0.6842685103416444,0.37686138035091893,824.871105082485,0
sample_025,medium,19,448.0,946.0,439.7,875.5,0.47881221771240234,0.739406481385231,0.6142666861414909,0.6495665907859802,0.6784425660967828,0.31750590545689067,70.98690019996647,0
sample_025,medium,20,150.0,62.0,439.7,875.5,0.478765606880188,0.7393818646669388,0.5906908065080643,0.6454714089632034,0.6720794707536697,0.39644924013043586,863.5440579379838,0
sample_025,medium,21,381.0,914.0,439.7,875.5,0.4780304431915283,0.7390149533748627,0.6199083179235458,0.6584724336862564,0.6829766184091568,0.3045956335865634,70.19928774567445,0
sample_025,medium,22,82.0,107.0,439.7,875.5,0.4766862690448761,0.7383424639701843,0.6293583512306213,0.6529120951890945,0.6823734939098358,0.40569261763063913,847.6682959743157,0
sample_025,medium,23,178.0,210.0,439.7,875.5,0.47649940848350525,0.7382501363754272,0.6168359816074371,0.6443231105804443,0.6763964951038361,0.30641801513618616,715.1063836940627,0
sample_025,medium,24,188.0,88.0,439.7,875.5,0.4762844741344452,0.738142803311348,0.6178156584501266,0.660637378692627,0.6830752044916153,0.3654367250291082,826.7461158058137,0
sample_025,medium,25,82.0,210.0,439.7,875.5,0.4732119143009186,0.7366062849760056,0.6211647093296051,0.6376468241214752,0.6739341855049135,0.35973879412707216,755.53923789569,0
sample_025,medium,26,496.0,927.0,439.7,875.5,0.47277599573135376,0.736388698220253,0.6230113431811333,0.6429025530815125,0.6763187691569328,0.30194784317825485,76.30163825239929,0
sample_025,medium,27,54.0,88.0,439.7,875.5,0.4722077250480652,0.7361042499542236,0.6105564832687378,0.6523469537496567,0.6774917781352996,0.4293366977093852,876.8812576398243,0
sample_025,medium,28,54.0,139.0,439.7,875.5,0.47091278433799744,0.7354561984539032,0.6100915819406509,0.6517784744501114,0.676912185549736,0.4057320544398729,831.3824270454602,0
sample_025,medium,29,352.0,946.0,439.7,875.5,0.46915489435195923,0.7345779836177826,0.6105247363448143,0.6424723416566849,0.6729250773787498,0.332280002407608,112.52350865485842,0
sample_025,medium,30,111.0,203.0,439.7,875.5,0.4677625596523285,0.7338810563087463,0.5858488455414772,0.6418403089046478,0.6674583151936532,0.3460708020044453,748.5318563695201,0
sample_026,medium,1,256.0,134.0,255.8,134.0,0.8814148902893066,0.9407070279121399,0.6957226246595383,0.9249244034290314,0.8853970974683762,0.31104019032915986,0.19999999999998863,1
sample_026,medium,2,256.0,91.0,255.8,134.0,0.8811365962028503,0.9405683875083923,0.6771587878465652,0.9202919900417328,0.8797759085893632,0.3367617852429221,43.000465113763596,0
sample_026,medium,3,256.0,62.0,255.8,134.0,0.8731682896614075,0.9365834295749664,0.6855718493461609,0.9149056375026703,0.8777099967002869,0.354527855041039,72.00027777724195,0
sample_026,medium,4,255.0,206.0,255.8,134.0,0.8601396679878235,0.9300695359706879,0.6771197617053986,0.9072346985340118,0.8703456461429596,0.2706113449210879,72.0044443072787,0
sample_026,medium,5,256.0,163.0,255.8,134.0,0.8540122509002686,0.9270055294036865,0.6498291790485382,0.9006534218788147,0.8610294163227082,0.2941980625361085,29.00068964697219,0
sample_026,medium,6,544.0,147.0,255.8,134.0,0.761140763759613,0.88057079911232,0.6226315125823021,0.8482982218265533,0.8160739108920098,0.25154025522766726,288.4930501762564,0
sample_026,medium,7,544.0,190.0,255.8,134.0,0.7577006220817566,0.8788502216339111,0.6113563701510429,0.8476605117321014,0.8128755673766137,0.22140009033421826,293.59025869398323,0
sample_026,medium,8,544.0,104.0,255.8,134.0,0.7503334283828735,0.8751668334007263,0.5982775241136551,0.8440457284450531,0.8073405295610427,0.28173746644704534,289.7572087110172,0
sample_026,medium,9,544.0,61.0,255.8,134.0,0.7441763877868652,0.8720880448818207,0.5960016325116158,0.8421589732170105,0.8048991337418556,0.31197515926752883,297.30159770845495,0
sample_026,medium,10,254.0,938.0,255.8,134.0,0.6971166133880615,0.8485587239265442,0.6127164587378502,0.8720442950725555,0.81078449934721,0.35521824277477637,804.0020149228483,0
sample_026,medium,11,202.0,127.0,255.8,134.0,0.6132943630218506,0.8066470623016357,0.6107430681586266,0.6496200561523438,0.7046554610133171,0.3375892474590978,54.25347915111068,0
sample_026,medium,12,202.0,156.0,255.8,134.0,0.6130370497703552,0.8065186738967896,0.5912081673741341,0.6404669135808945,0.6970358684659004,0.321822932681933,58.12434945872514,0
sample_026,medium,13,202.0,84.0,255.8,134.0,0.6126364469528198,0.8063186407089233,0.6135568916797638,0.6485158205032349,0.7046451628208161,0.36184250717681027,73.44685153224746,0
sample_026,medium,14,202.0,55.0,255.8,134.0,0.6112225651741028,0.8056113421916962,0.6131390109658241,0.6551853865385056,0.7069464936852455,0.37870106944660187,95.57949570906933,0
sample_026,medium,15,202.0,199.0,255.8,134.0,0.6082494854927063,0.8041248917579651,0.6059207320213318,0.6449915021657944,0.7008307039737702,0.29950375623687925,84.37677405542358,0
sample_026,medium,16,393.0,176.0,255.8,134.0,0.6081663966178894,0.804082989692688,0.5997592806816101,0.645672157406807,0.69985391497612,0.24127266732889574,143.4846333235723,0
sample_026,medium,17,931.0,648.0,255.8,134.0,0.6081162691116333,0.8040583431720734,0.6281768530607224,0.662428542971611,0.7122301250696182,0.3222305075563144,848.5817815626258,0
sample_026,medium,18,361.0,97.0,255.8,134.0,0.6074206233024597,0.8037103116512299,0.5953198373317719,0.6290972530841827,0.6921869933605195,0.30143821920917724,111.51699422061195,0
sample_026,medium,19,393.0,147.0,255.8,134.0,0.6063932776451111,0.8031962811946869,0.6204313486814499,0.6514063030481339,0.7059273034334184,0.260823695242591,137.81451302384664,0
sample_026,medium,20,393.0,90.0,255.8,134.0,0.6057410836219788,0.8028707504272461,0.6107665151357651,0.6508553475141525,0.7036437422037125,0.2996239309534537,144.08275399922087,0
sample_026,medium,21,361.0,54.0,255.8,134.0,0.6043580174446106,0.8021791279315948,0.5982532650232315,0.6350485235452652,0.6945417135953903,0.33033089471013755,132.16292974960868,0
sample_026,medium,22,137.0,127.0,255.8,134.0,0.6042779088020325,0.8021388053894043,0.6055708527565002,0.6589041501283646,0.7055313527584076,0.36803396582380815,119.00605026636252,0
sample_026,medium,23,404.0,54.0,255.8,134.0,0.6032591462135315,0.8016293346881866,0.603639230132103,0.6411317586898804,0.6978322833776475,0.3225926223582926,168.41389491369173,0
sample_026,medium,24,931.0,691.0,255.8,134.0,0.6031568050384521,0.8015789687633514,0.6038675680756569,0.6450996696949005,0.6994449689984322,0.33334816633663966,875.2965440352201,0
sample_026,medium,25,393.0,205.0,255.8,134.0,0.6030817031860352,0.8015406727790833,0.5939418748021126,0.6385209113359451,0.6948130086064339,0.2218941188945755,154.48249091725572,0
sample_026,medium,26,137.0,156.0,255.8,134.0,0.6026362180709839,0.8013182282447815,0.591269738972187,0.6505499333143234,0.6990012124180794,0.35362762901108274,120.81986591616464,0
sample_026,medium,27,436.0,176.0,255.8,134.0,0.602501392364502,0.8012503087520599,0.6128931492567062,0.6537027806043625,0.7045598655939103,0.23352944139872386,185.0298354320189,0
sample_026,medium,28,148.0,91.0,255.8,134.0,0.6024089455604553,0.8012045919895172,0.6178504303097725,0.6538393497467041,0.705587662756443,0.3815658527698724,116.05963984090249,0
sample_026,medium,29,436.0,205.0,255.8,134.0,0.5979228019714355,0.7989611327648163,0.603190079331398,0.6503041684627533,0.7003441363573075,0.21344905715416032,193.6828335191325,0
sample_026,medium,30,436.0,90.0,255.8,134.0,0.5976533889770508,0.7988266944885254,0.6144983619451523,0.657735288143158,0.7055244654417039,0.2934246070117501,185.49404303103643,0
sample_027,medium,1,876.0,235.0,876.7,234.7,0.8733718395233154,0.9366855621337891,0.6282281577587128,0.9229591488838196,0.869503515958786,0.3252698879392312,0.7615773105864371,1
sample_027,medium,2,876.0,209.0,876.7,234.7,0.7084739208221436,0.8542366623878479,0.6093594580888748,0.7833316922187805,0.7768992334604263,0.3361971148002314,25.709531306501866,0
sample_027,medium,3,876.0,151.0,876.7,234.7,0.7020031809806824,0.851002037525177,0.6132741346955299,0.7772048115730286,0.7739375665783883,0.36275129220996577,83.70292706948783,0
sample_027,medium,4,877.0,56.0,876.7,234.7,0.6984565854072571,0.8492279350757599,0.6224898099899292,0.7898211777210236,0.7801176071166993,0.41186466223748786,178.7002518185131,0
sample_027,medium,5,877.0,113.0,876.7,234.7,0.6612410545349121,0.830620288848877,0.5752701833844185,0.7479828149080276,0.7464952781796456,0.38203272111168696,121.70036976114739,0
sample_027,medium,6,876.0,177.0,876.7,234.7,0.6339300274848938,0.8169650435447693,0.5798649191856384,0.7384127378463745,0.7381240963935852,0.3505032096857317,57.70424594429771,0
sample_027,medium,7,875.0,934.0,876.7,234.7,0.5599142909049988,0.7799573838710785,0.5853606685996056,0.7599720060825348,0.7330438897013665,0.40557428419464664,699.3020663490134,0
sample_027,medium,8,934.0,235.0,876.7,234.7,0.5424597859382629,0.7712299227714539,0.5960054621100426,0.723925918340683,0.7172634288668633,0.3595698819423006,57.30078533493232,0
sample_027,medium,9,925.0,75.0,876.7,234.7,0.4615951478481293,0.7307980507612228,0.5827763080596924,0.6176473647356033,0.655933427810669,0.42499999999999993,166.8441788016591,0
sample_027,medium,10,933.0,934.0,876.7,234.7,0.45427531003952026,0.7271374315023422,0.5812735855579376,0.6057526841759682,0.6494107633829117,0.4335002883505384,701.5626700445227,0
sample_027,medium,11,944.0,50.0,876.7,234.7,0.45041152834892273,0.7252062559127808,0.5810437351465225,0.6005384251475334,0.6465066194534301,0.4470100670007332,196.5791952369324,0
sample_027,medium,12,934.0,145.0,876.7,234.7,0.4465705454349518,0.7232856899499893,0.5904026925563812,0.5927780568599701,0.64450603723526,0.39647257156075755,106.43956031476264,0
sample_027,medium,13,944.0,177.0,876.7,234.7,0.445849746465683,0.7229252606630325,0.5887044072151184,0.5965185686945915,0.6455184131860733,0.388242836379501,88.64863225115204,0
sample_027,medium,14,925.0,113.0,876.7,234.7,0.43502357602119446,0.7175121158361435,0.5696706771850586,0.6000428795814514,0.6409561336040497,0.4064443381325418,130.93425831309386,0
sample_027,medium,15,858.0,81.0,876.7,234.7,0.4023315906524658,0.7011651396751404,0.5541272945702076,0.5866716802120209,0.6259601868689061,0.38969539386551644,154.83339433080965,0
sample_027,medium,16,285.0,525.0,876.7,234.7,0.3507363200187683,0.6753676682710648,0.508640724234283,0.750283807516098,0.6719887351617218,0.15305227865013968,659.0773702684686,0
sample_027,medium,17,839.0,235.0,876.7,234.7,0.3269557058811188,0.6634776741266251,0.5305000934749842,0.5711890757083893,0.5999667186290025,0.30425811410708503,37.70119361505685,0
sample_027,medium,18,285.0,430.0,876.7,234.7,0.3055115044116974,0.6527554839849472,0.5228681322187185,0.6613478809595108,0.6302149724215269,0.15988276955319483,623.0978895807625,0
sample_027,medium,19,214.0,525.0,876.7,234.7,0.29304295778274536,0.6465213596820831,0.5175112411379814,0.5984341874718666,0.6014844670891762,0.20300369454766085,723.4952522304484,0
sample_027,medium,20,285.0,358.0,876.7,234.7,0.2922152280807495,0.6461074948310852,0.5232234951108694,0.6708976775407791,0.6314467679709197,0.1821935783720162,604.4102745652162,0
sample_027,medium,21,663.0,234.0,876.7,234.7,0.2900841236114502,0.6450421661138535,0.49603748600929976,0.612441748380661,0.6022010629996657,0.2205957841845578,213.70114646393458,0
sample_027,medium,22,282.0,819.0,876.7,234.7,0.28966838121414185,0.644834503531456,0.5051360288634896,0.7069383710622787,0.6417363556101918,0.2732077963748472,833.7113289382602,0
sample_027,medium,23,159.0,525.0,876.7,234.7,0.28960227966308594,0.6448012739419937,0.5206187814474106,0.617917500436306,0.609211266040802,0.24177055238386663,774.1882070917898,0
sample_027,medium,24,105.0,525.0,876.7,234.7,0.2875680923461914,0.6437838524580002,0.5179780628532171,0.6143039017915726,0.6068307142704725,0.2798660393831306,824.4968041175175,0
sample_027,medium,25,285.0,394.0,876.7,234.7,0.2831716239452362,0.64158596098423,0.5193457435816526,0.6631800383329391,0.6257755484431982,0.16950073746152255,612.7686186481811,0
sample_027,medium,26,771.0,235.0,876.7,234.7,0.28266236186027527,0.641330748796463,0.5147424889728427,0.622937336564064,0.6086557319387793,0.2680167905188031,105.70042573234986,0
sample_027,medium,27,69.0,525.0,876.7,234.7,0.2792772650718689,0.6396385729312897,0.5111146746203303,0.6160980686545372,0.6045175915583969,0.3052752856030111,858.2851391000546,0
sample_027,medium,28,735.0,234.0,876.7,234.7,0.2773265540599823,0.638663038611412,0.49555279687047005,0.6091310307383537,0.5982281871140004,0.2509790827937659,141.70172899439166,0
sample_027,medium,29,591.0,232.0,876.7,234.7,0.2752746343612671,0.6376375555992126,0.5056167524307966,0.687470480799675,0.6311665650457143,0.20013120696183292,285.7127578530577,0
sample_027,medium,30,282.0,697.0,876.7,234.7,0.27512040734291077,0.6375600248575211,0.5047182883135974,0.6281049102544785,0.6072096317075193,0.20776549280378587,753.2525340149875,0
sample_028,medium,1,251.0,839.0,252.4,838.7,0.8531575202941895,0.9265786409378052,0.6293496191501617,0.9158297479152679,0.8628332793712616,0.2974239398568985,1.4317821063276315,1
sample_028,medium,2,215.0,839.0,252.4,838.7,0.5519055128097534,0.7759523987770081,0.5831742733716965,0.7223126143217087,0.715940859913826,0.3131660901183268,37.401203189202356,0
sample_028,medium,3,179.0,839.0,252.4,838.7,0.5385295152664185,0.7692646682262421,0.5956655517220497,0.7590837180614471,0.7304724648594857,0.33012270446002345,73.40061307645871,0
sample_028,medium,4,251.0,791.0,252.4,838.7,0.53812175989151,0.7690611779689789,0.6151013895869255,0.7681518793106079,0.7379055008292199,0.27081543530604013,47.72054065075127,0
sample_028,medium,5,251.0,743.0,252.4,838.7,0.5251250267028809,0.7625616192817688,0.5712865591049194,0.7414624691009521,0.7158669471740723,0.24601829200285086,95.71023978655579,0
sample_028,medium,6,106.0,839.0,252.4,838.7,0.5127211213111877,0.7563600838184357,0.5930678471922874,0.7356973886489868,0.7154365584254265,0.3675302708621427,146.40030737672652,0
sample_028,medium,7,143.0,839.0,252.4,838.7,0.4981752634048462,0.7490871697664261,0.5907709822058678,0.725127324461937,0.7078399941325189,0.3481163598568731,109.40041133377882,0
sample_028,medium,8,252.0,647.0,252.4,838.7,0.4956386089324951,0.7478196322917938,0.561572752892971,0.7288432568311691,0.7029797062277794,0.20385411450348506,191.700417318273,0
sample_028,medium,9,71.0,839.0,252.4,838.7,0.49168846011161804,0.7458435744047165,0.5860993266105652,0.7161009609699249,0.7019976794719696,0.38662772792442085,181.40024807039265,0
sample_028,medium,10,251.0,695.0,252.4,838.7,0.4886181056499481,0.7443093061447144,0.5444666668772697,0.7362661212682724,0.7011235043406487,0.2236358647444546,143.70681960157637,0
sample_028,medium,11,99.0,815.0,252.4,838.7,0.35787519812583923,0.6789378672838211,0.5761832818388939,0.5969986915588379,0.6256112799048424,0.36057315485210484,155.22000515397494,0
sample_028,medium,12,85.0,738.0,252.4,838.7,0.341927170753479,0.6709635853767395,0.5316392406821251,0.5645857900381088,0.6005475983023644,0.3382816873553755,195.35416555579258,0
sample_028,medium,13,194.0,656.0,252.4,838.7,0.3409062922000885,0.6704529523849487,0.5738496258854866,0.5781235024333,0.6142005071043969,0.24287033577610914,191.80680384178245,0
sample_028,medium,14,114.0,651.0,252.4,838.7,0.3406635820865631,0.6703315526247025,0.5664282068610191,0.5640811026096344,0.6070507034659386,0.29308445881690826,233.2077400087742,0
sample_028,medium,15,208.0,733.0,252.4,838.7,0.3396325409412384,0.6698158830404282,0.5577267557382584,0.5691552609205246,0.6071338087320328,0.264152418122568,114.64663100152576,0
sample_028,medium,16,114.0,738.0,252.4,838.7,0.33939284086227417,0.6696965396404266,0.5339265987277031,0.567400373518467,0.6016240850090981,0.32065557846387144,171.15796797111145,0
sample_028,medium,17,157.0,796.0,252.4,838.7,0.3376370668411255,0.668818473815918,0.5754744410514832,0.5821593403816223,0.6154860138893128,0.3203630752755379,104.52009376191741,0
sample_028,medium,18,172.0,738.0,252.4,838.7,0.3363840579986572,0.6681919991970062,0.5507500544190407,0.5737680643796921,0.6069340363144875,0.28655540476494246,128.85903150342241,0
sample_028,medium,19,78.0,637.0,252.4,838.7,0.3360147476196289,0.6680073440074921,0.5674851462244987,0.5643564984202385,0.606442566215992,0.31372997944091985,266.64255099289767,0
sample_028,medium,20,121.0,801.0,252.4,838.7,0.33599239587783813,0.667995423078537,0.5450739935040474,0.5606932118535042,0.600490252673626,0.3422294551905198,136.70131674567003,0
sample_028,medium,21,143.0,651.0,252.4,838.7,0.3339710235595703,0.6669851243495941,0.5643367618322372,0.5702671930193901,0.6077682793140412,0.2740894014733149,217.25480431972042,0
sample_028,medium,22,85.0,680.0,252.4,838.7,0.3295128047466278,0.6647558361291885,0.5466755479574203,0.5626357048749924,0.6002917259931565,0.3198632520312391,230.6695688642089,0
sample_028,medium,23,201.0,757.0,252.4,838.7,0.32895445823669434,0.6644765883684158,0.5568235814571381,0.5728620886802673,0.606300187110901,0.27879203718901296,96.52383125425558,0
sample_028,medium,24,179.0,685.0,252.4,838.7,0.32767021656036377,0.6638345420360565,0.5462478548288345,0.5822045728564262,0.6076652169227601,0.26197900679252906,170.32689159378214,0
sample_028,medium,25,85.0,709.0,252.4,838.7,0.3266775906085968,0.6633385866880417,0.5517958663403988,0.5748142823576927,0.6056203208863735,0.32856201849879113,211.76602654816946,0
sample_028,medium,26,251.0,876.0,252.4,838.7,0.3264372646808624,0.6632186323404312,0.5185605511069298,0.5735064595937729,0.5984021469950676,0.31888634338898864,37.32626421167804,0
sample_028,medium,27,150.0,704.0,252.4,838.7,0.3250963091850281,0.6625479459762573,0.5543913468718529,0.5839893147349358,0.6094931736588478,0.28645767575682096,169.2035756123375,0
sample_028,medium,28,114.0,709.0,252.4,838.7,0.32502150535583496,0.6625106930732727,0.5523074977099895,0.5748751983046532,0.6054158560931683,0.3103844390429391,189.67511697637096,0
sample_028,medium,29,114.0,680.0,252.4,838.7,0.3248295187950134,0.6624147742986679,0.546536274254322,0.5643481761217117,0.6000124350190162,0.3011610864637063,210.5712468500864,0
sample_028,medium,30,143.0,680.0,252.4,838.7,0.3225848972797394,0.6612922102212906,0.5443061254918575,0.5703544318675995,0.6015198819339276,0.28270921456507214,192.75385858654042,0
sample_029,medium,1,856.0,688.0,857.1,688.0,0.9334238767623901,0.9667125344276428,0.687919870018959,0.9383764564990997,0.8996195703744889,0.2846752535785294,1.1000000000000227,1
sample_029,medium,2,856.0,784.0,857.1,688.0,0.8957971930503845,0.947898268699646,0.6201784908771515,0.8867719769477844,0.8579037964344025,0.3220186330012597,96.00630187649142,0
sample_029,medium,3,856.0,736.0,857.1,688.0,0.8779474496841431,0.9389739036560059,0.6182978823781013,0.879675418138504,0.8511193051934243,0.3020198668962027,48.01260251225713,0
sample_029,medium,4,856.0,640.0,857.1,688.0,0.8759855031967163,0.9379926919937134,0.6264868974685669,0.8768573105335236,0.8512373805046083,0.2704958410031474,48.01260251225713,0
sample_029,medium,5,851.0,434.0,857.1,688.0,0.6918349266052246,0.8459173142910004,0.5582286491990089,0.7728859186172485,0.7591670230031013,0.2525440555625889,254.07323747297747,0
sample_029,medium,6,856.0,814.0,857.1,688.0,0.6786245703697205,0.8393124341964722,0.5378502383828163,0.7411693036556244,0.7397627428174018,0.3356575635971875,126.00480149581603,0
sample_029,medium,7,851.0,482.0,857.1,688.0,0.6651273369789124,0.8325639963150024,0.5506450273096561,0.7463744133710861,0.7417043693363667,0.24852062288671334,206.09029574436542,0
sample_029,medium,8,851.0,338.0,857.1,688.0,0.655531644821167,0.8277660310268402,0.557006224989891,0.7445032149553299,0.7403089433908463,0.2733541658727739,350.0531531067818,0
sample_029,medium,9,851.0,386.0,857.1,688.0,0.6499225497245789,0.8249609172344208,0.5395079664885998,0.7315595299005508,0.7305097721517086,0.2609568929919269,302.0615996779465,0
sample_029,medium,10,856.0,592.0,857.1,688.0,0.5682917237281799,0.7841458916664124,0.5656864121556282,0.7560986280441284,0.729235090315342,0.26,96.00630187649142,0
sample_029,medium,11,851.0,530.0,857.1,688.0,0.5516419410705566,0.7758208513259888,0.5516510531306267,0.7192452400922775,0.7083566471934319,0.2490993777591586,158.11770931809,0
sample_029,medium,12,856.0,923.0,857.1,688.0,0.5272857546806335,0.7636430859565735,0.5578979849815369,0.7499808371067047,0.7170291662216186,0.39093797462001567,235.00257445398339,0
sample_029,medium,13,564.0,949.0,857.1,688.0,0.4953920841217041,0.7476962059736252,0.5660736188292503,0.751022607088089,0.7127022489905357,0.3207000155908945,392.46478822946654,0
sample_029,medium,14,827.0,688.0,857.1,688.0,0.457180380821228,0.7285899221897125,0.5993223562836647,0.6585287600755692,0.6747119441628456,0.2667142665850479,30.100000000000023,0
sample_029,medium,15,823.0,472.0,857.1,688.0,0.44045600295066833,0.7202281951904297,0.581940233707428,0.6384424567222595,0.6598563075065613,0.22925204470189575,218.67512432830583,0
sample_029,medium,16,827.0,942.0,857.1,688.0,0.4368396997451782,0.7184197753667831,0.5562594942748547,0.6183746084570885,0.6459696523845195,0.38877564224112604,255.77726638620564,0
sample_029,medium,17,564.0,910.0,857.1,688.0,0.43657901883125305,0.7182895690202713,0.537867795675993,0.696806475520134,0.6736119769513608,0.2934246070117501,367.68411714405073,0
sample_029,medium,18,827.0,784.0,857.1,688.0,0.43432116508483887,0.7171603441238403,0.568896695971489,0.6251988112926483,0.6507230013608933,0.30625561219347475,100.60820046099623,0
sample_029,medium,19,823.0,434.0,857.1,688.0,0.4324299097061157,0.7162149101495743,0.5710581317543983,0.6291316747665405,0.6523502603173257,0.23311477859629576,256.2787739942581,0
sample_029,medium,20,828.0,640.0,857.1,688.0,0.4271793067455292,0.7135898172855377,0.5511380285024643,0.6138531118631363,0.6412047773599625,0.2521745427278495,56.132076391311244,0
sample_029,medium,21,827.0,736.0,857.1,688.0,0.4239535629749298,0.7119764238595963,0.5812924727797508,0.6212978214025497,0.6495681926608086,0.2851534674521774,56.656950147356156,0
sample_029,medium,22,536.0,930.0,857.1,688.0,0.4235645532608032,0.7117823213338852,0.5464110188186169,0.6386578530073166,0.6494582735002041,0.3051196486626189,402.08109878480985,0
sample_029,medium,23,823.0,376.0,857.1,688.0,0.42213207483291626,0.7110659927129745,0.5519390664994717,0.6210834458470345,0.643247588723898,0.2446477058956409,313.8579455741084,0
sample_029,medium,24,851.0,291.0,857.1,688.0,0.41517090797424316,0.707585409283638,0.5061318427324295,0.6374681442975998,0.639247789978981,0.2888615585362649,397.0468612141393,0
sample_029,medium,25,823.0,338.0,857.1,688.0,0.4104230999946594,0.7052120119333267,0.5573531836271286,0.6227256134152412,0.6426456868648529,0.2555122306270289,351.6572336807534,0
sample_029,medium,26,856.0,864.0,857.1,688.0,0.3898605406284332,0.6949301362037659,0.5171208139508963,0.6177997067570686,0.6285160999745131,0.36002222153639346,176.0034374664313,0
sample_029,medium,27,905.0,720.0,857.1,688.0,0.38942623138427734,0.6947135329246521,0.5462684705853462,0.5785084292292595,0.6185424789786339,0.3259025928095694,57.60564208478192,0
sample_029,medium,28,905.0,656.0,857.1,688.0,0.38749560713768005,0.6937478929758072,0.5345937013626099,0.5730027630925179,0.613619002699852,0.3068884162036749,57.60564208478192,0
sample_029,medium,29,905.0,688.0,857.1,688.0,0.38548851013183594,0.6927444040775299,0.5503558814525604,0.5813061818480492,0.6196914106607437,0.31572852262663886,47.89999999999998,0
sample_029,medium,30,905.0,784.0,857.1,688.0,0.38406020402908325,0.6920300275087357,0.5270567908883095,0.5678907856345177,0.6093796834349633,0.3497720686389924,107.28657884376777,0
sample_030,medium,1,767.0,591.0,767.7,590.7,0.8746282458305359,0.9373146593570709,0.6643971800804138,0.9087814092636108,0.8713178634643555,0.19946177578674065,0.7615773105864148,1
sample_030,medium,2,690.0,591.0,767.7,590.7,0.8424285054206848,0.9212141335010529,0.6494713127613068,0.8922646641731262,0.855285781621933,0.14896476093358454,77.70057914842081,0
sample_030,medium,3,728.0,591.0,767.7,590.7,0.7495298385620117,0.8747648596763611,0.6342916339635849,0.8815457820892334,0.8293825834989548,0.17358715390258578,39.70113348507827,0
sample_030,medium,4,632.0,591.0,767.7,590.7,0.7426313757896423,0.8713162243366241,0.6382468640804291,0.8820806741714478,0.8290081322193146,0.11336886697854925,135.70033161344895,0
sample_030,medium,5,196.0,599.0,767.7,590.7,0.7294554710388184,0.8647277653217316,0.5888504311442375,0.7770024538040161,0.7744621738791466,0.22607189122046994,571.7602469567119,0
sample_030,medium,6,72.0,593.0,767.7,590.7,0.7285133004188538,0.8642568588256836,0.6383113414049149,0.8558326959609985,0.8156980901956559,0.30970389083768385,695.7038019157291,0
sample_030,medium,7,110.0,593.0,767.7,590.7,0.7249736189842224,0.8624868392944336,0.6303839534521103,0.8555506467819214,0.813291785120964,0.28350396822619606,657.7040215780955,0
sample_030,medium,8,158.0,599.0,767.7,590.7,0.7242321372032166,0.8621159195899963,0.5913031473755836,0.7784057259559631,0.7744692876935005,0.2517588131525885,609.7564923803601,0
sample_030,medium,9,661.0,610.0,767.7,590.7,0.6508792638778687,0.8254397213459015,0.6341341137886047,0.708670973777771,0.74047110080719,0.13787856976339724,108.43145300142393,0
sample_030,medium,10,594.0,591.0,767.7,590.7,0.6471039056777954,0.8235519230365753,0.589791901409626,0.768170565366745,0.7546473756432533,0.0925121613627095,173.70025906716438,0
sample_030,medium,11,934.0,128.0,767.7,590.7,0.6423027515411377,0.821151852607727,0.6245202496647835,0.664429098367691,0.719136430323124,0.4041905491225642,491.6777196497722,0
sample_030,medium,12,167.0,657.0,767.7,590.7,0.6386878490447998,0.8193437457084656,0.6120278313755989,0.6605614423751831,0.7143676415085793,0.2603247971285102,604.3477310290823,0
sample_030,medium,13,709.0,719.0,767.7,590.7,0.6381248235702515,0.8190624117851257,0.6467662900686264,0.6807523667812347,0.7292791694402696,0.21405840324546943,141.09068006073255,0
sample_030,medium,14,129.0,657.0,767.7,590.7,0.6363456845283508,0.8181732892990112,0.6125826388597488,0.6616133600473404,0.7144311875104905,0.28485961454723624,642.1319023378297,0
sample_030,medium,15,62.0,740.0,767.7,590.7,0.635460376739502,0.8177306354045868,0.6269280463457108,0.6772319823503494,0.7233706563711166,0.3531600203873592,721.3203033327151,0
sample_030,medium,16,100.0,753.0,767.7,590.7,0.6341496109962463,0.8170746266841888,0.6359797269105911,0.6750344187021255,0.7240395635366439,0.3346707337070273,687.1423287791257,0
sample_030,medium,17,934.0,102.0,767.7,590.7,0.633817732334137,0.8169089257717133,0.6360439360141754,0.6682647913694382,0.7212782740592958,0.41638924097531627,516.220282437643,0
sample_030,medium,18,167.0,708.0,767.7,590.7,0.63372802734375,0.8168638050556183,0.6290663480758667,0.6649978458881378,0.7185579299926758,0.27762654772193524,612.0455701988211,0
sample_030,medium,19,757.0,674.0,767.7,590.7,0.6332611441612244,0.8166303932666779,0.6246884018182755,0.6659487038850784,0.7179693192243577,0.21945956347354745,83.98440331394868,0
sample_030,medium,20,934.0,51.0,767.7,590.7,0.6330873966217041,0.8165436089038849,0.6347567737102509,0.6788511723279953,0.7251092672348023,0.44156369868910195,564.7404536599092,0
sample_030,medium,21,62.0,689.0,767.7,590.7,0.6323758363723755,0.8161884248256683,0.6226941049098969,0.6807695478200912,0.7233220100402833,0.33731661684536085,712.5134244349366,0
sample_030,medium,22,757.0,751.0,767.7,590.7,0.6322309970855713,0.8161154985427856,0.6077393591403961,0.6600656360387802,0.7120203256607056,0.25401771591761074,160.65671476785522,0
sample_030,medium,23,91.0,657.0,767.7,590.7,0.6320123672485352,0.816006600856781,0.6030388846993446,0.6581854671239853,0.7102846041321755,0.309782181540514,679.9401297173157,0
sample_030,medium,24,62.0,766.0,767.7,590.7,0.6307486891746521,0.8153749406337738,0.6364197880029678,0.6802975982427597,0.725552973151207,0.36235341863986875,727.1468764974516,0
sample_030,medium,25,100.0,689.0,767.7,590.7,0.6294718384742737,0.8147361278533936,0.6208762526512146,0.6836842447519302,0.7235433995723725,0.31282662930127925,674.8971625366343,0
sample_030,medium,26,129.0,708.0,767.7,590.7,0.6286799311637878,0.8143400847911835,0.6212938949465752,0.6630726307630539,0.7152238652110101,0.3007532210966326,649.3819985185916,0
sample_030,medium,27,767.0,719.0,767.7,590.7,0.6285261511802673,0.8142627775669098,0.6338451951742172,0.6744459569454193,0.7222525328397751,0.24418230894149556,128.30190957269494,0
sample_030,medium,28,167.0,785.0,767.7,590.7,0.627964437007904,0.8139824271202087,0.6298183798789978,0.6650866717100143,0.7175913155078888,0.3099306374013385,631.3422051470977,0
sample_030,medium,29,632.0,719.0,767.7,590.7,0.6276422739028931,0.81382155418396,0.6405972242355347,0.6695443838834763,0.7214658200740813,0.18081067446364996,186.74951137820952,0
sample_030,medium,30,661.0,674.0,767.7,590.7,0.6275996565818787,0.8137997686862946,0.6207877621054649,0.6583264023065567,0.7130080208182336,0.1676260719577954,135.3653574589895,0
sample_001,high,1,278.0,433.0,279.0,433.1,0.8762965798377991,0.9381486177444458,0.6970701515674591,0.9192094206809998,0.8823572456836701,0.16397103402735497,1.0049875621120912,1
sample_001,high,2,278.0,481.0,279.0,433.1,0.8459150195121765,0.9229576885700226,0.6475437730550766,0.8856223225593567,0.8529407590627671,0.15755157885594165,47.910437276234475,0
sample_001,high,3,278.0,338.0,279.0,433.1,0.811150312423706,0.9055753946304321,0.6430574655532837,0.8735857605934143,0.8402759552001954,0.19432961688841976,95.1052574782278,0
sample_001,high,4,278.0,385.0,279.0,433.1,0.8085752725601196,0.9042879045009613,0.6035370826721191,0.8555303812026978,0.8246347308158875,0.17678942276052603,48.110393887391965,0
sample_001,high,5,278.0,529.0,279.0,433.1,0.6806111931800842,0.8403053283691406,0.5944519490003586,0.7911031544208527,0.771453782916069,0.15831140198987562,95.905213622618,0
sample_001,high,6,553.0,757.0,279.0,433.1,0.496449738740921,0.7482247054576874,0.5383700393140316,0.6264563649892807,0.6575464360415936,0.18555053220079967,424.2489952846088,0
sample_001,high,7,272.0,782.0,279.0,433.1,0.4893374741077423,0.7446689903736115,0.5276223924010992,0.7111819386482239,0.6878648500889539,0.2564254277562972,348.97021362861324,0
sample_001,high,8,272.0,710.0,279.0,433.1,0.48653849959373474,0.7432696670293808,0.5285829156637192,0.7239156067371368,0.6925906926393509,0.21918485349129394,276.98846546381674,0
sample_001,high,9,553.0,709.0,279.0,433.1,0.48378315567970276,0.7418920397758484,0.5325517356395721,0.6154947057366371,0.6494650453329087,0.1524631102922933,388.84033998544953,0
sample_001,high,10,553.0,637.0,279.0,433.1,0.47815585136413574,0.7390779256820679,0.5279617588967085,0.6119986474514008,0.6460229810327291,0.10387011119662865,341.54239853933217,0
sample_001,high,11,553.0,662.0,279.0,433.1,0.4743146300315857,0.7371577322483063,0.5442161485552788,0.6108171865344048,0.6480331972241402,0.12052593081988622,357.0311050874979,0
sample_001,high,12,272.0,662.0,279.0,433.1,0.47246894240379333,0.7362348288297653,0.518539359793067,0.7128000259399414,0.683321813866496,0.19777259668619412,229.00700862637368,0
sample_001,high,13,572.0,733.0,279.0,433.1,0.46748247742652893,0.7337412387132645,0.5123738404363394,0.7472010105848312,0.6948516678065062,0.17244274412105604,419.2720000190807,0
sample_001,high,14,242.0,433.0,279.0,433.1,0.4656757116317749,0.7328384220600128,0.5768431797623634,0.5148293897509575,0.6144357606768609,0.18848474739352256,37.00013513488836,0
sample_001,high,15,242.0,481.0,279.0,433.1,0.4625457525253296,0.7312721908092499,0.5564285703003407,0.5051108472980559,0.6058389293029904,0.18292758129926714,60.52611006830026,0
sample_001,high,16,278.0,290.0,279.0,433.1,0.45847615599632263,0.7292382121086121,0.5656320378184319,0.7317503690719604,0.6975218400359153,0.21608331726442925,143.10349401744182,0
sample_001,high,17,572.0,781.0,279.0,433.1,0.45650240778923035,0.7282507866621017,0.5160298142582178,0.7481410056352615,0.6937626797705889,0.20511582094026778,454.8443799806698,0
sample_001,high,18,254.0,746.0,279.0,433.1,0.4539039433002472,0.726951539516449,0.5517307184636593,0.5665415972471237,0.627743398398161,0.246,313.89713283176064,0
sample_001,high,19,242.0,361.0,279.0,433.1,0.4534677565097809,0.7267341911792755,0.543665274977684,0.5021437127143145,0.6002842165529728,0.20722572234160508,81.03955824163903,0
sample_001,high,20,260.0,457.0,279.0,433.1,0.45156002044677734,0.725780114531517,0.5811310708522797,0.642173245549202,0.6634075582027436,0.17240794645259247,30.5321142405828,0
sample_001,high,21,553.0,805.0,279.0,433.1,0.449599951505661,0.724800318479538,0.5301969405263662,0.6095705181360245,0.6397877227514983,0.21889952032839177,461.9368030369522,0
sample_001,high,22,260.0,505.0,279.0,433.1,0.4404793083667755,0.7202402055263519,0.5810560137033463,0.6434228271245956,0.6616764158010483,0.16974245196767956,74.36807110581796,0
sample_001,high,23,236.0,710.0,279.0,433.1,0.4390566945075989,0.7195281535387039,0.5618134140968323,0.511182795278728,0.6046470623463392,0.2385330165826106,280.2188608926958,0
sample_001,high,24,259.0,409.0,279.0,433.1,0.4386880397796631,0.7193446457386017,0.5447390712797642,0.5923275202512741,0.6336166806519032,0.18215652609774924,31.317886263284134,0
sample_001,high,25,236.0,782.0,279.0,433.1,0.43769174814224243,0.7188459783792496,0.5440752692520618,0.4999971032591475,0.5963522865057712,0.2731483113621609,351.53977015410356,0
sample_001,high,26,236.0,662.0,279.0,433.1,0.43633508682250977,0.7181676924228668,0.5459421649575233,0.5042579518631101,0.5981586907058954,0.21902054698132775,232.90386428739217,0
sample_001,high,27,518.0,733.0,279.0,433.1,0.4317977726459503,0.7158983498811722,0.5356458909809589,0.5487254820764065,0.6129787109792233,0.16524678514270708,383.48534522195234,0
sample_001,high,28,518.0,637.0,279.0,433.1,0.4288705587387085,0.7144353240728378,0.5326903238892555,0.545122429728508,0.6103611662983894,0.09770619222956137,314.1595295387361,0
sample_001,high,29,293.0,457.0,279.0,433.1,0.4268234074115753,0.7134116888046265,0.5824354067444801,0.6615808308124542,0.6664840891957282,0.1494958193395387,27.698555919036625,0
sample_001,high,30,518.0,685.0,279.0,433.1,0.42614299058914185,0.7130719572305679,0.5270254388451576,0.5435030646622181,0.608035096526146,0.13143249217754338,347.2385491272534,0
sample_002,high,1,288.0,438.0,288.4,438.1,0.8699692487716675,0.9349850118160248,0.6801953762769699,0.9124569892883301,0.875015875697136,0.15618578680533,0.4123105625617495,1
sample_002,high,2,288.0,342.0,288.4,438.1,0.8237974643707275,0.9118984639644623,0.6205978468060493,0.8706754744052887,0.8371491447091103,0.1869598887462228,96.1008324625755,0
sample_002,high,3,288.0,390.0,288.4,438.1,0.8104603290557861,0.9052304327487946,0.6388227492570877,0.8752027451992035,0.8399378210306168,0.1688845759683222,48.10166317290913,0
sample_002,high,4,288.0,486.0,288.4,438.1,0.7473704218864441,0.8736850023269653,0.5760931596159935,0.8324025869369507,0.7976536676287651,0.15023315213360863,47.90167011702199,0
sample_002,high,5,288.0,516.0,288.4,438.1,0.6306452751159668,0.8153221309185028,0.5736675336956978,0.7715965807437897,0.7495009914040566,0.15033296378372907,77.90102695086885,0
sample_002,high,6,288.0,309.0,288.4,438.1,0.5873622894287109,0.7936809659004211,0.5672924220561981,0.7272617071866989,0.7218355536460876,0.2017733877398107,129.10061967318362,0
sample_002,high,7,580.0,724.0,288.4,438.1,0.5423312783241272,0.7711663544178009,0.5962159857153893,0.7782351076602936,0.7390037819743157,0.1681903683330291,408.3740564727392,0
sample_002,high,8,580.0,695.0,288.4,438.1,0.5353289246559143,0.7676635086536407,0.5868121981620789,0.761090874671936,0.7288641929626465,0.1490385856078888,388.6234295561707,0
sample_002,high,9,580.0,657.0,288.4,438.1,0.5288805365562439,0.7644394934177399,0.5922886505723,0.7787785828113556,0.7357449606060982,0.12459735149673126,364.6200351050392,0
sample_002,high,10,580.0,772.0,288.4,438.1,0.5161944031715393,0.7580973207950592,0.5732349529862404,0.7543736696243286,0.7196353867650032,0.20047942537826666,443.30550413907565,0
sample_002,high,11,870.0,759.0,288.4,438.1,0.47709921002388,0.7385488301515579,0.6210175454616547,0.7926515936851501,0.7366836786270142,0.3193595152801933,664.255500541772,0
sample_002,high,12,282.0,950.0,288.4,438.1,0.47464582324028015,0.737323209643364,0.6071838811039925,0.7455615252256393,0.7145906701683998,0.35357036074874826,511.94000625073244,0
sample_002,high,13,870.0,701.0,288.4,438.1,0.4714600443840027,0.7357310801744461,0.6068896427750587,0.7944475412368774,0.7334493771195412,0.2977423382725406,638.259328173118,0
sample_002,high,14,870.0,730.0,288.4,438.1,0.4666909873485565,0.7333453893661499,0.5980589762330055,0.7830103039741516,0.7261540725827218,0.3080584360149872,650.7412465796217,0
sample_002,high,15,870.0,788.0,288.4,438.1,0.46639832854270935,0.7331994920969009,0.5998414903879166,0.7851487696170807,0.727307602763176,0.33154486875836275,678.7404290301263,0
sample_002,high,16,580.0,614.0,288.4,438.1,0.4564007520675659,0.7282008826732635,0.5544726960361004,0.7007953971624374,0.6824930511415005,0.09847842403288143,340.54569443761875,0
sample_002,high,17,266.0,357.0,288.4,438.1,0.4466874599456787,0.7233437150716782,0.566698431968689,0.5877229496836662,0.6377663522958756,0.19391364057229188,84.13661509711454,0
sample_002,high,18,288.0,549.0,288.4,438.1,0.4450722932815552,0.7225355952978134,0.5636864677071571,0.7195788323879242,0.6895830646157264,0.15385870141139238,110.90072136825799,0
sample_002,high,19,266.0,423.0,288.4,438.1,0.43745851516723633,0.7187295705080032,0.5348620936274529,0.574228823184967,0.6241557762026787,0.17419098713768172,27.01425549594139,0
sample_002,high,20,331.0,438.0,288.4,438.1,0.43650707602500916,0.7182539403438568,0.6174507439136505,0.6244105771183968,0.6605559557676316,0.12728904116223047,42.60011737073035,0
sample_002,high,21,870.0,653.0,288.4,438.1,0.43554896116256714,0.7177741825580597,0.5681920945644379,0.7650654017925262,0.706774252653122,0.28311570073028447,620.0327168787144,0
sample_002,high,22,266.0,453.0,288.4,438.1,0.4351450204849243,0.7175717204809189,0.5593528337776661,0.5844041630625725,0.6326609201729299,0.16876759167565317,26.902973813316592,0
sample_002,high,23,914.0,759.0,288.4,438.1,0.42886829376220703,0.7144346833229065,0.5928082689642906,0.6018451079726219,0.6450735703110695,0.34530928165921054,703.1018205068168,0
sample_002,high,24,266.0,501.0,288.4,438.1,0.4256201982498169,0.7128089517354965,0.5587716735899448,0.5813822597265244,0.6294308193027973,0.1654644977026794,66.76952897841946,0
sample_002,high,25,914.0,682.0,288.4,438.1,0.4214257597923279,0.7107135355472565,0.5884567722678185,0.5972054153680801,0.6408589348196984,0.31978117518077886,671.4630071716535,0
sample_002,high,26,325.0,950.0,288.4,438.1,0.42070499062538147,0.7103521376848221,0.6154637187719345,0.6123180612921715,0.6521608233451843,0.3414125070936916,513.2067517092892,0
sample_002,high,27,914.0,730.0,288.4,438.1,0.4173133969306946,0.7086571902036667,0.5820656046271324,0.5921685621142387,0.6367434218525887,0.33488505490690385,690.348441006424,0
sample_002,high,28,870.0,624.0,288.4,438.1,0.4156678318977356,0.7078348249197006,0.5531475767493248,0.7405654788017273,0.6899896368384362,0.2759311508329569,610.5877250649573,0
sample_002,high,29,616.0,719.0,288.4,438.1,0.41216138005256653,0.7060817033052444,0.5960771441459656,0.6049337238073349,0.6436215996742249,0.17523840903181015,431.5397664178818,0
sample_002,high,30,914.0,788.0,288.4,438.1,0.4107195734977722,0.7053595930337906,0.5815588384866714,0.5958090573549271,0.6367792278528215,0.3566090296108611,716.802183311407,0
sample_003,high,1,148.0,545.0,149.2,544.8,0.9054896235466003,0.952745109796524,0.6368459910154343,0.91643887758255,0.8750427931547164,0.25092728030248124,1.2165525060596403,1
sample_003,high,2,197.0,545.0,149.2,544.8,0.8549372553825378,0.9274691939353943,0.6043637841939926,0.8809210658073425,0.8442288607358932,0.21660332407421634,47.800418408210625,0
sample_003,high,3,76.0,545.0,149.2,544.8,0.854184091091156,0.9270922541618347,0.617949403822422,0.8729259669780731,0.8435971692204476,0.30149709783014494,73.20027322353378,0
sample_003,high,4,697.0,541.0,149.2,544.8,0.8065099716186523,0.9032547473907471,0.5314946472644806,0.8050733804702759,0.7896301805973053,0.14228492541376264,547.8131798341475,0
sample_003,high,5,746.0,541.0,149.2,544.8,0.8027439117431641,0.9013717770576477,0.5337033793330193,0.7980373501777649,0.786504326760769,0.17634766797437385,596.8120977326113,0
sample_003,high,6,794.0,541.0,149.2,544.8,0.8014345765113831,0.9007171392440796,0.540107149630785,0.7941267490386963,0.7859589852392674,0.2099011672192415,644.81119717325,0
sample_003,high,7,649.0,541.0,149.2,544.8,0.8009538650512695,0.900476723909378,0.5335720404982567,0.7979549169540405,0.7860870644450189,0.1092748827498799,499.81444556955336,0
sample_003,high,8,764.0,249.0,149.2,544.8,0.7515565752983093,0.8757781684398651,0.5418865606188774,0.7633381485939026,0.7640238389372827,0.257582025770433,682.2585140546066,0
sample_003,high,9,716.0,249.0,149.2,544.8,0.7473857998847961,0.8736930191516876,0.5422573760151863,0.7617475986480713,0.762627722322941,0.2341548632849636,639.3433193519737,0
sample_003,high,10,668.0,249.0,149.2,544.8,0.7445429563522339,0.8722712695598602,0.5358221605420113,0.755461573600769,0.7582575693726541,0.21357083134173543,597.2027126529148,0
sample_003,high,11,173.0,529.0,149.2,544.8,0.7254659533500671,0.8627334237098694,0.5767345726490021,0.7344962358474731,0.7542387783527373,0.232131428290096,28.567113959936503,0
sample_003,high,12,770.0,525.0,149.2,544.8,0.7238264679908752,0.8619128465652466,0.575413204729557,0.7209324985742569,0.7482207790017128,0.19173549488814007,621.1156736067767,0
sample_003,high,13,125.0,529.0,149.2,544.8,0.7217910289764404,0.8608960807323456,0.5897502079606056,0.7325927019119263,0.75534555464983,0.26595676340337726,28.90121104729001,0
sample_003,high,14,722.0,525.0,149.2,544.8,0.72163987159729,0.8608197271823883,0.5795928165316582,0.7218604683876038,0.7489906415343286,0.15796993384818517,573.1421115220901,0
sample_003,high,15,674.0,525.0,149.2,544.8,0.7185837030410767,0.8592916131019592,0.5733112990856171,0.7224157601594925,0.7473452091217041,0.12430004022525495,525.173380894348,0
sample_003,high,16,626.0,525.0,149.2,544.8,0.7025710344314575,0.8512849807739258,0.5662963762879372,0.7129103541374207,0.7389374092221261,0.09083226299063565,477.2109386843517,0
sample_003,high,17,692.0,233.0,149.2,544.8,0.6960915923118591,0.8480454683303833,0.5580477006733418,0.7031493186950684,0.7320874549448491,0.23254354430944754,625.9800955302013,0
sample_003,high,18,100.0,529.0,149.2,544.8,0.6914270520210266,0.8457140326499939,0.5903560966253281,0.7250135838985443,0.7463622659444809,0.2835850842339914,51.67475205552512,0
sample_003,high,19,788.0,233.0,149.2,544.8,0.6898824572563171,0.8449415266513824,0.5630213394761086,0.6994105279445648,0.7303450897336007,0.27769857759808564,710.8337921061434,0
sample_003,high,20,52.0,529.0,149.2,544.8,0.6893951296806335,0.8446981608867645,0.5785831734538078,0.715371385216713,0.7397444531321526,0.317446845944325,98.47578382526335,0
sample_003,high,21,644.0,233.0,149.2,544.8,0.6886992454528809,0.8443496227264404,0.5610780827701092,0.7004698365926743,0.7301434002816678,0.21450524469112636,584.8472279151197,0
sample_003,high,22,220.0,529.0,149.2,544.8,0.6875742077827454,0.8437878489494324,0.5785723701119423,0.7190386801958084,0.7408450856804848,0.19904898894493286,72.54157428674952,0
sample_003,high,23,740.0,233.0,149.2,544.8,0.6843338012695312,0.8421671390533447,0.5578439049422741,0.6895274519920349,0.7242466174066067,0.2538592129508007,668.0298496324846,0
sample_003,high,24,244.0,545.0,149.2,544.8,0.6726536750793457,0.836327463388443,0.5749104395508766,0.7813920378684998,0.7620698884129524,0.18379472244871448,94.8002109702294,0
sample_003,high,25,812.0,249.0,149.2,544.8,0.6490089893341064,0.8245049118995667,0.535440981388092,0.7213721722364426,0.7254390299320221,0.2831474880693805,725.8109120149683,0
sample_003,high,26,148.0,513.0,149.2,544.8,0.6451290845870972,0.8225650489330292,0.569396898150444,0.68496273458004,0.7168904930353166,0.2490712749395241,31.82263345482264,0
sample_003,high,27,620.0,249.0,149.2,544.8,0.6444886922836304,0.8222444355487823,0.5272011179476976,0.7053477913141251,0.7164771143347025,0.19672442654637476,556.0128415783217,0
sample_003,high,28,698.0,381.0,149.2,544.8,0.6430008411407471,0.8214999735355377,0.5494633167982101,0.7288936525583267,0.7300501137971878,0.16334778847599987,572.7232141270335,0
sample_003,high,29,196.0,513.0,149.2,544.8,0.6429089903831482,0.8214548826217651,0.5678356513381004,0.6814800649881363,0.7147411093115807,0.2151569194797137,56.581622458179815,0
sample_003,high,30,765.0,185.0,149.2,544.8,0.6422003507614136,0.8211003243923187,0.5949722677469254,0.7525695264339447,0.7484623938798904,0.29107559155655766,713.2080201455954,0
sample_004,high,1,223.0,669.0,223.7,669.3,0.9027785658836365,0.9513895213603973,0.6481874585151672,0.8990504741668701,0.8698134899139405,0.2294449825121482,0.7615773105863625,1
sample_004,high,2,223.0,708.0,223.7,669.3,0.894808292388916,0.947403758764267,0.6646750420331955,0.8940500020980835,0.8695165127515793,0.24494182982904328,38.70633023163012,0
sample_004,high,3,223.0,631.0,223.7,669.3,0.8663735389709473,0.9331869781017303,0.6133770048618317,0.8582858443260193,0.8392645299434662,0.21666794871415568,38.306396332727466,0
sample_004,high,4,814.0,105.0,223.7,669.3,0.8619746565818787,0.9309877157211304,0.6350707709789276,0.8614737093448639,0.8439987242221834,0.3568059696810018,816.6324632293281,0
sample_004,high,5,223.0,766.0,223.7,669.3,0.8595021963119507,0.929751843214035,0.6113249361515045,0.8520025610923767,0.8349667489528656,0.27155570330965245,96.70253357591004,0
sample_004,high,6,814.0,163.0,223.7,669.3,0.85573410987854,0.9278665781021118,0.6403574794530869,0.8549487888813019,0.8411976426839829,0.32570308564703526,777.6848847701747,0
sample_004,high,7,526.0,456.0,223.7,669.3,0.8518489599227905,0.9259259700775146,0.6345077604055405,0.852107048034668,0.8381147593259812,0.0361386219991853,369.9759181352213,0
sample_004,high,8,526.0,398.0,223.7,669.3,0.8488780856132507,0.9244388043880463,0.6200166940689087,0.847680926322937,0.832851231098175,0.07443117626371357,406.1883553229954,0
sample_004,high,9,526.0,495.0,223.7,669.3,0.8476920127868652,0.923845499753952,0.6475884318351746,0.8489730656147003,0.8386451125144959,0.018721645226849055,348.94953789910653,0
sample_004,high,10,814.0,66.0,223.7,669.3,0.8435958623886108,0.9217974543571472,0.6030265465378761,0.8329035043716431,0.8224856927990913,0.37878225935225635,844.0527116241022,0
sample_004,high,11,799.0,192.0,223.7,669.3,0.8334563970565796,0.9167284667491913,0.6676936447620392,0.840972900390625,0.8366192758083344,0.30353335895746286,747.519484695884,0
sample_004,high,12,799.0,134.0,223.7,669.3,0.8311401605606079,0.915569931268692,0.6567626297473907,0.8332255482673645,0.8308707177639008,0.33418333291772645,785.8219772951122,0
sample_004,high,13,526.0,360.0,223.7,669.3,0.8296759128570557,0.9148389399051666,0.6127920895814896,0.8237042725086212,0.8179757028818131,0.100687635785135,432.49483233906966,0
sample_004,high,14,511.0,427.0,223.7,669.3,0.8282414674758911,0.9141212403774261,0.6154872328042984,0.8423470854759216,0.8256847769021989,0.052201532544552745,375.8331810790527,0
sample_004,high,15,222.0,804.0,223.7,669.3,0.8163133859634399,0.9081569612026215,0.6204844936728477,0.8316709101200104,0.8200280472636223,0.2912902332725901,134.7107271155494,0
sample_004,high,16,425.0,485.0,223.7,669.3,0.8122591972351074,0.9061295986175537,0.6449747383594513,0.7959466278553009,0.8098254382610321,0.054083269131959835,272.92522785554286,0
sample_004,high,17,79.0,669.0,223.7,669.3,0.812113881111145,0.9060570895671844,0.62812939286232,0.7957944571971893,0.8063664972782135,0.32078185734233783,144.70031098791736,0
sample_004,high,18,655.0,76.0,223.7,669.3,0.811535120010376,0.9057670533657074,0.6482564210891724,0.7925480902194977,0.8089773416519166,0.3192185771536487,733.5015882736724,0
sample_004,high,19,727.0,163.0,223.7,669.3,0.8115184307098389,0.9057596027851105,0.6687080562114716,0.803916871547699,0.8176122009754182,0.28731341771661134,713.8981580029465,0
sample_004,high,20,655.0,134.0,223.7,669.3,0.8114221096038818,0.9057109951972961,0.6547168791294098,0.7950548529624939,0.811249715089798,0.2810524862014211,687.4342004875812,0
sample_004,high,21,194.0,669.0,223.7,669.3,0.8112633228302002,0.9056316614151001,0.6417755782604218,0.804863303899765,0.8125531017780304,0.24718110769231535,29.70151511286923,0
sample_004,high,22,727.0,105.0,223.7,669.3,0.8106923699378967,0.9053463041782379,0.6434098780155182,0.7925930917263031,0.80785773396492,0.3221443775700578,756.1384661555051,0
sample_004,high,23,165.0,708.0,223.7,669.3,0.8099481463432312,0.9049738645553589,0.6570703834295273,0.800002932548523,0.8134047955274583,0.27882700730022547,70.3091743657967,0
sample_004,high,24,79.0,708.0,223.7,669.3,0.8096729516983032,0.9048362374305725,0.650750070810318,0.79765784740448,0.8111476480960846,0.3320429189126008,149.7857803664954,0
sample_004,high,25,425.0,427.0,223.7,669.3,0.8095776438713074,0.9047891795635223,0.6460355371236801,0.7947229444980621,0.8090119570493699,0.07400675644831355,315.00949192048165,0
sample_004,high,26,151.0,679.0,223.7,669.3,0.8087485432624817,0.9043740332126617,0.6692771315574646,0.8063594698905945,0.8181488275527955,0.2773463538610162,73.34425676220326,0
sample_004,high,27,396.0,427.0,223.7,669.3,0.8079805970191956,0.9039901494979858,0.645181804895401,0.7926559150218964,0.8076947867870331,0.08984709232913439,297.3156235383536,0
sample_004,high,28,396.0,485.0,223.7,669.3,0.8070654273033142,0.9035326838493347,0.6404560804367065,0.7850234806537628,0.8035136818885804,0.07430006729472054,252.29700751297068,0
sample_004,high,29,497.0,398.0,223.7,669.3,0.8069409132003784,0.9034706354141235,0.6401967406272888,0.8031679093837738,0.8106947660446169,0.07215608082483416,385.09294981861194,0
sample_004,high,30,468.0,456.0,223.7,669.3,0.8068999648094177,0.9034503698348999,0.6479653865098953,0.7923829853534698,0.807926419377327,0.03847076812334269,324.31370615501277,0
sample_005,high,1,690.0,57.0,690.1,56.9,0.8588472604751587,0.9294233620166779,0.7442158758640289,0.8466644585132599,0.859278303384781,0.34084380587007884,0.1414213562373266,1
sample_005,high,2,633.0,57.0,690.1,56.9,0.8342270255088806,0.9171128869056702,0.7350688129663467,0.8215252459049225,0.8424690157175065,0.32706115636070265,57.10008756560714,0
sample_005,high,3,791.0,57.0,690.1,56.9,0.8195421695709229,0.9097707867622375,0.7170926779508591,0.8157652914524078,0.8336329668760301,0.37478660595063956,100.90004955400168,0
sample_005,high,4,402.0,207.0,690.1,56.9,0.8118923306465149,0.9059459567070007,0.6921392977237701,0.7878438532352448,0.8159437835216523,0.21846395583711284,324.8563066957451,0
sample_005,high,5,719.0,57.0,690.1,56.9,0.810836136341095,0.9054177403450012,0.7152788788080215,0.8014035224914551,0.8257842808961868,0.3494352586674676,28.900173009862737,0
sample_005,high,6,395.0,67.0,690.1,56.9,0.808944046497345,0.9044712781906128,0.6936996728181839,0.7898444533348083,0.8164662271738052,0.3150507895562238,295.272789128968,0
sample_005,high,7,352.0,67.0,690.1,56.9,0.8078299760818481,0.9039148688316345,0.7023526579141617,0.7883606851100922,0.817380753159523,0.32356838535308113,338.2508240936007,0
sample_005,high,8,431.0,207.0,690.1,56.9,0.806788444519043,0.9033944606781006,0.6830873489379883,0.7761958539485931,0.8084535956382752,0.2128497122384712,299.43750600083484,0
sample_005,high,9,431.0,120.0,690.1,56.9,0.8057294487953186,0.9028654098510742,0.6759242415428162,0.7734419405460358,0.8057077884674072,0.2730943060556188,266.67287076116315,0
sample_005,high,10,474.0,207.0,690.1,56.9,0.8026370406150818,0.9013186097145081,0.6820176392793655,0.7794595658779144,0.8087147980928422,0.2079963941995149,263.11446178422045,0
sample_005,high,11,697.0,197.0,690.1,56.9,0.8021345734596252,0.901067703962326,0.688889667391777,0.7757904827594757,0.8085212081670762,0.2555562560376873,140.26981143496272,0
sample_005,high,12,359.0,207.0,690.1,56.9,0.8018342852592468,0.9009171426296234,0.6949127018451691,0.7833846211433411,0.8127032458782197,0.2299239004540415,363.53434500745595,0
sample_005,high,13,402.0,120.0,690.1,56.9,0.7999089360237122,0.8999553322792053,0.6765904128551483,0.772450178861618,0.8042802870273591,0.27749234223668223,294.9291779393826,0
sample_005,high,14,359.0,120.0,690.1,56.9,0.7990992069244385,0.8995499014854431,0.6867413818836212,0.7745179235935211,0.80697540640831,0.28660163991156784,337.0590749408774,0
sample_005,high,15,467.0,67.0,690.1,56.9,0.798987627029419,0.899493932723999,0.6917363256216049,0.7904995381832123,0.8143446534872056,0.30706513966909366,223.3285024353139,0
sample_005,high,16,431.0,62.0,690.1,56.9,0.7986839413642883,0.8993426561355591,0.6778078526258469,0.7761906385421753,0.8057748883962632,0.31353229498729474,259.1501881149231,0
sample_005,high,17,474.0,120.0,690.1,56.9,0.7956869602203369,0.8978434205055237,0.6786400228738785,0.767761766910553,0.8019700795412064,0.2693287953413077,225.12401026989548,0
sample_005,high,18,431.0,178.0,690.1,56.9,0.7944204211235046,0.8972103297710419,0.6534811407327652,0.7551626861095428,0.791645434498787,0.2328572524101407,286.00353144672886,0
sample_005,high,19,496.0,67.0,690.1,56.9,0.792986273765564,0.8964939415454865,0.6874229460954666,0.7818890810012817,0.8088377982378007,0.30619030030358574,194.36259928288678,0
sample_005,high,20,402.0,178.0,690.1,56.9,0.7929608821868896,0.8964803218841553,0.6600086838006973,0.7592550814151764,0.7942958980798722,0.238,312.5169115423996,0
sample_005,high,21,654.0,197.0,690.1,56.9,0.7898339033126831,0.894917219877243,0.6735439896583557,0.7675475478172302,0.7996947050094605,0.2403383032310913,144.6762592825789,0
sample_005,high,22,352.0,96.0,690.1,56.9,0.7883123755455017,0.8941563367843628,0.6711684167385101,0.7461712807416916,0.7903647303581238,0.3042367499169027,340.35337518526245,0
sample_005,high,23,474.0,178.0,690.1,56.9,0.7874616384506226,0.8937312066555023,0.6506166607141495,0.7518602311611176,0.7883599072694779,0.2284294201717458,247.71842886632396,0
sample_005,high,24,431.0,91.0,690.1,56.9,0.7871893644332886,0.8935943245887756,0.6657009571790695,0.7559644877910614,0.7929637163877488,0.29329336848964044,261.33430697097543,0
sample_005,high,25,359.0,178.0,690.1,56.9,0.7866858839988708,0.8933423161506653,0.6591960787773132,0.7561416923999786,0.7916328191757203,0.2485608577391058,352.5513012314662,0
sample_005,high,26,395.0,96.0,690.1,56.9,0.7865241765975952,0.8932622969150543,0.6618513911962509,0.7478866875171661,0.7888298720121385,0.295161820024203,297.6790553599632,0
sample_005,high,27,643.0,924.0,690.1,56.9,0.7825920581817627,0.8912974298000336,0.6511804759502411,0.7537577450275421,0.7882581651210785,0.3164055941351227,868.3782701104399,0
sample_005,high,28,690.0,153.0,690.1,56.9,0.7824087738990784,0.8912046253681183,0.6808276325464249,0.772688239812851,0.8017226725816726,0.2797400579109113,96.10005202912222,0
sample_005,high,29,762.0,57.0,690.1,56.9,0.7822379469871521,0.8911184966564178,0.6881000995635986,0.7827388942241669,0.8071629762649537,0.36393199914269697,71.90006954099556,0
sample_005,high,30,460.0,91.0,690.1,56.9,0.7776814103126526,0.8888405561447144,0.6645311862230301,0.7457195520401001,0.7867302805185319,0.29058647594132797,232.6130262904466,0
sample_006,high,1,514.0,904.0,515.3,903.8,0.8982133269309998,0.949106752872467,0.666706308722496,0.9261810481548309,0.8834563821554184,0.28584261403786526,1.3152946437965525,1
sample_006,high,2,800.0,608.0,515.3,903.8,0.8392651081085205,0.9196326434612274,0.60289416462183,0.8591422140598297,0.8320887759327888,0.22545953073667124,410.55052064270967,0
sample_006,high,3,398.0,904.0,515.3,903.8,0.835515022277832,0.917757511138916,0.6542095392942429,0.8719370067119598,0.846719714999199,0.2946353678701863,117.30017050285984,0
sample_006,high,4,369.0,904.0,515.3,903.8,0.8333820700645447,0.9166911840438843,0.6615431755781174,0.8717225193977356,0.8476741164922715,0.30031400233755334,146.30013670533594,0
sample_006,high,5,340.0,904.0,515.3,903.8,0.8313259482383728,0.9156633019447327,0.6591338664293289,0.8724668025970459,0.8470788151025772,0.3072588485300301,175.30011409009404,0
sample_006,high,6,456.0,904.0,515.3,903.8,0.8310565948486328,0.9155282974243164,0.6595700830221176,0.8741919994354248,0.84780213534832,0.28736040089058895,59.30033726716902,0
sample_006,high,7,485.0,904.0,515.3,903.8,0.8272198438644409,0.9136101305484772,0.6508364975452423,0.8656952679157257,0.8418894588947297,0.2858679765206309,30.300660058817154,0
sample_006,high,8,427.0,904.0,515.3,903.8,0.827046275138855,0.9135237336158752,0.6446626633405685,0.866100549697876,0.8407822459936143,0.2902972614407514,88.30022650027571,0
sample_006,high,9,210.0,610.0,515.3,903.8,0.8037519454956055,0.9018764793872833,0.601911872625351,0.8220838904380798,0.8099665224552155,0.2193171219946131,423.7057115498916,0
sample_006,high,10,181.0,610.0,515.3,903.8,0.7971150875091553,0.8985580503940582,0.6048947796225548,0.8294844031333923,0.8121959373354912,0.23860113159832244,445.0560975877085,0
sample_006,high,11,685.0,608.0,515.3,903.8,0.7962472438812256,0.8981234431266785,0.6028941571712494,0.8301273882389069,0.8118791639804841,0.1514744202827659,341.0215975565184,0
sample_006,high,12,771.0,608.0,515.3,903.8,0.7962173819541931,0.8981090784072876,0.6045142859220505,0.829971581697464,0.8121351212263107,0.20628257318542445,390.9988874664479,0
sample_006,high,13,152.0,610.0,515.3,903.8,0.7928581237792969,0.8964293599128723,0.6068750694394112,0.818168044090271,0.8072139754891396,0.25807363290347973,467.23155929367607,0
sample_006,high,14,656.0,608.0,515.3,903.8,0.791780412197113,0.8958903253078461,0.6073351055383682,0.8368133008480072,0.814548471570015,0.13416407864998736,327.5578269557911,0
sample_006,high,15,714.0,608.0,515.3,903.8,0.7893049716949463,0.8946521878242493,0.6029623374342918,0.8332900404930115,0.8117693588137627,0.16949926253526884,356.3415917346725,0
sample_006,high,16,123.0,610.0,515.3,903.8,0.789189875125885,0.8945947885513306,0.5954115241765976,0.8120638430118561,0.8017457574605942,0.27769497654801034,490.12011793028853,0
sample_006,high,17,66.0,610.0,515.3,903.8,0.7838151454925537,0.8919077813625336,0.5822938084602356,0.8200647830963135,0.801247787475586,0.3165880604192141,536.8323108755657,0
sample_006,high,18,94.0,610.0,515.3,903.8,0.7833170890808105,0.8916588723659515,0.5833973959088326,0.8067900836467743,0.7960590615868569,0.2974357073385776,513.6264498641011,0
sample_006,high,19,742.0,608.0,515.3,903.8,0.7807919979095459,0.8903956413269043,0.5867700651288033,0.8136171698570251,0.7989591374993325,0.18738729946290383,372.6801980250628,0
sample_006,high,20,627.0,608.0,515.3,903.8,0.7597753405570984,0.879887729883194,0.585760124027729,0.8020652830600739,0.789933229982853,0.11788341698474812,316.1874918462145,0
sample_006,high,21,224.0,696.0,515.3,903.8,0.7593768239021301,0.8796887397766113,0.6336307525634766,0.7998326420783997,0.7985347032546997,0.23936582880603488,357.8219249850405,0
sample_006,high,22,224.0,754.0,515.3,903.8,0.7592142224311829,0.8796071708202362,0.624747708439827,0.7917427718639374,0.7934895187616349,0.26522820362849797,327.5602692635356,0
sample_006,high,23,800.0,780.0,515.3,903.8,0.7563186287879944,0.8781591653823853,0.635053277015686,0.7865294516086578,0.7928861021995546,0.29017236257093815,310.45213801808484,0
sample_006,high,24,224.0,792.0,515.3,903.8,0.7530927658081055,0.8765456676483154,0.6144438609480858,0.7939174473285675,0.7910740181803704,0.2841126537132762,312.017515533984,0
sample_006,high,25,800.0,665.0,515.3,903.8,0.7512427568435669,0.8756221234798431,0.6338396668434143,0.7844602167606354,0.7908008694648743,0.24210018587353457,371.5905407838041,0
sample_006,high,26,514.0,943.0,515.3,903.8,0.7495397925376892,0.874769777059555,0.5966358035802841,0.7769386768341064,0.7800105422735215,0.3134046904562853,39.221550198838436,0
sample_006,high,27,799.0,200.0,515.3,903.8,0.7488007545471191,0.87440025806427,0.6289598792791367,0.7707159221172333,0.7838384479284287,0.29950041736197963,758.8281294206218,0
sample_006,high,28,800.0,104.0,515.3,903.8,0.7437693476676941,0.8718852996826172,0.6281748563051224,0.7698726952075958,0.7823381692171096,0.3512947480393067,848.9606174611399,0
sample_006,high,29,224.0,638.0,515.3,903.8,0.7410181760787964,0.8705094456672668,0.5674992203712463,0.7675823867321014,0.7687365770339967,0.21819715855161817,394.3416412198944,0
sample_006,high,30,800.0,742.0,515.3,903.8,0.7388321161270142,0.8694155812263489,0.6069582775235176,0.7481790781021118,0.7684295192360878,0.2725472436110848,327.4650057639748,0
sample_007,high,1,300.0,163.0,300.1,162.7,0.9059555530548096,0.9529779851436615,0.6335258185863495,0.9150626957416534,0.8739214360713959,0.2771001623961992,0.3162277660168559,1
sample_007,high,2,300.0,67.0,300.1,162.7,0.8979036808013916,0.9489521384239197,0.6193177700042725,0.9059690833091736,0.8658320426940918,0.33726028523975365,95.7000522465897,0
sample_007,high,3,300.0,115.0,300.1,162.7,0.8853678107261658,0.9426843822002411,0.5945113971829414,0.8901376128196716,0.8520310774445534,0.30677760674469057,47.70010482168775,0
sample_007,high,4,300.0,211.0,300.1,162.7,0.8675561547279358,0.9337790608406067,0.586338609457016,0.8691701292991638,0.8384473979473115,0.24851659904320272,48.300103519557815,0
sample_007,high,5,894.0,357.0,300.1,162.7,0.7591016292572021,0.8795508146286011,0.5615400299429893,0.7597693502902985,0.7680360719561578,0.2963823544005277,624.8757476490825,0
sample_007,high,6,598.0,769.0,300.1,162.7,0.7586266994476318,0.8793139159679413,0.5474553778767586,0.7937844395637512,0.7787304177880288,0.2024413495311667,675.5324566591896,0
sample_007,high,7,599.0,649.0,300.1,162.7,0.7517659068107605,0.8758836090564728,0.5767670422792435,0.7735204696655273,0.7751150399446487,0.12649505919204906,570.8142429897839,0
sample_007,high,8,598.0,721.0,300.1,162.7,0.749066948890686,0.874533623456955,0.5595137923955917,0.7889229953289032,0.7772854059934617,0.170945897874152,632.8058944099682,0
sample_007,high,9,894.0,405.0,300.1,162.7,0.7448657155036926,0.8724329769611359,0.5441921092569828,0.7423897385597229,0.7547675080597401,0.28658419356272946,641.4253658844495,0
sample_007,high,10,894.0,453.0,300.1,162.7,0.7425962090492249,0.8712984025478363,0.5488244518637657,0.7450172454118729,0.7562911495566369,0.280575301835354,661.0531748656836,0
sample_007,high,11,894.0,501.0,300.1,162.7,0.7397148609161377,0.8698575496673584,0.5398502685129642,0.7458663284778595,0.75425960496068,0.2786009691296855,683.4940380135001,0
sample_007,high,12,895.0,947.0,300.1,162.7,0.7256525158882141,0.8628266155719757,0.5552256554365158,0.7400146126747131,0.7521816223859787,0.42180208629166355,984.3944839341593,0
sample_007,high,13,408.0,163.0,300.1,162.7,0.7085437178611755,0.8542720973491669,0.5829381570219994,0.7302077859640121,0.7503795847296715,0.24701518171966674,107.90041705202067,0
sample_007,high,14,444.0,163.0,300.1,162.7,0.701927125453949,0.8509635627269745,0.5823439657688141,0.7347104996442795,0.7507384181022645,0.24156262128069397,143.90031271682489,0
sample_007,high,15,336.0,163.0,300.1,162.7,0.7008935809135437,0.8504469096660614,0.589210107922554,0.709964707493782,0.7420066684484482,0.2650141505655877,35.901253460011645,0
sample_007,high,16,725.0,637.0,300.1,162.7,0.6975355744361877,0.8487676382064819,0.5944843143224716,0.7257541418075562,0.7487055748701097,0.18627130750601392,636.7892115920307,0
sample_007,high,17,653.0,637.0,300.1,162.7,0.6955490708351135,0.8477745652198792,0.5763193145394325,0.7174302935600281,0.7413458064198495,0.1452205219657332,591.1843198191237,0
sample_007,high,18,408.0,67.0,300.1,162.7,0.6946413516998291,0.8473210036754608,0.5788100510835648,0.7234357595443726,0.7440647155046463,0.3130119806013821,144.225171173412,0
sample_007,high,19,408.0,210.0,300.1,162.7,0.6944732069969177,0.847236692905426,0.5770675465464592,0.7035887390375137,0.7357436820864678,0.21513251730038394,117.8121385936101,0
sample_007,high,20,462.0,79.0,300.1,162.7,0.6943045258522034,0.8471518158912659,0.601127952337265,0.7354722768068314,0.753275227546692,0.29890215790455577,182.25613844257754,0
sample_007,high,21,761.0,685.0,300.1,162.7,0.6942761540412903,0.8471379280090332,0.5907836854457855,0.7219370156526566,0.745786714553833,0.2262144999773445,696.5817252842627,0
sample_007,high,22,408.0,115.0,300.1,162.7,0.6942160725593567,0.8471083641052246,0.566911555826664,0.7172450125217438,0.7391236618161201,0.27990087531124297,117.97330206449251,0
sample_007,high,23,761.0,637.0,300.1,162.7,0.6934775710105896,0.8467390537261963,0.5904328599572182,0.7222414761781693,0.7456787839531899,0.2084346420343797,661.3541411377115,0
sample_007,high,24,949.0,935.0,300.1,162.7,0.6934030055999756,0.8467018306255341,0.5856427252292633,0.7259554266929626,0.7461914479732514,0.4420554263890446,1008.721220159465,0
sample_007,high,25,707.0,769.0,300.1,162.7,0.6920289993286133,0.8460150063037872,0.5745591297745705,0.723621129989624,0.7427662804722787,0.24001041644062035,730.1830592392567,0
sample_007,high,26,462.0,127.0,300.1,162.7,0.6918872594833374,0.8459436297416687,0.5708960592746735,0.7295848876237869,0.7443906188011169,0.2651160123417671,165.7893241436251,0
sample_007,high,27,689.0,637.0,300.1,162.7,0.6914091110229492,0.8457046449184418,0.5932711213827133,0.7297040224075317,0.7488176912069321,0.1650605949341029,613.3544652156696,0
sample_007,high,28,707.0,721.0,300.1,162.7,0.6897671818733215,0.844884067773819,0.5704902112483978,0.7185017019510269,0.739452350139618,0.21411445537375562,690.8447727239455,0
sample_007,high,29,671.0,721.0,300.1,162.7,0.6897485256195068,0.8448742032051086,0.572879932820797,0.7193948924541473,0.7402836248278619,0.19758795509848262,670.2728548882163,0
sample_007,high,30,948.0,393.0,300.1,162.7,0.6894637942314148,0.8447319865226746,0.5511643774807453,0.7105081975460052,0.732328949123621,0.3256938746737494,687.6136269737533,0
sample_008,high,1,586.0,289.0,586.9,289.5,0.8463475108146667,0.9231742918491364,0.6002887189388275,0.8958094120025635,0.8476512253284455,0.16111641753713368,1.0295630140986802,1
sample_008,high,2,586.0,328.0,586.9,289.5,0.5595335960388184,0.7797671556472778,0.560809537768364,0.697700172662735,0.703148838877678,0.1359779393872403,38.51051804377604,0
sample_008,high,3,586.0,462.0,586.9,289.5,0.5526700019836426,0.7763354480266571,0.5804497301578522,0.7490426003932953,0.7262411653995513,0.06648308055437865,172.50234781010954,0
sample_008,high,4,586.0,500.0,586.9,289.5,0.5421029329299927,0.771051675081253,0.5631038770079613,0.7308735847473145,0.7133908793330193,0.06081118318204309,210.50192398170617,0
sample_008,high,5,586.0,366.0,586.9,289.5,0.5403203368186951,0.7701599299907684,0.5628050342202187,0.7346063554286957,0.7144675210118294,0.11258774356030055,76.50529393447228,0
sample_008,high,6,759.0,290.0,586.9,289.5,0.5395228266716003,0.7697614431381226,0.538503609597683,0.7446783781051636,0.713476650416851,0.23577637710339006,172.10072632037324,0
sample_008,high,7,586.0,424.0,586.9,289.5,0.5376899838447571,0.7688455283641815,0.5694663375616074,0.7539296746253967,0.7230033487081529,0.08115417426109392,134.50301111871065,0
sample_008,high,8,716.0,290.0,586.9,289.5,0.5213860869407654,0.7606931328773499,0.5492912232875824,0.7241149395704269,0.7037814736366272,0.21302112571292076,129.1009682380423,0
sample_008,high,9,673.0,290.0,586.9,289.5,0.5170680284500122,0.7585336565971375,0.5547813810408115,0.7332306057214737,0.7076619811356069,0.19239152787999786,86.10145178799254,0
sample_008,high,10,629.0,290.0,586.9,289.5,0.4994647204875946,0.7497319430112839,0.5374718084931374,0.7092825919389725,0.69110017567873,0.17427134015666487,42.102969016448256,0
sample_008,high,11,802.0,290.0,586.9,289.5,0.4614541530609131,0.7307274341583252,0.5389449000358582,0.6839108169078827,0.6736442804336548,0.26009998077662366,215.10058112427313,0
sample_008,high,12,303.0,297.0,586.9,289.5,0.45084071159362793,0.7254209518432617,0.5366854295134544,0.7226812541484833,0.6865779682993889,0.20002249873451736,283.99904929418335,0
sample_008,high,13,876.0,130.0,586.9,289.5,0.4419247508049011,0.7209630310535431,0.5346780605614185,0.7123203873634338,0.6802489794790745,0.37301206414806476,330.1803446603083,0
sample_008,high,14,876.0,72.0,586.9,289.5,0.43402472138404846,0.7170124650001526,0.5363041236996651,0.6988900601863861,0.6736218348145485,0.40283991857808726,361.7804030071281,0
sample_008,high,15,876.0,188.0,586.9,289.5,0.4252803921699524,0.7126408517360687,0.5336806923151016,0.705921083688736,0.6741609126329422,0.3454851661070269,306.40016318533515,0
sample_008,high,16,289.0,326.0,586.9,289.5,0.40318581461906433,0.701593279838562,0.534615084528923,0.639454260468483,0.6433420330286026,0.19338691786157614,300.12773947104586,0
sample_008,high,17,289.0,479.0,586.9,289.5,0.3998437821865082,0.6999215334653854,0.5469194389879704,0.6876288950443268,0.664404059201479,0.14993665329064804,353.0646682974664,0
sample_008,high,18,891.0,159.0,586.9,289.5,0.39047443866729736,0.695237323641777,0.5485178008675575,0.6670827865600586,0.6546316042542457,0.3668528315278485,330.9185096062171,0
sample_008,high,19,572.0,395.0,586.9,289.5,0.38822701573371887,0.6941137760877609,0.5352437905967236,0.6330111622810364,0.6378987334668637,0.09002499652874195,106.54698494091701,0
sample_008,high,20,289.0,422.0,586.9,289.5,0.3868366777896881,0.6934182345867157,0.5373364984989166,0.6940633356571198,0.6624599277973175,0.15906759569440912,326.03781989211006,0
sample_008,high,21,303.0,450.0,586.9,289.5,0.3866846561431885,0.6933425664901733,0.5259621310979128,0.6585160791873932,0.6459358844906092,0.14371673528159482,326.1279810135892,0
sample_008,high,22,461.0,288.0,586.9,289.5,0.3866294026374817,0.69331493973732,0.49119581189006567,0.6351126134395599,0.6296101836487651,0.15242211125686456,125.90893534614608,0
sample_008,high,23,891.0,101.0,586.9,289.5,0.38132449984550476,0.6906623840332031,0.5379953309893608,0.6636095643043518,0.6493078455328942,0.39502025264535484,357.7835379108435,0
sample_008,high,24,289.0,383.0,586.9,289.5,0.38032397627830505,0.690161943435669,0.5217381324619055,0.6723515093326569,0.6493530075997115,0.17060187572239643,312.2285380934933,0
sample_008,high,25,318.0,326.0,586.9,289.5,0.37947794795036316,0.6897391378879547,0.5467694401741028,0.5761064663529396,0.6156921297311783,0.17804493814764855,271.3659153246774,0
sample_008,high,26,601.0,395.0,586.9,289.5,0.3769586682319641,0.6884793043136597,0.5333630368113518,0.6442755907773972,0.639774565398693,0.1030194156457898,106.43805710365068,0
sample_008,high,27,404.0,287.0,586.9,289.5,0.37089723348617554,0.6854486018419266,0.5313929505646229,0.6780789196491241,0.651689598709345,0.16520441882710038,182.9170850412831,0
sample_008,high,28,332.0,297.0,586.9,289.5,0.3681403696537018,0.6840706020593643,0.5334549508988857,0.6428034901618958,0.6374406270682813,0.18632364315888628,255.0103135169242,0
sample_008,high,29,615.0,328.0,586.9,289.5,0.36633485555648804,0.6831677258014679,0.5406794808804989,0.5651590600609779,0.6074666105210781,0.14630276825815702,47.66403256125106,0
sample_008,high,30,375.0,287.0,586.9,289.5,0.35490530729293823,0.677452489733696,0.5298398640006781,0.6823475360870361,0.6498879831284285,0.1746339027795004,211.91474700926312,0
sample_009,high,1,779.0,716.0,707.9,706.5,0.905601978302002,0.9528012573719025,0.7203443795442581,0.8858441710472107,0.8795270472764969,0.249496492961324,71.73186181885985,0
sample_009,high,2,707.0,649.0,707.9,706.5,0.9051241278648376,0.9525618255138397,0.6836400628089905,0.8825955390930176,0.870790958404541,0.18034688796871431,57.5070430469173,0
sample_009,high,3,721.0,716.0,707.9,706.5,0.9025960564613342,0.951298177242279,0.7219835817813873,0.8820492327213287,0.8777356803417207,0.21851430159145188,16.182088863926083,0
sample_009,high,4,779.0,678.0,707.9,706.5,0.9024624824523926,0.9512314200401306,0.7433951944112778,0.8817912936210632,0.8818881243467331,0.2340138884767312,76.5993472557045,0
sample_009,high,5,154.0,672.0,707.9,706.5,0.9019924998283386,0.950996458530426,0.7253156900405884,0.8815629780292511,0.8780869126319886,0.273221521846285,554.9733867493106,0
sample_009,high,6,635.0,716.0,707.9,706.5,0.9018474817276001,0.9509239494800568,0.7210778743028641,0.880827933549881,0.876916328072548,0.18011246486570548,73.51639272978508,0
sample_009,high,7,750.0,716.0,707.9,706.5,0.9005611538887024,0.9502808451652527,0.720106452703476,0.8752775192260742,0.874244636297226,0.23361934851377356,43.15854492449904,0
sample_009,high,8,721.0,678.0,707.9,706.5,0.8983912467956543,0.9491962790489197,0.7424622476100922,0.8747420310974121,0.8780677735805512,0.20065517685821113,31.366542684841768,0
sample_009,high,9,750.0,678.0,707.9,706.5,0.8978643417358398,0.9489327073097229,0.7358478605747223,0.8713997602462769,0.8753025591373444,0.21700691233230335,50.839551532247036,0
sample_009,high,10,82.0,643.0,707.9,706.5,0.8971827030181885,0.9485911726951599,0.7059804797172546,0.8849232792854309,0.8746018767356873,0.3123883800655844,629.1129151432198,0
sample_009,high,11,635.0,678.0,707.9,706.5,0.8971415758132935,0.9485709369182587,0.7292662560939789,0.8716641664505005,0.8739472925662994,0.15796993384818517,78.27298384500234,0
sample_009,high,12,707.0,745.0,707.9,706.5,0.8966720700263977,0.9483360648155212,0.6899968981742859,0.8734687864780426,0.8667213201522828,0.2267972662974578,38.51051804377604,0
sample_009,high,13,641.0,403.0,707.9,706.5,0.8955546617507935,0.94777712225914,0.6859446316957474,0.8679917752742767,0.8634964853525162,0.12101652779682617,310.7858748398968,0
sample_009,high,14,678.0,649.0,707.9,706.5,0.8939923048019409,0.9469960927963257,0.6768151819705963,0.8688300848007202,0.8616935074329376,0.16414170707044567,64.80941289658469,0
sample_009,high,15,197.0,643.0,707.9,706.5,0.893527090549469,0.9467630088329315,0.708293616771698,0.8738244473934174,0.8698937058448792,0.2369155967850154,514.8310985167853,0
sample_009,high,16,692.0,716.0,707.9,706.5,0.8933107852935791,0.9466552436351776,0.7144283950328827,0.8744386732578278,0.8713232457637787,0.20435263639111678,18.521878954360954,0
sample_009,high,17,670.0,403.0,707.9,706.5,0.8927302360534668,0.9463649094104767,0.673845112323761,0.8603170216083527,0.857441794872284,0.13839978323682445,305.85725428702847,0
sample_009,high,18,111.0,643.0,707.9,706.5,0.8922607898712158,0.9461303949356079,0.6985838413238525,0.8694849014282227,0.8659628868103028,0.29306142700805915,600.2681567433009,0
sample_009,high,19,736.0,649.0,707.9,706.5,0.8911142945289612,0.9455573856830597,0.6605785936117172,0.8610444664955139,0.8547564595937729,0.19735374331387787,63.998906240653845,0
sample_009,high,20,742.0,374.0,707.9,706.5,0.8897890448570251,0.9448951184749603,0.6757946163415909,0.863209068775177,0.8584005981683731,0.1929248558377069,334.24401266140876,0
sample_009,high,21,765.0,649.0,707.9,706.5,0.8895100951194763,0.9447550177574158,0.6635358184576035,0.861499547958374,0.8552089899778368,0.2149720912118594,81.03493073977421,0
sample_009,high,22,183.0,672.0,707.9,706.5,0.8892603516578674,0.9446300268173218,0.7073932588100433,0.859354704618454,0.8630725443363191,0.25502254802271895,526.0325655318309,0
sample_009,high,23,649.0,649.0,707.9,706.5,0.8887251615524292,0.9443624913692474,0.6827983558177948,0.8656453788280487,0.8605628192424775,0.149,82.31318241934275,0
sample_009,high,24,692.0,678.0,707.9,706.5,0.8886096477508545,0.9443053007125854,0.7255287319421768,0.8633108735084534,0.8681522160768509,0.18513238506539045,32.63525700833378,0
sample_009,high,25,678.0,745.0,707.9,706.5,0.8881430625915527,0.9440721869468689,0.6749158799648285,0.8623918890953064,0.8575688064098358,0.21413663862123172,48.746897337163915,0
sample_009,high,26,713.0,374.0,707.9,706.5,0.8878631591796875,0.9439318478107452,0.6726669669151306,0.8603723347187042,0.856255066394806,0.1749928569970786,332.53911048175974,0
sample_009,high,27,779.0,793.0,707.9,706.5,0.8874252438545227,0.94371297955513,0.6942459791898727,0.8531376123428345,0.8575894325971605,0.28608565151017273,111.97079976493873,0
sample_009,high,28,82.0,701.0,707.9,706.5,0.887316882610321,0.9436580836772919,0.6724255979061127,0.8628104329109192,0.857072526216507,0.3279672239721524,625.9241647356331,0
sample_009,high,29,140.0,643.0,707.9,706.5,0.8872348666191101,0.9436172544956207,0.6860026717185974,0.8640744090080261,0.8602771997451781,0.273906005775704,571.4391131170494,0
sample_009,high,30,125.0,672.0,707.9,706.5,0.8871847987174988,0.9435924291610718,0.7066762745380402,0.8623262643814087,0.8637027323246003,0.29172675571500123,583.92008014796,0
sample_010,high,1,807.0,598.0,807.6,598.1,0.8804859519004822,0.9402435719966888,0.6744958907365799,0.9325759410858154,0.8840269833803178,0.22787386862034006,0.6082762530298481,1
sample_010,high,2,699.0,598.0,807.6,598.1,0.8074786067008972,0.9037394225597382,0.676019087433815,0.8740601241588593,0.8463236361742019,0.15685184092002236,108.60004604050592,0
sample_010,high,3,645.0,598.0,807.6,598.1,0.7863158583641052,0.8931582272052765,0.6647492200136185,0.8483756184577942,0.829563382267952,0.12375176766414288,162.6000307503046,0
sample_010,high,4,812.0,893.0,807.6,598.1,0.7797450423240662,0.8898727297782898,0.6149801835417747,0.8669941127300262,0.8257427737116814,0.3548189679258988,294.9328228597149,0
sample_010,high,5,753.0,598.0,807.6,598.1,0.7693519592285156,0.8846762478351593,0.636712983250618,0.8408216238021851,0.8175417453050614,0.19185020198060776,54.60009157501481,0
sample_010,high,6,229.0,598.0,807.6,598.1,0.7461446523666382,0.8730728030204773,0.5687060207128525,0.8574375510215759,0.8059453457593918,0.20377070446950904,578.6000086415486,0
sample_010,high,7,639.0,893.0,807.6,598.1,0.7439552545547485,0.8719771504402161,0.6267278492450714,0.8307048678398132,0.806418377161026,0.29476261635424533,339.69393577160014,0
sample_010,high,8,704.0,893.0,807.6,598.1,0.7380025386810303,0.8690010905265808,0.6253924369812012,0.8303577601909637,0.8048220276832581,0.31310142126793356,312.5683445264411,0
sample_010,high,9,747.0,893.0,807.6,598.1,0.7362070083618164,0.8681034743785858,0.6267719566822052,0.8272997438907623,0.8035156786441804,0.32822096215811686,301.0620700121488,0
sample_010,high,10,175.0,605.0,807.6,598.1,0.7229857444763184,0.8614928722381592,0.5989958420395851,0.8090087175369263,0.7879998043179512,0.24150569351466644,632.6376292950017,0
sample_010,high,11,132.0,605.0,807.6,598.1,0.7161611318588257,0.8580808043479919,0.6018067970871925,0.801912397146225,0.7843586400151253,0.27060025868428134,675.6352344275718,0
sample_010,high,12,89.0,605.0,807.6,598.1,0.7108500599861145,0.8554250299930573,0.5922507792711258,0.8036646544933319,0.7820860296487808,0.29995499662449365,718.6331261499153,0
sample_010,high,13,807.0,641.0,807.6,598.1,0.6729809641838074,0.8364903628826141,0.6269738525152206,0.7399666905403137,0.7559775918722154,0.23888281646028875,42.904195599032015,0
sample_010,high,14,807.0,684.0,807.6,598.1,0.6659664511680603,0.8329831659793854,0.6122310608625412,0.7326228022575378,0.7486885994672776,0.25308595377855325,85.9020954342791,0
sample_010,high,15,807.0,713.0,807.6,598.1,0.6633303165435791,0.8316652476787567,0.6021421179175377,0.7333590388298035,0.7464381381869316,0.2642139284746359,114.90156656895499,0
sample_010,high,16,806.0,785.0,807.6,598.1,0.6624950766563416,0.8312472999095917,0.6267606765031815,0.7309528291225433,0.7502321869134904,0.2956864893768398,186.90684845665766,0
sample_010,high,17,229.0,770.0,807.6,598.1,0.6512795090675354,0.8256397545337677,0.6136011630296707,0.7359016686677933,0.7473368018865586,0.27050046210681417,603.5955351060841,0
sample_010,high,18,229.0,741.0,807.6,598.1,0.650637686252594,0.8253187537193298,0.6180032789707184,0.7226531952619553,0.7427894353866578,0.2564390765854533,595.9852095480222,0
sample_010,high,19,807.0,742.0,807.6,598.1,0.6488398313522339,0.8244198858737946,0.5817160904407501,0.7234179824590683,0.7354783654212952,0.2764172570589615,143.90125086322215,0
sample_010,high,20,229.0,669.0,807.6,598.1,0.6487656831741333,0.8243829905986786,0.631345808506012,0.7250792384147644,0.7460540533065796,0.22583400983908514,582.9277571020272,0
sample_010,high,21,523.0,189.0,807.6,598.1,0.6459076404571533,0.8229538202285767,0.6117437779903412,0.7295404672622681,0.7433464705944062,0.22051077071199945,498.3572714428877,0
sample_010,high,22,229.0,698.0,807.6,598.1,0.6443957090377808,0.8221980035305023,0.6317331492900848,0.7254719138145447,0.7454145967960358,0.23732361871503643,587.1609404584062,0
sample_010,high,23,523.0,160.0,807.6,598.1,0.6419609189033508,0.8209803700447083,0.6094539612531662,0.7247413992881775,0.7401794999837876,0.24096576520327528,522.4258511980432,0
sample_010,high,24,512.0,66.0,807.6,598.1,0.6355908513069153,0.8177951872348785,0.6269401162862778,0.7189235538244247,0.740075519680977,0.307001628660175,608.6951371581672,0
sample_010,high,25,812.0,936.0,807.6,598.1,0.6329956650733948,0.8164983689785004,0.5856112986803055,0.7107600122690201,0.7280256122350693,0.3791042073098108,337.9286463145733,0
sample_010,high,26,523.0,131.0,807.6,598.1,0.6319820284843445,0.8159910440444946,0.5960816442966461,0.7143639326095581,0.7313583195209503,0.2614287665885298,546.973098058762,0
sample_010,high,27,523.0,102.0,807.6,598.1,0.6318917870521545,0.8159456551074982,0.6014752835035324,0.7049160003662109,0.7286397188901902,0.2818980312098685,571.9373829362792,0
sample_010,high,28,935.0,200.0,807.6,598.1,0.6234053373336792,0.8117028772830963,0.6347966939210892,0.6833894997835159,0.7249962896108628,0.37364756121243453,417.98848070251887,0
sample_010,high,29,229.0,640.0,807.6,598.1,0.6223326325416565,0.8111664056777954,0.5909248068928719,0.7020039707422256,0.7234531119465828,0.21568611452756992,580.1151351240545,0
sample_010,high,30,426.0,124.0,807.6,598.1,0.6216599345207214,0.8108304142951965,0.6360821425914764,0.6820015609264374,0.7243492186069489,0.2709723233099646,608.5962290385967,0
sample_011,high,1,949.0,558.0,950.0,557.5,0.8538477420806885,0.9269237518310547,0.6136264055967331,0.8802671730518341,0.8456016510725022,0.3201288802966705,1.118033988749895,1
sample_011,high,2,913.0,558.0,950.0,557.5,0.7562897801399231,0.8781447410583496,0.5881806761026382,0.8206649422645569,0.7971600085496904,0.2949008307889281,37.003378224156776,0
sample_011,high,3,683.0,844.0,950.0,557.5,0.6612058877944946,0.8306023180484772,0.5801395177841187,0.7836419343948364,0.7617256045341492,0.2755222314079211,391.6264163715211,0
sample_011,high,4,791.0,844.0,950.0,557.5,0.6564731597900391,0.828235924243927,0.585844561457634,0.7905505001544952,0.7646834820508958,0.3186039861646429,327.6633180568127,0
sample_011,high,5,755.0,844.0,950.0,557.5,0.6559266448020935,0.8279632329940796,0.5913388803601265,0.7903893887996674,0.7656088247895241,0.30278787954606107,346.56492898156904,0
sample_011,high,6,719.0,844.0,950.0,557.5,0.6556822061538696,0.8278409242630005,0.5806659385561943,0.7827817797660828,0.7603822693228722,0.2883548161553748,368.0261539619161,0
sample_011,high,7,647.0,844.0,950.0,557.5,0.6496317386627197,0.8248149454593658,0.5803962498903275,0.785203754901886,0.7600867301225662,0.26452315588620967,417.0026978329996,0
sample_011,high,8,680.0,260.0,950.0,557.5,0.6376929879188538,0.8188463151454926,0.5734943002462387,0.7770017087459564,0.7530380696058274,0.21213203435596426,401.7539669997049,0
sample_011,high,9,788.0,260.0,950.0,557.5,0.6329917311668396,0.8164961934089661,0.5590510256588459,0.7759678065776825,0.7487958051264287,0.26508866441249423,338.7480627250878,0
sample_011,high,10,644.0,260.0,950.0,557.5,0.6317516565322876,0.8158757388591766,0.5708380490541458,0.7747007012367249,0.7503981858491898,0.1979090700296477,426.78126716152855,0
sample_011,high,11,716.0,260.0,950.0,557.5,0.6269748210906982,0.8134874403476715,0.5674409940838814,0.7735011577606201,0.748283638060093,0.22831557108528536,378.5,0
sample_011,high,12,752.0,260.0,950.0,557.5,0.6237302422523499,0.8118650913238525,0.5550070740282536,0.7725890874862671,0.7447830863296987,0.24607315985291853,357.36570904327124,0
sample_011,high,13,931.0,522.0,950.0,557.5,0.5486327409744263,0.7743163108825684,0.5995600521564484,0.5984212905168533,0.6690070509910584,0.3051597942062486,40.26474885057648,0
sample_011,high,14,611.0,844.0,950.0,557.5,0.5410591959953308,0.7705293595790863,0.5592934936285019,0.7431864887475967,0.7173450380563736,0.2555944052595831,443.85048158135413,0
sample_011,high,15,665.0,808.0,950.0,557.5,0.5170974731445312,0.758548229932785,0.553051058202982,0.6051977053284645,0.6561085857450962,0.24707185189737824,379.4407068304612,0
sample_011,high,16,824.0,260.0,950.0,557.5,0.5161666870117188,0.7580828666687012,0.5420817360281944,0.7203195542097092,0.6997773155570031,0.2851105048924013,323.0824198250347,0
sample_011,high,17,770.0,128.0,950.0,557.5,0.515011727809906,0.7575060725212097,0.6000717729330063,0.6717581301927567,0.6917200356721878,0.3250261527938944,465.69330035979686,0
sample_011,high,18,949.0,486.0,950.0,557.5,0.5139043927192688,0.7569524645805359,0.5874756872653961,0.6795550733804703,0.6920981526374816,0.31764524236953395,71.50699266505339,0
sample_011,high,19,734.0,128.0,950.0,557.5,0.5135611891746521,0.7567805051803589,0.6017830818891525,0.6708193570375443,0.6913965612649917,0.3107571399018854,480.75591520021885,0
sample_011,high,20,701.0,808.0,950.0,557.5,0.5109893679618835,0.7554945647716522,0.5584409683942795,0.6012073010206223,0.6543689399957657,0.260062492489786,353.2014297819305,0
sample_011,high,21,608.0,260.0,950.0,557.5,0.5103965997695923,0.7551980912685394,0.551323801279068,0.7265789955854416,0.7029755949974061,0.18609674903124984,453.2882636909983,0
sample_011,high,22,827.0,844.0,950.0,557.5,0.5090687274932861,0.7545339167118073,0.5482489392161369,0.7103339284658432,0.6955969259142876,0.33560765783873286,311.787187036286,0
sample_011,high,23,662.0,128.0,950.0,557.5,0.5084332823753357,0.7542164027690887,0.6009335815906525,0.6664331555366516,0.6884465396404267,0.28690416518412554,517.1211173409959,0
sample_011,high,24,737.0,808.0,950.0,557.5,0.5080095529556274,0.754004567861557,0.558306124061346,0.5976708307862282,0.6523313842713833,0.2748026564645982,328.8149175448097,0
sample_011,high,25,698.0,128.0,950.0,557.5,0.5076256990432739,0.7538126409053802,0.6009845659136772,0.6664659678936005,0.6883083567023278,0.2979832210041364,497.9701296262658,0
sample_011,high,26,701.0,761.0,950.0,557.5,0.5074560046195984,0.7537275552749634,0.5718570798635483,0.6756585091352463,0.6861258417367935,0.23293990641364995,321.5793059262365,0
sample_011,high,27,791.0,653.0,950.0,557.5,0.506307065486908,0.7531534433364868,0.5931403860449791,0.6589290499687195,0.6834610745310783,0.23247580519271246,185.47573965346518,0
sample_011,high,28,665.0,713.0,950.0,557.5,0.5056917071342468,0.752845823764801,0.5575978420674801,0.6549821197986603,0.6746507458388806,0.19051771571168913,324.66174705376056,0
sample_011,high,29,755.0,653.0,950.0,557.5,0.5048427581787109,0.7524210214614868,0.5830779522657394,0.6549787372350693,0.6795754939317704,0.2102783869065007,217.12956961224788,0
sample_011,high,30,773.0,713.0,950.0,557.5,0.5047531723976135,0.7523764669895172,0.5604899004101753,0.6532828211784363,0.6743616953492164,0.24484484883288846,235.60401100151074,0
sample_012,high,1,550.0,272.0,550.7,272.0,0.8528714179992676,0.9264362752437592,0.6541947275400162,0.9250631928443909,0.8714387327432633,0.16505150711217392,0.7000000000000455,1
sample_012,high,2,507.0,272.0,550.7,272.0,0.5418667197227478,0.7709333896636963,0.6223970502614975,0.7426911741495132,0.7299292355775834,0.1612963111791463,43.700000000000045,0
sample_012,high,3,378.0,272.0,550.7,272.0,0.5195042490959167,0.7597520649433136,0.6251930296421051,0.7667222917079926,0.7356283485889435,0.18284966502567074,172.70000000000005,0
sample_012,high,4,435.0,272.0,550.7,272.0,0.5152984857559204,0.7576490938663483,0.6074385419487953,0.749264657497406,0.7242532089352608,0.16764396797976358,115.70000000000005,0
sample_012,high,5,464.0,272.0,550.7,272.0,0.5126394033432007,0.7563192248344421,0.6256124973297119,0.7675041258335114,0.7346518397331239,0.1632176461048253,86.70000000000005,0
sample_012,high,6,349.0,272.0,550.7,272.0,0.5003635287284851,0.7501813173294067,0.6212237179279327,0.7637645304203033,0.7298230826854706,0.19337140429753308,201.70000000000005,0
sample_012,high,7,406.0,272.0,550.7,272.0,0.49451884627342224,0.7472592145204544,0.5960040614008904,0.7501068711280823,0.7181472465395928,0.17438463235044535,144.70000000000005,0
sample_012,high,8,551.0,127.0,550.7,272.0,0.4027259945869446,0.7013625204563141,0.602652981877327,0.7063689529895782,0.6836231857538224,0.26620480837129895,145.00031034449546,0
sample_012,high,9,550.0,368.0,550.7,272.0,0.40168026089668274,0.7008402794599533,0.5191907901316881,0.6850493848323822,0.6581940237432718,0.09980981915623331,96.00255204941169,0
sample_012,high,10,550.0,464.0,550.7,272.0,0.3927137553691864,0.6963566243648529,0.507991062477231,0.6694381684064865,0.6479161296039819,0.043566041821583926,192.00127603742638,0
sample_012,high,11,550.0,185.0,550.7,272.0,0.387935072183609,0.6939679235219955,0.5665289014577866,0.6964810341596603,0.6694853633642197,0.2255271602268782,87.00281604637864,0
sample_012,high,12,551.0,99.0,550.7,272.0,0.3844029903411865,0.6922011077404022,0.5556569695472717,0.6927914172410965,0.6651284039020539,0.28583386783234765,173.00026011541138,0
sample_012,high,13,551.0,70.0,550.7,272.0,0.384299635887146,0.692149892449379,0.5788802579045296,0.708493784070015,0.6760335221886635,0.3061870343433895,202.0002227721544,0
sample_012,high,14,550.0,214.0,550.7,272.0,0.38326790928840637,0.6916336566209793,0.5538462921977043,0.699646383523941,0.6672812744975091,0.2052997808084558,58.00422398412033,0
sample_012,high,15,550.0,416.0,550.7,272.0,0.37542295455932617,0.6877117604017258,0.5132537558674812,0.671406090259552,0.6462978914380073,0.06912307863514182,144.00170137883788,0
sample_012,high,16,550.0,156.0,550.7,272.0,0.36918777227401733,0.6845933943986893,0.5653687193989754,0.6910681426525116,0.6633383587002755,0.24580073230159424,116.00211204973813,0
sample_012,high,17,265.0,564.0,550.7,272.0,0.3681526780128479,0.684076264500618,0.5380193553864956,0.7551253736019135,0.6832845263183118,0.17222224014336823,408.51987711738093,0
sample_012,high,18,264.0,853.0,550.7,272.0,0.3563480079174042,0.6781741380691528,0.5365073308348656,0.7386609315872192,0.674035494029522,0.30025405908996466,647.887250993566,0
sample_012,high,19,320.0,272.0,550.7,272.0,0.3279934525489807,0.6639967113733292,0.5669944360852242,0.6474186778068542,0.6379650428891182,0.20540691322348426,230.70000000000005,0
sample_012,high,20,550.0,320.0,550.7,272.0,0.3275609016418457,0.6637805104255676,0.5193157456815243,0.6067428141832352,0.612072478979826,0.13209844813622906,48.00510389531513,0
sample_012,high,21,258.0,469.0,550.7,272.0,0.3211248517036438,0.6605620682239532,0.5578526146709919,0.6699796169996262,0.6437871970236302,0.17251811499086117,352.8204784306036,0
sample_012,high,22,264.0,790.0,550.7,272.0,0.3189823627471924,0.6594910621643066,0.5507853999733925,0.6372648328542709,0.6288594380021095,0.26438229895361753,592.0480470367249,0
sample_012,high,23,261.0,947.0,550.7,272.0,0.3187630772590637,0.6593817323446274,0.5589165166020393,0.6690018028020859,0.6431367173790932,0.35842014452315596,734.5414147616185,0
sample_012,high,24,264.0,719.0,550.7,272.0,0.31767407059669495,0.6588367521762848,0.5569781996309757,0.6464793086051941,0.6335220642387868,0.22765873583062873,531.0422676209494,0
sample_012,high,25,265.0,671.0,550.7,272.0,0.3156570792198181,0.6578285396099091,0.5388257279992104,0.6406779736280441,0.6271677508950234,0.20550669088864235,490.7397375391563,0
sample_012,high,26,264.0,757.0,550.7,272.0,0.3120095133781433,0.6560046374797821,0.5506286285817623,0.6396781355142593,0.6283988349139691,0.24672352948188786,563.4020677988323,0
sample_012,high,27,222.0,564.0,550.7,272.0,0.3088381886482239,0.6544186174869537,0.5348735004663467,0.6517085582017899,0.6294255703687668,0.20171762441591462,439.6677040675151,0
sample_012,high,28,258.0,411.0,550.7,272.0,0.30002593994140625,0.6500125527381897,0.5698609054088593,0.675271674990654,0.6440858721733094,0.18232525880963393,324.0282240793231,0
sample_012,high,29,264.0,638.0,550.7,272.0,0.2970200479030609,0.6485096514225006,0.5352840535342693,0.6302003413438797,0.618540807813406,0.19331321734428816,464.92245589990597,0
sample_012,high,30,258.0,344.0,550.7,272.0,0.2960195243358612,0.6480097621679306,0.5547900646924973,0.6646656692028046,0.6360281854867935,0.2035927307150233,301.4254302476817,0
sample_013,high,1,718.0,236.0,493.7,823.7,0.84898442029953,0.924492210149765,0.6537849456071854,0.8941277861595154,0.8582049876451492,0.24209502266672067,629.0483129299371,0
sample_013,high,2,341.0,824.0,493.7,823.7,0.8488290309906006,0.9244142472743988,0.6543226540088654,0.9001653790473938,0.8606963813304902,0.2552028604855361,152.70029469519696,0
sample_013,high,3,384.0,824.0,493.7,823.7,0.8485799431800842,0.9242900311946869,0.6484860777854919,0.900146484375,0.8594718217849733,0.2433433787880821,109.70041020889575,0
sample_013,high,4,653.0,236.0,493.7,823.7,0.8450208902359009,0.922510415315628,0.6429329961538315,0.8941029906272888,0.8552319616079331,0.21576028364831187,608.9070372396759,0
sample_013,high,5,449.0,824.0,493.7,823.7,0.8438607454299927,0.9219300746917725,0.6490607112646103,0.894363284111023,0.8563294857740402,0.2319234787596978,44.70100670007331,0
sample_013,high,6,492.0,824.0,493.7,823.7,0.8372214436531067,0.9186109304428101,0.6440939605236053,0.8898959159851074,0.8522215306758881,0.22917242417009948,1.7262676501631877,1
sample_013,high,7,783.0,236.0,493.7,823.7,0.8278149366378784,0.9139076173305511,0.6337513327598572,0.8782549798488617,0.8436153054237366,0.27366494112326484,655.0463953034167,0
sample_013,high,8,493.0,651.0,493.7,823.7,0.7333118915557861,0.8666559159755707,0.7016333937644958,0.7359536588191986,0.7813705086708069,0.10688779163215974,172.7014186392226,0
sample_013,high,9,352.0,658.0,493.7,823.7,0.726392388343811,0.8631960451602936,0.6694113165140152,0.7187367975711823,0.7666554003953934,0.15308167754502822,218.02609935510017,0
sample_013,high,10,406.0,651.0,493.7,823.7,0.7224185466766357,0.8612090349197388,0.6775477528572083,0.7288766652345657,0.7715438306331635,0.12577161842005533,193.69197195547372,0
sample_013,high,11,718.0,121.0,493.7,823.7,0.7205049991607666,0.8602524697780609,0.6813464313745499,0.7173293977975845,0.7673020333051682,0.3091641958571529,737.629839418119,0
sample_013,high,12,718.0,63.0,493.7,823.7,0.7202325463294983,0.8601162433624268,0.6775263547897339,0.7285031676292419,0.7709530353546143,0.3453208652832898,793.0794285568124,0
sample_013,high,13,664.0,56.0,493.7,823.7,0.7177138924598694,0.8588567078113556,0.6840019524097443,0.7285086810588837,0.7717465460300446,0.3346879143321431,786.3621176023169,0
sample_013,high,14,471.0,694.0,493.7,823.7,0.7167477011680603,0.8583740592002869,0.6437569260597229,0.7184682041406631,0.7594882905483247,0.1387029199404252,131.671485143899,0
sample_013,high,15,341.0,766.0,493.7,823.7,0.7166726589202881,0.8583364486694336,0.6960867196321487,0.7228073924779892,0.7716748803853989,0.21913123921522462,163.23780199451352,0
sample_013,high,16,352.0,687.0,493.7,823.7,0.7166684865951538,0.858334481716156,0.6598334163427353,0.7119638472795486,0.7600860148668289,0.16863125451706748,196.89027401067838,0
sample_013,high,17,384.0,766.0,493.7,823.7,0.7159721851348877,0.8579865097999573,0.6870371699333191,0.7233383059501648,0.7699373602867127,0.2051974658712919,123.94910245742001,0
sample_013,high,18,718.0,150.0,493.7,823.7,0.7156695127487183,0.8578350841999054,0.6653619110584259,0.735184520483017,0.7702802240848541,0.29156817384618644,710.0578708809586,0
sample_013,high,19,653.0,121.0,493.7,823.7,0.7154890298843384,0.8577450513839722,0.6834665089845657,0.7163879871368408,0.7663465172052384,0.2890069203323685,720.5302075555195,0
sample_013,high,20,352.0,730.0,493.7,823.7,0.7153485417366028,0.857674241065979,0.6561156213283539,0.7250896692276001,0.7643286883831024,0.1933959668659096,169.87813278936167,0
sample_013,high,21,718.0,92.0,493.7,823.7,0.7141543626785278,0.8570769429206848,0.6729374378919601,0.7173154205083847,0.7643444329500197,0.327099373279742,765.3073761567962,0
sample_013,high,22,395.0,730.0,493.7,823.7,0.7134290933609009,0.8567146360874176,0.6553848683834076,0.7226120978593826,0.7628076672554016,0.17878059178781125,136.0932768361465,0
sample_013,high,23,664.0,157.0,493.7,823.7,0.7125067114830017,0.8562533259391785,0.6687994301319122,0.7284304797649384,0.7676334083080292,0.2688354515312294,688.1068085697162,0
sample_013,high,24,664.0,200.0,493.7,823.7,0.7120179533958435,0.8560087978839874,0.6721289753913879,0.7202260941267014,0.7649197518825531,0.2417602117801852,646.5321183050384,0
sample_013,high,25,471.0,766.0,493.7,823.7,0.7103485465049744,0.8551743924617767,0.6757427155971527,0.7166492938995361,0.7638780176639557,0.18920491536955378,62.004677242930676,0
sample_013,high,26,664.0,85.0,493.7,823.7,0.710224986076355,0.8551130890846252,0.673640176653862,0.7100655287504196,0.7607994824647903,0.3155320902855999,758.0763681846308,0
sample_013,high,27,794.0,56.0,493.7,823.7,0.7100057601928711,0.8550025820732117,0.6809924691915512,0.7202986031770706,0.7663189679384232,0.37654481804959156,824.3442120861891,0
sample_013,high,28,406.0,694.0,493.7,823.7,0.7087844610214233,0.8543919026851654,0.6342051178216934,0.7078125029802322,0.7517227858304978,0.15243359209832982,156.56749343334334,0
sample_013,high,29,794.0,157.0,493.7,823.7,0.7081012725830078,0.8540508449077606,0.6559150218963623,0.7249224334955215,0.7627723157405855,0.3194409178549298,731.2106262904008,0
sample_013,high,30,503.0,759.0,493.7,823.7,0.7056472897529602,0.8528237342834473,0.6590312123298645,0.7175166308879852,0.759942388534546,0.18315294155431955,65.36497533082994,0
sample_014,high,1,548.0,151.0,548.6,151.1,0.9048318266868591,0.9524150192737579,0.6508264094591141,0.9318718612194061,0.8838800340890884,0.24910339218886604,0.6082762530298435,1
sample_014,high,2,549.0,79.0,548.6,151.1,0.8635873794555664,0.9317936897277832,0.6073431000113487,0.8792884945869446,0.8459014937281609,0.2997015181810062,72.10110956150396,0
sample_014,high,3,548.0,115.0,548.6,151.1,0.8443317413330078,0.9221660196781158,0.5843343064188957,0.8711901009082794,0.8342093095183374,0.274343762458708,36.104985805287335,0
sample_014,high,4,548.0,187.0,548.6,151.1,0.8391188979148865,0.9195594191551208,0.5941037461161613,0.8638924956321716,0.8322015151381493,0.2239118129978854,35.90501357749361,0
sample_014,high,5,548.0,223.0,548.6,151.1,0.8055084943771362,0.9027538895606995,0.5881031006574631,0.8435116410255432,0.8161268323659898,0.1987875750644391,71.90250343346885,0
sample_014,high,6,845.0,677.0,548.6,151.1,0.7548980116844177,0.8774488270282745,0.5955942720174789,0.807396411895752,0.7930569499731064,0.2741842446239389,603.6752189712611,0
sample_014,high,7,845.0,773.0,548.6,151.1,0.7447240948677063,0.8723617494106293,0.5843954160809517,0.8070870935916901,0.7886586204171182,0.31109001912629725,688.9213090041561,0
sample_014,high,8,245.0,349.0,548.6,151.1,0.7415331602096558,0.8707660138607025,0.5850966647267342,0.7552878558635712,0.7674408808350563,0.20955428890862626,362.4049806501009,0
sample_014,high,9,845.0,725.0,548.6,151.1,0.7193223237991333,0.8596610426902771,0.5867138132452965,0.8014591038227081,0.7817908212542535,0.29124731758421396,645.9211794019452,0
sample_014,high,10,245.0,421.0,548.6,151.1,0.7185731530189514,0.8592866957187653,0.5721936970949173,0.734784409403801,0.75206718146801,0.18876705220985998,406.2252700165267,0
sample_014,high,11,245.0,493.0,548.6,151.1,0.7169556021690369,0.8584778606891632,0.5637365952134132,0.7332141548395157,0.7494241252541542,0.1803801541190161,457.2401666520561,0
sample_014,high,12,827.0,641.0,548.6,151.1,0.7139884829521179,0.8569938838481903,0.5876960381865501,0.759268581867218,0.7640441939234734,0.2518034948129195,563.4789880732022,0
sample_014,high,13,254.0,767.0,548.6,151.1,0.7114607095718384,0.8557301461696625,0.584058903157711,0.8528250753879547,0.8002338692545892,0.2567148223223583,682.7312575237786,0
sample_014,high,14,254.0,695.0,548.6,151.1,0.7097888588905334,0.8548946678638458,0.5666852444410324,0.850750744342804,0.7955952137708664,0.22196959251212767,618.5599162571076,0
sample_014,high,15,236.0,731.0,548.6,151.1,0.7069777250289917,0.8534889817237854,0.5782791823148727,0.7277902513742447,0.7481675297021866,0.24804939024315295,658.7888660261343,0
sample_014,high,16,254.0,647.0,548.6,151.1,0.6991609334945679,0.8495806753635406,0.5579997338354588,0.83645099401474,0.7860126145184041,0.20263884129159443,576.806700723908,0
sample_014,high,17,245.0,457.0,548.6,151.1,0.6871616244316101,0.8435808718204498,0.5629085153341293,0.7146772891283035,0.7358849674463273,0.18285786830213238,430.9846516988743,0
sample_014,high,18,262.0,385.0,548.6,151.1,0.6805455088615417,0.8402725160121918,0.5522357486188412,0.7787687480449677,0.758063655346632,0.18690773124726542,369.9307637923616,0
sample_014,high,19,512.0,151.0,548.6,151.1,0.6301770210266113,0.8150880038738251,0.6015563532710075,0.6957938075065613,0.724663995206356,0.2469261023059328,36.60013661176693,0
sample_014,high,20,218.0,791.0,548.6,151.1,0.6284462213516235,0.8142232596874237,0.5961747616529465,0.7004159390926361,0.7250906318426132,0.2865353381347578,720.2557670716702,0
sample_014,high,21,512.0,103.0,548.6,151.1,0.6202889084815979,0.8101444840431213,0.5704116448760033,0.6797840595245361,0.7100537464022637,0.28084960388079594,60.44145928086119,0
sample_014,high,22,512.0,199.0,548.6,151.1,0.6191495060920715,0.809574544429779,0.5810694918036461,0.6752137392759323,0.7101292118430138,0.21300821580399196,60.28241866415118,0
sample_014,high,23,513.0,55.0,548.6,151.1,0.6168396472930908,0.8084195852279663,0.6057388186454773,0.6706841737031937,0.7127892673015594,0.31479675983084704,102.48204720827937,0
sample_014,high,24,227.0,385.0,548.6,151.1,0.6163662075996399,0.8081830143928528,0.5819907486438751,0.6338806301355362,0.6932236075401307,0.20946837470128993,397.66288486606345,0
sample_014,high,25,218.0,695.0,548.6,151.1,0.6161640286445618,0.8080820739269257,0.5934383720159531,0.6911479234695435,0.7183796733617782,0.2424345272439551,636.4931814245931,0
sample_014,high,26,809.0,677.0,548.6,151.1,0.6121881008148193,0.8060938119888306,0.566295750439167,0.6670290678739548,0.7025083020329475,0.2518034948129195,586.8381122592499,0
sample_014,high,27,809.0,725.0,548.6,151.1,0.611090362071991,0.8055452108383179,0.5590762905776501,0.6623672842979431,0.6989802561700345,0.2702831848265815,630.2137494533105,0
sample_014,high,28,809.0,773.0,548.6,151.1,0.6102872490882874,0.8051437437534332,0.5780671164393425,0.6649918258190155,0.703667651116848,0.29155616954542396,674.2164118441497,0
sample_014,high,29,218.0,647.0,548.6,151.1,0.6059918403625488,0.8029960691928864,0.5753463208675385,0.6798826456069946,0.7082207500934601,0.22486996242273,595.9976258341974,0
sample_014,high,30,476.0,151.0,548.6,151.1,0.5700815916061401,0.7850406169891357,0.6031474843621254,0.7268043756484985,0.7253674939274788,0.24736309344766852,72.60006887049077,0
sample_015,high,1,129.0,546.0,130.1,545.9,0.9102611541748047,0.9551306068897247,0.632353350520134,0.9226275384426117,0.8775739282369615,0.26434541796672023,1.1045361017187225,1
sample_015,high,2,81.0,546.0,130.1,545.9,0.8899003267288208,0.944950520992279,0.6292211264371872,0.8972460627555847,0.8627228587865831,0.2980578802850211,49.100101832888285,0
sample_015,high,3,177.0,546.0,130.1,545.9,0.875468909740448,0.9377346336841583,0.6057254299521446,0.8782277703285217,0.847530047595501,0.23070002167316758,46.900106609686944,0
sample_015,high,4,225.0,546.0,130.1,545.9,0.7831974625587463,0.8915987610816956,0.5911269411444664,0.8421852290630341,0.8117389842867851,0.1971560295806344,94.90005268702437,0
sample_015,high,5,778.0,246.0,130.1,545.9,0.7385884523391724,0.8692943155765533,0.5310332551598549,0.7218669056892395,0.7426711395382881,0.26627053911388693,713.9428688627683,0
sample_015,high,6,730.0,246.0,130.1,545.9,0.730929434299469,0.8654647469520569,0.5235081017017365,0.7044873237609863,0.7326824486255646,0.2422973379961076,670.686230662297,0
sample_015,high,7,682.0,246.0,130.1,545.9,0.7303365468978882,0.8651677668094635,0.5256622210144997,0.7045058310031891,0.733001883327961,0.2209524835796149,628.119112907735,0
sample_015,high,8,466.0,827.0,130.1,545.9,0.7299701571464539,0.8649853467941284,0.5689649730920792,0.7398344129323959,0.7557208985090256,0.23247042822690372,438.00230593000305,0
sample_015,high,9,394.0,843.0,130.1,545.9,0.7273138761520386,0.8636565208435059,0.5649183019995689,0.784276932477951,0.7721570417284966,0.2538552737289497,397.3809507261263,0
sample_015,high,10,485.0,243.0,130.1,545.9,0.7265965938568115,0.8632985353469849,0.5274173226207495,0.7150094360113144,0.7368066530674697,0.1820357107822528,466.5859192045983,0
sample_015,high,11,389.0,243.0,130.1,545.9,0.7256898880004883,0.8628451824188232,0.5278804320842028,0.7129271030426025,0.7358850006014108,0.1979520143873257,398.46909541393546,0
sample_015,high,12,437.0,243.0,130.1,545.9,0.7220453023910522,0.8610230088233948,0.5357213653624058,0.7163132578134537,0.7380787797272206,0.18710692130437076,431.202991640828,0
sample_015,high,13,442.0,843.0,130.1,545.9,0.7166949510574341,0.8583467602729797,0.5610276572406292,0.7818723917007446,0.7682931922376157,0.24598069029905578,430.7551740838408,0
sample_015,high,14,490.0,843.0,130.1,545.9,0.7137452363967896,0.8568728268146515,0.5499787516891956,0.7647348344326019,0.7586388148367406,0.24264068084309356,466.68664004875905,0
sample_015,high,15,370.0,827.0,130.1,545.9,0.7131475806236267,0.8565736711025238,0.5544973164796829,0.7210944890975952,0.7419667273759842,0.2488262445965055,369.5527296611405,0
sample_015,high,16,418.0,827.0,130.1,545.9,0.7091209888458252,0.854560375213623,0.5543796792626381,0.7185056954622269,0.7401023641228677,0.23838309503821783,402.3724891192239,0
sample_015,high,17,634.0,246.0,130.1,545.9,0.699712336063385,0.8498559892177582,0.5258840564638376,0.7036081850528717,0.7265624810010195,0.20306649157357298,586.3916950298665,0
sample_015,high,18,346.0,843.0,130.1,545.9,0.6938906311988831,0.8469448387622833,0.5354757495224476,0.7544415295124054,0.7476496972143651,0.2658618062076612,367.26178674073896,0
sample_015,high,19,201.0,530.0,130.1,545.9,0.6932868957519531,0.846643477678299,0.5460887886583805,0.6688050925731659,0.7153971858322621,0.2124864701575138,72.66099366234954,0
sample_015,high,20,57.0,530.0,130.1,545.9,0.6911051273345947,0.8455529510974884,0.5380863733589649,0.6715224385261536,0.7144474305212498,0.31396576246463564,74.80922403019562,0
sample_015,high,21,341.0,243.0,130.1,545.9,0.6817529201507568,0.8408765494823456,0.5170785021036863,0.6919677257537842,0.7165534105151892,0.21369370603740298,369.08971809033096,0
sample_015,high,22,105.0,530.0,130.1,545.9,0.6758332252502441,0.8379165828227997,0.5392127856612206,0.6601518541574478,0.7070699319243432,0.280111584908586,29.712287020692283,0
sample_015,high,23,153.0,530.0,130.1,545.9,0.6728806495666504,0.8364403545856476,0.52279332280159,0.6525207161903381,0.7001430928707123,0.24628134318295408,27.878665678256546,0
sample_015,high,24,706.0,230.0,130.1,545.9,0.6661034822463989,0.8330519497394562,0.5404901094734669,0.6708420813083649,0.7096556343138218,0.24014162487998617,656.8512921506663,0
sample_015,high,25,365.0,227.0,130.1,545.9,0.6639111042022705,0.831955760717392,0.5668936297297478,0.6797688603401184,0.7180685743689538,0.21535319825811736,396.0747656693115,0
sample_015,high,26,413.0,227.0,130.1,545.9,0.6615795493125916,0.8307898938655853,0.5645928904414177,0.6818528473377228,0.7179756745696069,0.20260552805883653,426.29757212538755,0
sample_015,high,27,461.0,227.0,130.1,545.9,0.6601164937019348,0.8300581276416779,0.5599546693265438,0.6738283187150955,0.7135455124080181,0.195,459.55632951793837,0
sample_015,high,28,754.0,230.0,130.1,545.9,0.6567944884300232,0.8283973932266235,0.5324355885386467,0.6557372510433197,0.7001409754157066,0.26212210894924526,699.3168237644508,0
sample_015,high,29,394.0,811.0,130.1,545.9,0.6534949541091919,0.8267475366592407,0.5399224385619164,0.6778224855661392,0.7098124966025353,0.2323327355324686,374.060449660212,0
sample_015,high,30,658.0,230.0,130.1,545.9,0.6523606181144714,0.8261806666851044,0.5369746126234531,0.6557108461856842,0.7001515276730061,0.2212057865427575,615.2001462938707,0
sample_016,high,1,129.0,546.0,130.1,545.9,0.9096478819847107,0.9548240900039673,0.6493753045797348,0.924846887588501,0.8817434519529342,0.26434541796672023,1.1045361017187225,1
sample_016,high,2,81.0,546.0,130.1,545.9,0.8901569843292236,0.945078581571579,0.6308683454990387,0.8978981673717499,0.8633643686771393,0.2980578802850211,49.100101832888285,0
sample_016,high,3,177.0,546.0,130.1,545.9,0.875546932220459,0.9377735257148743,0.6224867329001427,0.8815975487232208,0.8522457763552667,0.23070002167316758,46.900106609686944,0
sample_016,high,4,225.0,546.0,130.1,545.9,0.7812163233757019,0.8906082808971405,0.5974187031388283,0.8426393270492554,0.8127827838063241,0.1971560295806344,94.90005268702437,0
sample_016,high,5,778.0,246.0,130.1,545.9,0.7368208765983582,0.8684104084968567,0.5286564771085978,0.7135911285877228,0.7385319102555514,0.26627053911388693,713.9428688627683,0
sample_016,high,6,466.0,827.0,130.1,545.9,0.7336006164550781,0.8668003082275391,0.5677704215049744,0.7477314621210098,0.7593667924404145,0.23247042822690372,438.00230593000305,0
sample_016,high,7,394.0,843.0,130.1,545.9,0.733177661895752,0.8665886223316193,0.5677926167845726,0.787489265203476,0.7751896783709527,0.2538552737289497,397.3809507261263,0
sample_016,high,8,682.0,246.0,130.1,545.9,0.7324303388595581,0.8662152886390686,0.5158068407326937,0.7035757005214691,0.731077763810754,0.2209524835796149,628.119112907735,0
sample_016,high,9,730.0,246.0,130.1,545.9,0.7292706966400146,0.8646357953548431,0.5096847023814917,0.7009198367595673,0.7281591933220626,0.2422973379961076,670.686230662297,0
sample_016,high,10,389.0,243.0,130.1,545.9,0.7277208566665649,0.8638601899147034,0.5252790749073029,0.715087428689003,0.7366348624229432,0.1979520143873257,398.46909541393546,0
sample_016,high,11,485.0,243.0,130.1,545.9,0.7254523634910583,0.862726479768753,0.5180353298783302,0.7178220152854919,0.7358264639973641,0.1820357107822528,466.5859192045983,0
sample_016,high,12,437.0,243.0,130.1,545.9,0.721254825592041,0.8606272041797638,0.5322651341557503,0.717441663146019,0.7376805737614631,0.18710692130437076,431.202991640828,0
sample_016,high,13,442.0,843.0,130.1,545.9,0.7181728482246399,0.8590865135192871,0.5586794763803482,0.7811741530895233,0.7678401619195938,0.24598069029905578,430.7551740838408,0
sample_016,high,14,490.0,843.0,130.1,545.9,0.7121108770370483,0.8560557961463928,0.5501138865947723,0.7695308327674866,0.7602574288845063,0.24264068084309356,466.68664004875905,0
sample_016,high,15,418.0,827.0,130.1,545.9,0.7110204100608826,0.8555102944374084,0.554953008890152,0.7177061140537262,0.7402771651744843,0.23838309503821783,402.3724891192239,0
sample_016,high,16,370.0,827.0,130.1,545.9,0.7106124758720398,0.8553062677383423,0.5501059330999851,0.716809555888176,0.7388675160706044,0.2488262445965055,369.5527296611405,0
sample_016,high,17,634.0,246.0,130.1,545.9,0.7034130692481995,0.8517067134380341,0.5197422057390213,0.706280529499054,0.7271433383226396,0.20306649157357298,586.3916950298665,0
sample_016,high,18,346.0,843.0,130.1,545.9,0.6986721754074097,0.8493362963199615,0.5330567881464958,0.7535307705402374,0.7477581843733788,0.2658618062076612,367.26178674073896,0
sample_016,high,19,201.0,530.0,130.1,545.9,0.6918749809265137,0.8459375202655792,0.54625304043293,0.6701400578022003,0.7156816393136978,0.2124864701575138,72.66099366234954,0
sample_016,high,20,57.0,530.0,130.1,545.9,0.6917726993560791,0.845886766910553,0.5406533740460873,0.6682313978672028,0.7137779407203197,0.31396576246463564,74.80922403019562,0
sample_016,high,21,341.0,243.0,130.1,545.9,0.6831039190292358,0.8415516018867493,0.5192746985703707,0.6931424140930176,0.7177325461059809,0.21369370603740298,369.08971809033096,0
sample_016,high,22,105.0,530.0,130.1,545.9,0.6785489320755005,0.8392744064331055,0.5273917373269796,0.655494213104248,0.7033857952803373,0.280111584908586,29.712287020692283,0
sample_016,high,23,153.0,530.0,130.1,545.9,0.6753315925598145,0.8376659750938416,0.5296834632754326,0.6505521386861801,0.7012239381670953,0.24628134318295408,27.878665678256546,0
sample_016,high,24,706.0,230.0,130.1,545.9,0.6676547527313232,0.8338274359703064,0.5388930179178715,0.6680638194084167,0.7085351057350636,0.24014162487998617,656.8512921506663,0
sample_016,high,25,365.0,227.0,130.1,545.9,0.6667870879173279,0.8333938717842102,0.5575226061046124,0.6795616745948792,0.7166867397725583,0.21535319825811736,396.0747656693115,0
sample_016,high,26,413.0,227.0,130.1,545.9,0.6638497710227966,0.8319248259067535,0.548192273825407,0.6789174228906631,0.7139753542840481,0.20260552805883653,426.29757212538755,0
sample_016,high,27,461.0,227.0,130.1,545.9,0.6583480834960938,0.829174131155014,0.550844069570303,0.6712454557418823,0.7103366486728191,0.195,459.55632951793837,0
sample_016,high,28,754.0,230.0,130.1,545.9,0.6570839881896973,0.8285419344902039,0.5356736853718758,0.6575798690319061,0.7015834584832192,0.26212210894924526,699.3168237644508,0
sample_016,high,29,658.0,230.0,130.1,545.9,0.6555874943733215,0.8277937769889832,0.5378320477902889,0.6555402725934982,0.7009000293910503,0.2212057865427575,615.2001462938707,0
sample_016,high,30,394.0,811.0,130.1,545.9,0.6531869769096375,0.8265939950942993,0.5561557598412037,0.6781891733407974,0.7131444193422795,0.2323327355324686,374.060449660212,0
sample_017,high,1,543.0,572.0,543.6,571.6,0.7879467010498047,0.8939739465713501,0.5893430039286613,0.8901496231555939,0.8315180286765099,0.0593000843169721,0.7211102550928041,1
sample_017,high,2,514.0,572.0,543.6,571.6,0.5585589408874512,0.7792797982692719,0.5543012395501137,0.6970789432525635,0.7014037445187569,0.05186520991955976,29.602702579325445,0
sample_017,high,3,427.0,572.0,543.6,571.6,0.5327141284942627,0.766356885433197,0.5611887313425541,0.7415338307619095,0.7153940327465533,0.07250172411743047,116.60068610432789,0
sample_017,high,4,369.0,572.0,543.6,571.6,0.5282700657844543,0.7641351222991943,0.5717119351029396,0.7394468039274216,0.7157751575112343,0.1057000473036791,174.60045818954774,0
sample_017,high,5,456.0,572.0,543.6,571.6,0.5169016122817993,0.7584510445594788,0.5648566335439682,0.7311793863773346,0.7088234990835189,0.059665735560705195,87.60091323724886,0
sample_017,high,6,485.0,572.0,543.6,571.6,0.5164061784744263,0.7582036256790161,0.5596016645431519,0.7438566386699677,0.7127444386482239,0.05200480747007914,58.60136517181151,0
sample_017,high,7,341.0,572.0,543.6,571.6,0.5153515934944153,0.75767582654953,0.5791556239128113,0.7331539243459702,0.7121630251407624,0.12342001458434528,202.6003948663477,0
sample_017,high,8,398.0,572.0,543.6,571.6,0.5130990743637085,0.7565492987632751,0.5653645843267441,0.7271327972412109,0.7065457552671432,0.08828363381737296,145.60054944951276,0
sample_017,high,9,836.0,863.0,543.6,571.6,0.4565559923648834,0.7282789647579193,0.5258948002010584,0.7894660234451294,0.7122769553214312,0.349760632433097,412.80954446330327,0
sample_017,high,10,543.0,649.0,543.6,571.6,0.390145480632782,0.695073276758194,0.5450206361711025,0.7284465879201889,0.6784120731055736,0.10965856099730655,77.40232554645885,0
sample_017,high,11,542.0,739.0,543.6,571.6,0.3843567669391632,0.6921787559986115,0.5476188771426678,0.7225749343633652,0.6754252515733241,0.17158816975537677,167.40764618140952,0
sample_017,high,12,543.0,681.0,543.6,571.6,0.3833826184272766,0.6916920095682144,0.5506538487970829,0.71461321413517,0.6726528592407703,0.13154847015454038,109.40164532583591,0
sample_017,high,13,833.0,279.0,543.6,571.6,0.3785385191440582,0.6892703324556351,0.5607718490064144,0.831042468547821,0.7202794902026655,0.282603963171078,411.54236719929577,0
sample_017,high,14,543.0,610.0,543.6,571.6,0.3775447607040405,0.6887724548578262,0.5539517737925053,0.6329252421855927,0.6394694335758686,0.0835134719671024,38.404687213932604,0
sample_017,high,15,255.0,86.0,543.6,571.6,0.36870047450065613,0.6843507438898087,0.5464370213449001,0.7138405293226242,0.6685639135539532,0.34016246118582805,564.8869975490674,0
sample_017,high,16,543.0,777.0,543.6,571.6,0.36339831352233887,0.6816992461681366,0.5515121333301067,0.7195088118314743,0.6707856498658658,0.1982145302443794,205.40087633698155,0
sample_017,high,17,542.0,713.0,543.6,571.6,0.36265790462493896,0.6813291907310486,0.5622540600597858,0.73088239133358,0.6773354448378086,0.15351384302400875,141.40905204406116,0
sample_017,high,18,255.0,112.0,543.6,571.6,0.3595241904258728,0.6797619163990021,0.5346422605216503,0.6855791062116623,0.6530648611485959,0.3244757309876965,542.6989220553143,0
sample_017,high,19,254.0,201.0,543.6,571.6,0.35626766085624695,0.6781336963176727,0.546275831758976,0.7036420553922653,0.6619654670357704,0.27378549998128093,470.33235057775903,0
sample_017,high,20,826.0,568.0,543.6,571.6,0.34953275322914124,0.6747658103704453,0.5511581413447857,0.752948135137558,0.6813172064721584,0.23547823678633234,282.422945243477,0
sample_017,high,21,736.0,863.0,543.6,571.6,0.34855780005455017,0.6742794513702393,0.5149256074801087,0.6928075402975082,0.6498199181631208,0.3061576391338292,349.1872277160206,0
sample_017,high,22,693.0,863.0,543.6,571.6,0.34698283672332764,0.673491507768631,0.5223504174500704,0.6874403357505798,0.6488428208976984,0.29070431713340616,327.4665173723872,0
sample_017,high,23,650.0,863.0,543.6,571.6,0.34347784519195557,0.6717397272586823,0.5169279277324677,0.6870350986719131,0.6468955159187317,0.2777309849476648,310.2175365771574,0
sample_017,high,24,815.0,849.0,543.6,571.6,0.33760392665863037,0.6688026040792465,0.54651840031147,0.6170943900942802,0.6236624777317047,0.3324349560440358,388.0833930999882,0
sample_017,high,25,255.0,150.0,543.6,571.6,0.328006386756897,0.6640028357505798,0.5470624193549156,0.6934748589992523,0.6524035617709161,0.3020968387785612,510.91733186495054,0
sample_017,high,26,779.0,863.0,543.6,571.6,0.3260219395160675,0.6630115211009979,0.5207487586885691,0.6930295675992966,0.6465661872178317,0.323736003558455,374.6026161147303,0
sample_017,high,27,54.0,208.0,543.6,571.6,0.29684239625930786,0.6484220027923584,0.5357256531715393,0.5524979159235954,0.5875130981206894,0.3769482723133241,609.8468004343387,0
sample_017,high,28,475.0,694.0,543.6,571.6,0.2953583002090454,0.6476800739765167,0.5391883663833141,0.5493089891970158,0.5866332985460758,0.13831305072190403,140.31293596814228,0
sample_017,high,29,121.0,73.0,543.6,571.6,0.2951103448867798,0.6475554257631302,0.5467916950583458,0.5734002739191055,0.5977406188845634,0.4037140076836572,653.599816401443,0
sample_017,high,30,543.0,407.0,543.6,571.6,0.29414165019989014,0.6470715701580048,0.5597842670977116,0.712806448340416,0.6559080608189106,0.07244998274671982,164.60109355651318,0
sample_018,high,1,290.0,423.0,290.2,422.7,0.8893591165542603,0.9446799159049988,0.6129374578595161,0.8966035544872284,0.8591008797287942,0.15815972938773004,0.36055512754640207,1
sample_018,high,2,290.0,375.0,290.2,422.7,0.8768824338912964,0.9384411871433258,0.6104317158460617,0.8750814497470856,0.847495397925377,0.17280769658785455,47.70041928536896,0
sample_018,high,3,289.0,471.0,290.2,422.7,0.8736183643341064,0.9368085563182831,0.5982012823224068,0.8675003945827484,0.841363836824894,0.15060212481900778,48.3149045326595,0
sample_018,high,4,576.0,160.0,290.2,422.7,0.6116551756858826,0.8058269023895264,0.5690150856971741,0.7336355000734329,0.7295879781246186,0.24634934544260512,388.1918726609304,0
sample_018,high,5,576.0,64.0,290.2,422.7,0.6084986329078674,0.8042487800121307,0.5670839920639992,0.7400983273983002,0.7311556413769722,0.3129472799050984,458.63638102531723,0
sample_018,high,6,576.0,112.0,290.2,422.7,0.6045553684234619,0.802277147769928,0.5602201074361801,0.7314312756061554,0.7255273908376694,0.27957110008010483,422.1565231048787,0
sample_018,high,7,272.0,339.0,290.2,422.7,0.6005362868309021,0.8002685010433197,0.5505799055099487,0.6939689368009567,0.7078109562397004,0.19736387714067638,85.65588129253004,0
sample_018,high,8,307.0,507.0,290.2,422.7,0.5989187359809875,0.7994587123394012,0.5496612936258316,0.6917330771684647,0.7064089745283127,0.13656134152826707,85.95772216619052,0
sample_018,high,9,576.0,208.0,290.2,422.7,0.5975891947746277,0.7987943291664124,0.5556314438581467,0.7246118783950806,0.7204887717962265,0.21335416564951337,357.46010966260275,0
sample_018,high,10,271.0,507.0,290.2,422.7,0.5972362160682678,0.7986182570457458,0.5647491291165352,0.6887598931789398,0.7079010859131813,0.16200308639035244,86.45883413509577,0
sample_018,high,11,308.0,338.0,290.2,422.7,0.5957673192024231,0.7978842258453369,0.562337089329958,0.6961340606212616,0.7100747324526311,0.17763445611704953,86.55015886756071,0
sample_018,high,12,611.0,136.0,290.2,422.7,0.5526885986328125,0.7763439416885376,0.5785293132066727,0.6421539783477783,0.6831050306558609,0.26908827547851283,430.24357055045,0
sample_018,high,13,593.0,638.0,290.2,422.7,0.5525164604187012,0.7762579023838043,0.5697703808546066,0.7349794209003448,0.7184490054845811,0.11767115194473111,371.5399440167908,0
sample_018,high,14,611.0,88.0,290.2,422.7,0.5509302020072937,0.7754652202129364,0.5737253502011299,0.644016683101654,0.6825378313660622,0.3017159259966235,463.61269395908477,0
sample_018,high,15,576.0,723.0,290.2,422.7,0.5491195321083069,0.7745595872402191,0.5311121623963118,0.7192700058221817,0.7037542697042227,0.16659081607339582,414.5620942633323,0
sample_018,high,16,576.0,674.0,290.2,422.7,0.5483810901641846,0.7741904258728027,0.5298129376024008,0.7131814509630203,0.7009113382548093,0.13426093996393737,380.56974393664035,0
sample_018,high,17,611.0,184.0,290.2,422.7,0.5481799244880676,0.7740899920463562,0.5773456916213036,0.6432672739028931,0.6824120447039604,0.23683010788326722,399.86288900071736,0
sample_018,high,18,576.0,771.0,290.2,422.7,0.5443721413612366,0.7721861898899078,0.5385877378284931,0.7108219414949417,0.7009208001196385,0.19901884332896722,450.5491427136445,0
sample_018,high,19,611.0,770.0,290.2,422.7,0.5376905202865601,0.768844485282898,0.5548251383006573,0.6537565439939499,0.6800054393708705,0.20642310917142973,472.7895197654026,0
sample_018,high,20,326.0,423.0,290.2,422.7,0.5340825319290161,0.7670411765575409,0.5815070047974586,0.6912208646535873,0.699606217443943,0.13454553132675942,35.80125696117387,0
sample_018,high,21,611.0,723.0,290.2,422.7,0.5327368974685669,0.7663678824901581,0.5612210668623447,0.6511488258838654,0.6792508967220783,0.17613914953808538,439.42317872410877,0
sample_018,high,22,326.0,375.0,290.2,422.7,0.532098650932312,0.7660499513149261,0.5766700953245163,0.6766194552183151,0.6924017816781998,0.15149422431234796,59.64000335345396,0
sample_018,high,23,611.0,674.0,290.2,422.7,0.5286028385162354,0.7643012702465057,0.5432096682488918,0.6442644447088242,0.6720682196319103,0.14594005618746347,407.50991398983166,0
sample_018,high,24,326.0,471.0,290.2,422.7,0.5233168005943298,0.7616579234600067,0.5589814931154251,0.6694841533899307,0.68425312936306,0.12473371637211808,60.12096140282524,0
sample_018,high,25,774.0,735.0,290.2,422.7,0.48661381006240845,0.7433072626590729,0.5494199432432652,0.6753981560468674,0.6773661561310291,0.2552459598113161,575.841757777256,0
sample_018,high,26,774.0,687.0,290.2,422.7,0.4840959906578064,0.7420473694801331,0.5585230365395546,0.6680840104818344,0.675757159292698,0.2345687532473155,551.2866132965682,0
sample_018,high,27,738.0,783.0,290.2,422.7,0.4811725616455078,0.7405858486890793,0.5610852278769016,0.6608867347240448,0.6728060789406299,0.26146988354301914,574.7529295271142,0
sample_018,high,28,398.0,423.0,290.2,422.7,0.48079636693000793,0.7403980642557144,0.5777010694146156,0.6871028691530228,0.686540587246418,0.0903686892679096,107.80041743889493,0
sample_018,high,29,738.0,735.0,290.2,422.7,0.480698823928833,0.7403494715690613,0.5402383357286453,0.6627295911312103,0.6692792922258377,0.23650475682319794,545.94517123975,0
sample_018,high,30,62.0,396.0,290.2,422.7,0.479997843503952,0.7399988174438477,0.5854678675532341,0.6817002594470978,0.685773204267025,0.3183237345847777,229.75667563751003,0
sample_019,high,1,714.0,839.0,715.6,838.9,0.8791797161102295,0.9395905435085297,0.684440940618515,0.9185944199562073,0.8801621735095979,0.2834757485218092,1.6031219541881638,1
sample_019,high,2,657.0,839.0,715.6,838.9,0.8498915433883667,0.9249459803104401,0.6674058884382248,0.8984380662441254,0.8628347963094712,0.2641685068285014,58.60008532416999,0
sample_019,high,3,772.0,839.0,715.6,838.9,0.8489563465118408,0.9244781136512756,0.6668426543474197,0.8962577879428864,0.8616628915071487,0.30733125451213056,56.40008865241257,0
sample_019,high,4,743.0,839.0,715.6,838.9,0.8426909446716309,0.9213456809520721,0.6616356074810028,0.8798179626464844,0.8527925789356232,0.29493219559756445,27.40018248114415,0
sample_019,high,5,686.0,839.0,715.6,838.9,0.8206666111946106,0.9103336036205292,0.6532785147428513,0.8659476935863495,0.8411682218313218,0.2734200065832784,29.600168918436957,0
sample_019,high,6,921.0,549.0,715.6,838.9,0.8116104602813721,0.9058052599430084,0.6133880019187927,0.8612459003925323,0.8294980645179749,0.2997015181810062,355.29026161717405,0
sample_019,high,7,800.0,839.0,715.6,838.9,0.8028354048728943,0.9014179408550262,0.6595478504896164,0.8554850518703461,0.8346707671880722,0.3200945172913775,84.40005924168534,0
sample_019,high,8,628.0,839.0,715.6,838.9,0.8014085292816162,0.9007045030593872,0.64729343354702,0.8509999513626099,0.8301404684782029,0.2562274380311367,87.600057077607,0
sample_019,high,9,950.0,549.0,715.6,838.9,0.8013262748718262,0.9006631970405579,0.6013664975762367,0.8439539968967438,0.818120177090168,0.32007889652396637,372.807416771716,0
sample_019,high,10,370.0,839.0,715.6,838.9,0.7428435683250427,0.8714218139648438,0.5578889437019825,0.8115215301513672,0.7847551263868809,0.2567304033417156,345.6000144675923,0
sample_019,high,11,428.0,839.0,715.6,838.9,0.7374368906021118,0.8687187731266022,0.5468109995126724,0.8039592504501343,0.778433409333229,0.2450561160224327,287.60001738525676,0
sample_019,high,12,399.0,839.0,715.6,838.9,0.7242290377616882,0.8621147871017456,0.5520179383456707,0.7835659682750702,0.7686758898198605,0.2501219702465179,316.6000157927981,0
sample_019,high,13,486.0,839.0,715.6,838.9,0.7185860276222229,0.8592934310436249,0.5388235785067081,0.7959428429603577,0.7698592253029347,0.23991352608804697,229.60002177700247,0
sample_019,high,14,457.0,839.0,715.6,838.9,0.7071095705032349,0.8535553812980652,0.5353984162211418,0.7704558670520782,0.7566841825842858,0.24162988225796905,258.6000193348794,0
sample_019,high,15,342.0,839.0,715.6,838.9,0.7054088115692139,0.8527045845985413,0.5370710715651512,0.7756720781326294,0.7587648794054986,0.2644664439962091,373.60001338329744,0
sample_019,high,16,599.0,839.0,715.6,838.9,0.6729509830474854,0.8364754319190979,0.6154334098100662,0.787708193063736,0.7727601319551469,0.2497218452598811,116.60004288163879,0
sample_019,high,17,514.0,839.0,715.6,838.9,0.6624854207038879,0.8312428593635559,0.5445710457861423,0.7475237250328064,0.7404208429157735,0.23991352608804697,201.60002480158582,0
sample_019,high,18,893.0,549.0,715.6,838.9,0.607422947883606,0.8037115931510925,0.5592817105352879,0.7360855638980865,0.7277752049267292,0.2800446392988089,339.8716963796779,0
sample_019,high,19,313.0,839.0,715.6,838.9,0.6055780649185181,0.8027893900871277,0.5533086992800236,0.7406536638736725,0.7280389614403249,0.27376084453405675,402.60001241927455,0
sample_019,high,20,829.0,839.0,715.6,838.9,0.5967358350753784,0.7983680963516235,0.6260804831981659,0.7874631881713867,0.7595486104488374,0.33403742305316625,113.40004409170216,0
sample_019,high,21,571.0,839.0,715.6,838.9,0.5826103687286377,0.7913055121898651,0.5590405166149139,0.7176008522510529,0.71537064909935,0.24491018761987016,144.6000345781425,0
sample_019,high,22,543.0,839.0,715.6,838.9,0.5745729804039001,0.7872866690158844,0.5416684783995152,0.7212167233228683,0.7117350526154042,0.24162988225796905,172.60002896871137,0
sample_019,high,23,361.0,807.0,715.6,838.9,0.5689802169799805,0.7844901084899902,0.6325404495000839,0.6269284933805466,0.6910755306482316,0.23829603437741048,356.03197890077234,0
sample_019,high,24,457.0,807.0,715.6,838.9,0.5603423714637756,0.780171126127243,0.6251860857009888,0.6226958930492401,0.6861840248107911,0.2192008211663451,260.5601082284086,0
sample_019,high,25,399.0,807.0,715.6,838.9,0.5590474009513855,0.7795240581035614,0.6253021210432053,0.6207942143082619,0.6851877331733705,0.2285278976405288,318.20303266939493,0
sample_019,high,26,950.0,479.0,715.6,838.9,0.5584445595741272,0.7792221009731293,0.634136438369751,0.6436318010091782,0.6959688484668732,0.3185443454214813,429.5013038396973,0
sample_019,high,27,380.0,679.0,715.6,838.9,0.5570332407951355,0.7785169780254364,0.6239968240261078,0.6455101817846298,0.6944102287292481,0.1523827418049695,371.7463785970214,0
sample_019,high,28,342.0,654.0,715.6,838.9,0.5521999597549438,0.776100754737854,0.6167961731553078,0.6580799371004105,0.6970315113663674,0.15601281998605115,416.8512564452697,0
sample_019,high,29,457.0,692.0,715.6,838.9,0.5520567893981934,0.7760287523269653,0.6085039973258972,0.6372340172529221,0.6870059072971344,0.13912763923821894,297.41144900625466,0
sample_019,high,30,921.0,460.0,715.6,838.9,0.5492475628852844,0.7746240496635437,0.6054732799530029,0.6341870278120041,0.6846190869808197,0.2990326069177072,430.99230851605694,0
sample_020,high,1,882.0,881.0,883.0,880.6,0.8294101357460022,0.9147053956985474,0.5938801541924477,0.8952968716621399,0.8427769377827645,0.38150032765385666,1.0770329614268923,1
sample_020,high,2,299.0,308.0,883.0,880.6,0.574612021446228,0.787306398153305,0.5710460990667343,0.7620086669921875,0.733935245871544,0.1965515199635963,817.8794287668568,0
sample_020,high,3,882.0,909.0,883.0,880.6,0.5617386698722839,0.7808694243431091,0.5739464610815048,0.7137396782636642,0.7126329332590103,0.3957303374774292,28.417600180170012,0
sample_020,high,4,925.0,881.0,883.0,880.6,0.5577033162117004,0.7788519859313965,0.5785235017538071,0.7552778422832489,0.7293566316366196,0.40360004955401085,42.00190471871484,0
sample_020,high,5,882.0,938.0,883.0,880.6,0.5405350923538208,0.7702677249908447,0.5926263928413391,0.7502885460853577,0.7267477869987489,0.4109549853694441,57.40871014053527,0
sample_020,high,6,299.0,388.0,883.0,880.6,0.5227885842323303,0.7613939046859741,0.5556726604700089,0.7183097898960114,0.7030160099267959,0.1627037184578152,764.0096596247982,0
sample_020,high,7,299.0,460.0,883.0,880.6,0.5196896195411682,0.7598450779914856,0.5824409648776054,0.7424716651439667,0.717414890229702,0.14491549261552403,719.694629686786,0
sample_020,high,8,299.0,344.0,883.0,880.6,0.5138989090919495,0.7569494247436523,0.5778811648488045,0.735128790140152,0.7124075189232826,0.1799124787222943,793.0924031914567,0
sample_020,high,9,299.0,431.0,883.0,880.6,0.5111817121505737,0.7555911242961884,0.5947997570037842,0.742011159658432,0.7180008649826051,0.1502697574364183,737.0184258212274,0
sample_020,high,10,299.0,503.0,883.0,880.6,0.5041625499725342,0.7520813941955566,0.5840980783104897,0.7445802092552185,0.715484257042408,0.1421442928857856,695.4406948115706,0
sample_020,high,11,320.0,286.0,883.0,880.6,0.469332218170166,0.7346657812595367,0.5523876361548901,0.6737763583660126,0.6738543830811978,0.1977321420508057,818.8517326109776,0
sample_020,high,12,375.0,308.0,883.0,880.6,0.4398556351661682,0.7199283838272095,0.5634288042783737,0.6550423502922058,0.6626740545034409,0.16200154320252633,765.4637548571454,0
sample_020,high,13,418.0,308.0,883.0,880.6,0.43400344252586365,0.717001810669899,0.5779005289077759,0.6634549647569656,0.667762815952301,0.1476279106402309,737.628470166384,0
sample_020,high,14,493.0,300.0,883.0,880.6,0.42954862117767334,0.7147746384143829,0.5465536527335644,0.70610012114048,0.6776606343686581,0.1415079503066877,699.4257358719366,0
sample_020,high,15,461.0,308.0,883.0,880.6,0.4285575747489929,0.7142790406942368,0.571607306599617,0.6650457978248596,0.6660513967275619,0.1385369986682258,711.3049697562924,0
sample_020,high,16,364.0,373.0,883.0,880.6,0.399729460477829,0.6998645663261414,0.5699440464377403,0.5894299149513245,0.6297066017985344,0.13157697366940765,725.9605774420537,0
sample_020,high,17,936.0,917.0,883.0,880.6,0.39912134408950806,0.6995611935853958,0.5572140291333199,0.5689662769436836,0.6188537940382958,0.42660578992789117,64.29587856153766,0
sample_020,high,18,364.0,431.0,883.0,880.6,0.3912227153778076,0.695611372590065,0.5818747505545616,0.6064930409193039,0.63721671551466,0.10783552290409687,686.6594206737427,0
sample_020,high,19,375.0,337.0,883.0,880.6,0.3878696858882904,0.693934977054596,0.5415135100483894,0.5691936984658241,0.6135541722178459,0.14524806367039803,744.0194621110392,0
sample_020,high,20,493.0,431.0,883.0,880.6,0.3856739103794098,0.6928365677595139,0.5907301232218742,0.6051348149776459,0.6373345777392387,0.04904079934095691,595.1807792595457,0
sample_020,high,21,364.0,460.0,883.0,880.6,0.38423219323158264,0.6921162605285645,0.5704046860337257,0.5998795628547668,0.6308792665600778,0.10023971268913333,668.0309573664981,0
sample_020,high,22,493.0,460.0,883.0,880.6,0.38049042224884033,0.6902450025081635,0.5855915993452072,0.6077690944075584,0.6363239586353302,0.028714108030722458,573.5890166312462,0
sample_020,high,23,396.0,395.0,883.0,880.6,0.3793506622314453,0.6896757036447525,0.57111506909132,0.578368104994297,0.6214405372738838,0.10450119616540281,687.7327678684504,0
sample_020,high,24,493.0,373.0,883.0,880.6,0.3782273530960083,0.6891138404607773,0.5642350316047668,0.5889986529946327,0.6240920037031175,0.08993886812718958,640.123238134658,0
sample_020,high,25,364.0,503.0,883.0,880.6,0.37386101484298706,0.686930388212204,0.5887644365429878,0.6104043275117874,0.6366867735981941,0.09618991631143048,641.8276715754782,0
sample_020,high,26,429.0,431.0,883.0,880.6,0.37277427315711975,0.6863873600959778,0.5865096598863602,0.6027806550264359,0.6329691380262376,0.07000714249274856,638.9492624614259,0
sample_020,high,27,461.0,395.0,883.0,880.6,0.3711755573749542,0.6855881959199905,0.557864923030138,0.5862599834799767,0.6203122563660145,0.07920227269466451,643.3438893779904,0
sample_020,high,28,428.0,373.0,883.0,880.6,0.3690914213657379,0.684545710682869,0.5641159936785698,0.5902207642793655,0.6227297887206078,0.10323032500191016,681.6764335078631,0
sample_020,high,29,936.0,946.0,883.0,880.6,0.36908188462257385,0.6845409572124481,0.5588540323078632,0.5814785361289978,0.6181786037981511,0.4410283437603529,84.17933238034142,0
sample_020,high,30,418.0,337.0,883.0,880.6,0.3682146966457367,0.6841073036193848,0.555124644190073,0.5743471011519432,0.6144066907465459,0.12902131606831485,715.3502358984723,0
sample_021,high,1,639.0,722.0,640.4,721.9,0.9346638321876526,0.9673319160938263,0.66997130215168,0.9247421026229858,0.8908238679170608,0.1852093410171312,1.4035668847617988,1
sample_021,high,2,639.0,658.0,640.4,721.9,0.9204304814338684,0.960215151309967,0.6018837541341782,0.8878816664218903,0.8596154779195786,0.14880356178532822,63.91533462323417,0
sample_021,high,3,784.0,722.0,640.4,721.9,0.918874979019165,0.959437370300293,0.6536768674850464,0.8933992087841034,0.871870005130768,0.25489213404889527,143.6000348189373,0
sample_021,high,4,736.0,722.0,640.4,721.9,0.9186691641807556,0.9593346416950226,0.6324313580989838,0.8865329325199127,0.864833301305771,0.2291069619195366,95.60005230124095,0
sample_021,high,5,784.0,658.0,640.4,721.9,0.9128077626228333,0.9564044773578644,0.6033143252134323,0.8702385723590851,0.8513200849294662,0.229804264538324,157.1756024324386,0
sample_021,high,6,736.0,658.0,640.4,721.9,0.9116111397743225,0.9558061063289642,0.5903214663267136,0.8655848503112793,0.8466206759214401,0.2008233054204616,114.98943429724316,0
sample_021,high,7,687.0,722.0,640.4,721.9,0.9113188982009888,0.9556597769260406,0.6407870948314667,0.8851690888404846,0.8644889652729035,0.20524741167673707,46.60010729601384,0
sample_021,high,8,928.0,499.0,640.4,721.9,0.9106339812278748,0.9553171396255493,0.6208950281143188,0.8680154979228973,0.8535120606422425,0.3026425284060388,363.8655933170928,0
sample_021,high,9,462.0,931.0,640.4,721.9,0.9089338183403015,0.9544669687747955,0.6140101775527,0.8690494894981384,0.8522086188197137,0.30594525654110083,274.8624565123436,0
sample_021,high,10,639.0,786.0,640.4,721.9,0.9079204797744751,0.9539598822593689,0.6036563664674759,0.8698652982711792,0.8502613455057144,0.2248521736608299,64.11528678872148,0
sample_021,high,11,760.0,674.0,640.4,721.9,0.9068726897239685,0.9534361362457275,0.6226512119174004,0.8565592765808105,0.8485284075140953,0.22121934815924216,128.835437671473,0
sample_021,high,12,760.0,642.0,640.4,721.9,0.9066065549850464,0.9533027708530426,0.6231130659580231,0.8565084636211395,0.8485471069812776,0.2094803093371785,143.83382773186565,0
sample_021,high,13,486.0,947.0,640.4,721.9,0.9044845104217529,0.952242374420166,0.602512426674366,0.8618237972259521,0.8461289539933206,0.31623171883920814,272.9640452513847,0
sample_021,high,14,639.0,690.0,640.4,721.9,0.9036465883255005,0.9518234729766846,0.6104630082845688,0.8522173762321472,0.8437089413404465,0.16646471097502918,31.93070622457321,0
sample_021,high,15,928.0,403.0,640.4,721.9,0.902933657169342,0.9514672756195068,0.652304008603096,0.8620988726615906,0.8558872610330583,0.3103167736362312,429.4309839776352,0
sample_021,high,16,341.0,947.0,640.4,721.9,0.9028335809707642,0.9514175355434418,0.6093612834811211,0.8597722351551056,0.8463481649756432,0.3354772719574308,374.5802584226777,0
sample_021,high,17,438.0,947.0,640.4,721.9,0.9021104574203491,0.9510554671287537,0.5981690809130669,0.8490457236766815,0.8396742925047874,0.31910264806171695,302.7140069438479,0
sample_021,high,18,760.0,706.0,640.4,721.9,0.9017695784568787,0.9508843719959259,0.6140620410442352,0.8449142277240753,0.8411318480968476,0.23455916098076407,120.65226893846632,0
sample_021,high,19,688.0,658.0,640.4,721.9,0.9012206196784973,0.9506107568740845,0.5783890038728714,0.8475518226623535,0.8349428325891495,0.17364907140552177,79.68042419565799,0
sample_021,high,20,663.0,674.0,640.4,721.9,0.8986577987670898,0.9493288993835449,0.6018017679452896,0.8469701707363129,0.8388799816370012,0.1685897387150238,52.96385559983336,0
sample_021,high,21,390.0,947.0,640.4,721.9,0.8966123461723328,0.9483062922954559,0.5960683077573776,0.8409174084663391,0.8349031418561936,0.32550652835235117,336.70487076964,0
sample_021,high,22,414.0,931.0,640.4,721.9,0.896586537361145,0.9482932090759277,0.6032835990190506,0.846981018781662,0.838766410946846,0.3107708158756224,308.18788100767364,0
sample_021,high,23,663.0,706.0,640.4,721.9,0.8965606093406677,0.9482800662517548,0.5988136827945709,0.8417130708694458,0.8357599914073945,0.18574848586193102,27.632770400377886,0
sample_021,high,24,760.0,738.0,640.4,721.9,0.8959765434265137,0.9479883909225464,0.5911164209246635,0.8418738842010498,0.8341681942343713,0.24924285345822855,120.67878852557315,0
sample_021,high,25,712.0,674.0,640.4,721.9,0.8949686884880066,0.9474842846393585,0.6184230372309685,0.8383618891239166,0.8380230769515038,0.19393297811357407,86.1450520923866,0
sample_021,high,26,711.0,706.0,640.4,721.9,0.8948374390602112,0.9474187195301056,0.6014420166611671,0.8390037417411804,0.8348573878407479,0.20851498747092495,72.3682941625682,0
sample_021,high,27,365.0,931.0,640.4,721.9,0.8946631550788879,0.9473313093185425,0.6121182590723038,0.8509148955345154,0.8417221337556839,0.319363429340305,345.78601764675216,0
sample_021,high,28,639.0,754.0,640.4,721.9,0.894633412361145,0.9473170340061188,0.5926613733172417,0.8478515148162842,0.8365996941924095,0.20474007912472827,32.130515090798056,0
sample_021,high,29,712.0,642.0,640.4,721.9,0.8936001658439636,0.9467997252941132,0.6195483654737473,0.8353473842144012,0.8367685168981552,0.18042727066604983,107.28732450760434,0
sample_021,high,30,663.0,738.0,640.4,721.9,0.8925023674964905,0.9462511241436005,0.5830588340759277,0.8352707326412201,0.8292205095291139,0.2039767143573011,27.74833328328031,0
sample_022,high,1,577.0,882.0,578.3,882.0,0.8885954022407532,0.9442979097366333,0.6279997825622559,0.9227356612682343,0.8724133849143982,0.2755476365349556,1.2999999999999545,1
sample_022,high,2,577.0,930.0,578.3,882.0,0.6226497888565063,0.8113252222537994,0.5563948526978493,0.7466575503349304,0.7344720795750619,0.3088923760794364,48.01760093965545,0
sample_022,high,3,721.0,882.0,578.3,882.0,0.5189077854156494,0.7594540417194366,0.5795441120862961,0.7174824327230453,0.706683412194252,0.31206169261862304,142.70000000000005,0
sample_022,high,4,649.0,882.0,578.3,882.0,0.5157644748687744,0.7578826248645782,0.5730941370129585,0.7207060903310776,0.7060543134808541,0.28993533761858004,70.70000000000005,0
sample_022,high,5,793.0,882.0,578.3,882.0,0.5049639344215393,0.7524823248386383,0.5789678245782852,0.7121467143297195,0.7016451805830002,0.3404210628031115,214.70000000000005,0
sample_022,high,6,757.0,882.0,578.3,882.0,0.4985055923461914,0.7492531090974808,0.5811939612030983,0.7138603031635284,0.7014841571450234,0.3255556788016452,178.70000000000005,0
sample_022,high,7,685.0,882.0,578.3,882.0,0.4974944293498993,0.7487475872039795,0.5724408775568008,0.7146871834993362,0.6998620837926864,0.30012414098169443,106.70000000000005,0
sample_022,high,8,613.0,882.0,578.3,882.0,0.4625140428543091,0.7312572300434113,0.5726354345679283,0.7045415341854095,0.6888465926051139,0.2816851078775731,34.700000000000045,0
sample_022,high,9,776.0,942.0,578.3,882.0,0.39278462529182434,0.696392759680748,0.5230634715408087,0.6029650717973709,0.6243558268994093,0.3684698088039236,206.60418679203966,0
sample_022,high,10,631.0,942.0,578.3,882.0,0.38791796565055847,0.6939590722322464,0.527268897742033,0.6084142774343491,0.6264031194150448,0.32597929382094193,79.8579363620173,0
sample_022,high,11,457.0,882.0,578.3,882.0,0.38577282428741455,0.6928867548704147,0.5271881595253944,0.6261758059263229,0.633062656223774,0.2718207129708845,121.29999999999995,0
sample_022,high,12,667.0,942.0,578.3,882.0,0.3832400143146515,0.6916200369596481,0.5176634062081575,0.6107962429523468,0.6244991932064294,0.334105522253075,107.0873008344127,0
sample_022,high,13,385.0,882.0,578.3,882.0,0.3825313150882721,0.6912661641836166,0.5325219631195068,0.6282166093587875,0.634297502040863,0.28208952479665034,193.29999999999995,0
sample_022,high,14,704.0,942.0,578.3,882.0,0.37798967957496643,0.6889950633049011,0.5296679530292749,0.6071194037795067,0.6243793774396181,0.34422376443238195,139.2856417582229,0
sample_022,high,15,482.0,882.0,578.3,882.0,0.37255504727363586,0.6862776577472687,0.5422660708427429,0.6421875655651093,0.6398393034934997,0.2704144966528237,96.29999999999995,0
sample_022,high,16,577.0,669.0,578.3,882.0,0.37045395374298096,0.6852271854877472,0.5543743371963501,0.6781103014945984,0.6562098622322083,0.1313202193114221,213.00396709920687,0
sample_022,high,17,740.0,942.0,578.3,882.0,0.3665653467178345,0.6832827627658844,0.5278410892933607,0.6069757118821144,0.6216716077178717,0.3556430795052815,172.47286743137315,0
sample_022,high,18,577.0,749.0,578.3,882.0,0.36655086278915405,0.6832758337259293,0.5324501879513264,0.6761192083358765,0.6502480544149876,0.1842959576333675,133.00635323171596,0
sample_022,high,19,337.0,882.0,578.3,882.0,0.35578280687332153,0.6778918355703354,0.5370076075196266,0.6195345595479012,0.62637207955122,0.29367754425560016,241.29999999999995,0
sample_022,high,20,577.0,848.0,578.3,882.0,0.3466417193412781,0.6733209639787674,0.5310269668698311,0.5650155022740364,0.6015399798750878,0.252024800366948,34.02484386444705,0
sample_022,high,21,577.0,716.0,578.3,882.0,0.3461209237575531,0.673059955239296,0.542999017983675,0.6841423511505127,0.6514807261526585,0.16214962226289642,166.00509028340065,0
sample_022,high,22,577.0,589.0,578.3,882.0,0.3453301191329956,0.6726651787757874,0.5117116896435618,0.7537697851657867,0.6729163235053421,0.08321658488546618,293.0028839448513,0
sample_022,high,23,577.0,781.0,578.3,882.0,0.34444230794906616,0.67222099006176,0.518197551369667,0.6594388037919998,0.6363034278154374,0.20602184350209082,101.00836599014956,0
sample_022,high,24,577.0,636.0,578.3,882.0,0.3350522220134735,0.6675256192684174,0.523207314312458,0.6675326377153397,0.6386647656559945,0.11051018052650173,246.00343493536835,0
sample_022,high,25,480.0,589.0,578.3,882.0,0.3342674672603607,0.6671336740255356,0.511300859041512,0.6262693703174591,0.6196213895455003,0.0645019379553824,309.04997977673446,0
sample_022,high,26,408.0,589.0,578.3,882.0,0.3275827467441559,0.6637917160987854,0.5157506838440895,0.6215994134545326,0.6173065885901451,0.09051243008559652,338.89687221926374,0
sample_022,high,27,529.0,882.0,578.3,882.0,0.32539159059524536,0.6626959592103958,0.5332840979099274,0.5833461433649063,0.6050736606121063,0.2708920449182663,49.299999999999955,0
sample_022,high,28,360.0,588.0,578.3,882.0,0.31531479954719543,0.6576577872037888,0.49777224054560065,0.6172720342874527,0.6095263767056167,0.11692732785794772,366.184229589424,0
sample_022,high,29,931.0,894.0,578.3,882.0,0.3084542155265808,0.6542274802923203,0.5009956252761185,0.5584556870162487,0.5852723919786513,0.4129146400892078,352.9040804524652,0
sample_022,high,30,504.0,605.0,578.3,882.0,0.3036091923713684,0.6518048346042633,0.4996507308096625,0.5557553097605705,0.5829542039078661,0.07430006729472054,286.79171884836563,0
sample_023,high,1,692.0,337.0,670.9,337.1,0.8814994096755981,0.9407492280006409,0.7221366465091705,0.884053647518158,0.8743484795093537,0.17809126873600514,21.100236965494034,0
sample_023,high,2,649.0,337.0,670.9,337.1,0.8807274103164673,0.9403640627861023,0.7315197438001633,0.8838845491409302,0.8760033935308458,0.1561569723067145,21.900228309312187,0
sample_023,high,3,757.0,337.0,670.9,337.1,0.8679679036140442,0.9339841902256012,0.724289283156395,0.8669350147247314,0.8652255386114122,0.2151952601708504,86.10005807198974,0
sample_023,high,4,764.0,921.0,670.9,337.1,0.8564780354499817,0.9282388091087341,0.6993134915828705,0.8411741256713867,0.8476278722286225,0.35138084751448817,591.2755871841827,0
sample_023,high,5,670.0,467.0,670.9,337.1,0.8543923497200012,0.9271959364414215,0.7206496745347977,0.8345621526241302,0.8488331705331803,0.12245203142455414,129.90311774549522,0
sample_023,high,6,721.0,921.0,670.9,337.1,0.8456911444664001,0.9228455126285553,0.6867135912179947,0.8305674493312836,0.8387079030275346,0.3362157045707413,586.0454077970409,0
sample_023,high,7,947.0,630.0,670.9,337.1,0.8430995345115662,0.9215496778488159,0.6476447582244873,0.820157915353775,0.8262119889259338,0.3291724472066275,402.5190927148674,0
sample_023,high,8,133.0,922.0,670.9,337.1,0.8410170674324036,0.9205089509487152,0.6553571969270706,0.8242023885250092,0.8289559751749038,0.3954573301887322,794.6347714516398,0
sample_023,high,9,198.0,922.0,670.9,337.1,0.8388099074363708,0.9194051623344421,0.6510834842920303,0.8255239129066467,0.8281883269548416,0.36693868697644844,752.1585072310223,0
sample_023,high,10,746.0,474.0,670.9,337.1,0.8376469016075134,0.9188232421875,0.6834281235933304,0.8084623217582703,0.8275998502969742,0.17491712323268982,156.14614948822785,0
sample_023,high,11,947.0,688.0,670.9,337.1,0.8375594019889832,0.918779581785202,0.6934913843870163,0.8116146624088287,0.8308559745550157,0.3428942985819391,446.4997424411351,0
sample_023,high,12,670.0,496.0,670.9,337.1,0.8349122405052185,0.9174557626247406,0.7001946121454239,0.8048279583454132,0.8289524108171463,0.12024142381059864,158.9025487523721,0
sample_023,high,13,678.0,921.0,670.9,337.1,0.8344521522521973,0.9172255992889404,0.6814334392547607,0.8201151490211487,0.8312229871749879,0.3232065902793444,583.9431650426263,0
sample_023,high,14,638.0,474.0,670.9,337.1,0.8341703414916992,0.9170847535133362,0.6750675588846207,0.8115503489971161,0.8264675527811052,0.09929753269845126,140.7977982782401,0
sample_023,high,15,635.0,921.0,670.9,337.1,0.8335225582122803,0.9167616069316864,0.6835310012102127,0.817024290561676,0.8302205592393874,0.3126227758817326,585.0025811908866,0
sample_023,high,16,638.0,373.0,670.9,337.1,0.8327608108520508,0.9163804948329926,0.6702370643615723,0.8091355264186859,0.824253821372986,0.13261410181424899,48.695174298897385,0
sample_023,high,17,768.0,373.0,670.9,337.1,0.8321086168289185,0.9160538017749786,0.6733929961919785,0.7986420691013336,0.8205569475889205,0.20970574622551474,103.52400687763203,0
sample_023,high,18,692.0,366.0,670.9,337.1,0.8305196762084961,0.9152597188949585,0.6764247715473175,0.7994242608547211,0.8211585462093354,0.16555965692160635,35.78295683701948,0
sample_023,high,19,924.0,930.0,670.9,337.1,0.8301963210105896,0.9150985181331635,0.6879440546035767,0.8067898750305176,0.8263441681861878,0.42701053851163906,644.6627180161731,0
sample_023,high,20,89.0,922.0,670.9,337.1,0.8299513459205627,0.9149760603904724,0.6572900861501694,0.812502384185791,0.8224493950605394,0.41653631294282134,825.0549193841582,0
sample_023,high,21,936.0,753.0,670.9,337.1,0.8293615579605103,0.9146807491779327,0.6510511338710785,0.795329213142395,0.8142142117023469,0.35644424528949825,493.20464312494056,0
sample_023,high,22,936.0,724.0,670.9,337.1,0.8247795701026917,0.9123898148536682,0.6658000499010086,0.7888922691345215,0.8136728435754776,0.3466064050187186,469.0091896754263,0
sample_023,high,23,746.0,503.0,670.9,337.1,0.8232535719871521,0.9116266965866089,0.6982304751873016,0.79459547996521,0.8221349656581879,0.17396120257114803,182.1066171230469,0
sample_023,high,24,947.0,789.0,670.9,337.1,0.8178685903549194,0.9089343547821045,0.6404217034578323,0.7812116742134094,0.8041427522897721,0.37638411231081476,529.5704108048334,0
sample_023,high,25,724.0,373.0,670.9,337.1,0.8170572519302368,0.9085282385349274,0.6581133753061295,0.7864468395709991,0.8096127063035966,0.182078279868852,64.0969578061237,0
sample_023,high,26,638.0,503.0,670.9,337.1,0.8163980841636658,0.908198744058609,0.6910104751586914,0.7973749041557312,0.8204315543174744,0.09760379090998463,169.13077780226754,0
sample_023,high,27,947.0,659.0,670.9,337.1,0.8129602670669556,0.9064800143241882,0.635350838303566,0.7668850719928741,0.7964162021875383,0.3354772719574308,424.08822195387603,0
sample_023,high,28,670.0,438.0,670.9,337.1,0.8120724558830261,0.9060362577438354,0.6370648592710495,0.7608783841133118,0.7941788285970688,0.12795311641378648,100.9040137952896,0
sample_023,high,29,945.0,944.0,670.9,337.1,0.8065932989120483,0.903296947479248,0.6677838116884232,0.7700571417808533,0.8028983980417251,0.44450028121475915,665.9267377121901,0
sample_023,high,30,757.0,438.0,670.9,337.1,0.788183867931366,0.8940921425819397,0.6271049231290817,0.7344621121883392,0.776842686533928,0.18693982989186653,132.64245172643635,0
sample_024,high,1,695.0,284.0,695.3,283.5,0.8623921871185303,0.9311959147453308,0.60451440513134,0.8744683563709259,0.8431685894727707,0.20576807332528532,0.5830951894845067,1
sample_024,high,2,766.0,284.0,695.3,283.5,0.810539722442627,0.9052691757678986,0.5747664645314217,0.8415304720401764,0.8136731520295144,0.24229321080046795,70.70176801183975,0
sample_024,high,3,646.0,284.0,695.3,283.5,0.799945592880249,0.8999722003936768,0.5663525238633156,0.8259998857975006,0.8036593392491341,0.18435292240699627,49.30253543176046,0
sample_024,high,4,816.0,284.0,695.3,283.5,0.6621760129928589,0.8310880064964294,0.5504190325737,0.7538105547428131,0.744043231010437,0.2706584563615185,120.70103562107498,0
sample_024,high,5,488.0,579.0,695.3,283.5,0.6029316782951355,0.8014658093452454,0.5328140631318092,0.7495489567518234,0.7269687190651895,0.05650221234606659,360.96196475529104,0
sample_024,high,6,368.0,596.0,695.3,283.5,0.5994853973388672,0.7997423708438873,0.5546093434095383,0.6312256008386612,0.6833090573549271,0.11541230437002807,452.5279438885515,0
sample_024,high,7,345.0,579.0,695.3,283.5,0.5984504818916321,0.7992248237133026,0.5319006964564323,0.7427950948476791,0.7231881067156791,0.12301625908797584,458.2906719539467,0
sample_024,high,8,393.0,579.0,695.3,283.5,0.5983935594558716,0.7991971075534821,0.5372202508151531,0.743420884013176,0.7244912467896938,0.09404786015641184,422.73578036404723,0
sample_024,high,9,440.0,579.0,695.3,283.5,0.5967060327529907,0.7983524203300476,0.5339514799416065,0.7497229129076004,0.7260204292833805,0.07014627573863064,390.51035837734184,0
sample_024,high,10,718.0,299.0,695.3,283.5,0.589195728302002,0.7945979535579681,0.5107612386345863,0.6610378175973892,0.6844065561890602,0.20967236346261756,27.48708787776548,0
sample_024,high,11,464.0,596.0,695.3,283.5,0.5866723656654358,0.7933357954025269,0.5463597774505615,0.6284482777118683,0.6779855847358705,0.07249827584156743,388.7877827298589,0
sample_024,high,12,416.0,596.0,695.3,283.5,0.5846555233001709,0.7923275828361511,0.5550456717610359,0.6326085925102234,0.680983604490757,0.09019977827023745,419.12377646704795,0
sample_024,high,13,433.0,295.0,695.3,283.5,0.5837157964706421,0.7918584048748016,0.5473961494863033,0.6688049286603928,0.6937445633113385,0.1525024589965683,262.5519758066962,0
sample_024,high,14,481.0,295.0,695.3,283.5,0.5830197334289551,0.7915104329586029,0.5436658300459385,0.6689153015613556,0.6929034598171712,0.14557815770231466,214.60834093762523,0
sample_024,high,15,385.0,295.0,695.3,283.5,0.5807808637619019,0.7903915345668793,0.5388787165284157,0.6653203666210175,0.6900605037808418,0.1662077013859466,310.5130271019236,0
sample_024,high,16,337.0,295.0,695.3,283.5,0.5664288997650146,0.783215194940567,0.5444817654788494,0.6617435365915298,0.6868798457086087,0.1851944923587092,358.4845045465703,0
sample_024,high,17,671.0,299.0,695.3,283.5,0.5630732178688049,0.7815364301204681,0.532666951417923,0.6771855354309082,0.6900221765041352,0.1866038584810078,28.822560607968157,0
sample_024,high,18,512.0,596.0,695.3,283.5,0.5596383213996887,0.7798190414905548,0.5395865961909294,0.6095186397433281,0.6636523917317391,0.06841052550594827,362.2915124592349,0
sample_024,high,19,457.0,311.0,695.3,283.5,0.5574681162834167,0.7787344753742218,0.5475132800638676,0.5754702538251877,0.6511845476925373,0.13705838172107535,239.88151241811025,0
sample_024,high,20,361.0,311.0,695.3,283.5,0.5514703392982483,0.7757357954978943,0.5422348976135254,0.5654963552951813,0.6449398398399354,0.16589454481688057,335.42918775801246,0
sample_024,high,21,409.0,311.0,695.3,283.5,0.5506797432899475,0.7753403186798096,0.5396922640502453,0.5690212920308113,0.6456830970942975,0.14832734070291964,287.61769764741524,0
sample_024,high,22,790.0,299.0,695.3,283.5,0.5477548837661743,0.7738775014877319,0.5158463194966316,0.6529233902692795,0.673889620602131,0.24950050100150098,95.96009587323269,0
sample_024,high,23,743.0,299.0,695.3,283.5,0.5451661944389343,0.772583544254303,0.5200741365551949,0.6616540402173996,0.6777098610997201,0.22299103120977756,50.155159256052656,0
sample_024,high,24,505.0,311.0,695.3,283.5,0.5406605005264282,0.7703306972980499,0.5421030819416046,0.5684163644909859,0.6439194411039353,0.1336899397860587,192.2767276609418,0
sample_024,high,25,695.0,411.0,695.3,283.5,0.5338325500488281,0.7669171094894409,0.5509724505245686,0.6789905577898026,0.6885575570166111,0.15156846637740978,127.50035294068797,0
sample_024,high,26,409.0,279.0,695.3,283.5,0.5318781733512878,0.7659397125244141,0.5188808813691139,0.7186747789382935,0.6976219728589058,0.16899999999999998,286.33536281779794,0
sample_024,high,27,791.0,411.0,695.3,283.5,0.5316870808601379,0.7658440470695496,0.5417209416627884,0.6798027902841568,0.6866029232740403,0.215176671598015,159.42001129092924,0
sample_024,high,28,743.0,411.0,695.3,283.5,0.5305521488189697,0.7652766108512878,0.5334329269826412,0.6763695329427719,0.6833450429141522,0.18298907071188705,136.13059905840421,0
sample_024,high,29,647.0,411.0,695.3,283.5,0.5289332866668701,0.7644672393798828,0.5454533845186234,0.6730957925319672,0.6841158896684647,0.12151131634543343,136.34199646477234,0
sample_024,high,30,458.0,279.0,695.3,283.5,0.527474582195282,0.7637374103069305,0.5239438563585281,0.7168717831373215,0.6970324486494064,0.15906759569440912,237.34266367427492,0
sample_025,high,1,438.0,876.0,439.7,875.5,0.8366541862487793,0.9183273315429688,0.6190992817282677,0.8632994592189789,0.8364705726504327,0.269462427807663,1.772004514666924,1
sample_025,high,2,342.0,875.0,439.7,875.5,0.8159820437431335,0.9079911410808563,0.5782814919948578,0.8631674349308014,0.8241197288036347,0.2877403343294089,97.70127941843954,0
sample_025,high,3,486.0,876.0,439.7,875.5,0.7991676330566406,0.8995838165283203,0.6018593683838844,0.8269438743591309,0.8109829500317574,0.26605638500137524,46.30269970530877,0
sample_025,high,4,391.0,875.0,439.7,875.5,0.7959989309310913,0.8979997038841248,0.5697261765599251,0.8413874506950378,0.8097000971436501,0.27613945752101415,48.70256666747656,0
sample_025,high,5,515.0,876.0,439.7,875.5,0.6633830666542053,0.8316910564899445,0.6038156747817993,0.7887704074382782,0.7689477205276489,0.2660836334688776,75.30166000826279,0
sample_025,high,6,467.0,895.0,439.7,875.5,0.5298160314559937,0.7649085819721222,0.61289431899786,0.7162550687789917,0.7150443241000176,0.28028021692584726,33.549068541466255,0
sample_025,high,7,111.0,165.0,439.7,875.5,0.48812001943588257,0.7440604120492935,0.6256094425916672,0.6559653729200363,0.6851322025060654,0.363005509600061,782.8498834387088,0
sample_025,high,8,188.0,62.0,439.7,875.5,0.4854092299938202,0.742705225944519,0.5890865549445152,0.6532529294490814,0.6762005731463432,0.3802551774795446,851.5486715390965,0
sample_025,high,9,82.0,184.0,439.7,875.5,0.4814816117286682,0.7407413125038147,0.5923458710312843,0.64950130879879,0.6745662227272987,0.37052665221276593,778.5380787090636,0
sample_025,high,10,188.0,165.0,439.7,875.5,0.48002010583877563,0.7400102019309998,0.6156285479664803,0.6403336822986603,0.6752632632851601,0.3237043404095781,753.7659716384125,0
sample_025,high,11,140.0,171.0,439.7,875.5,0.47954061627388,0.7397704124450684,0.5859851241111755,0.6476311534643173,0.6721576511859895,0.3448485174681776,765.5980276881596,0
sample_025,high,12,92.0,62.0,439.7,875.5,0.47929859161376953,0.7396494299173355,0.5883074775338173,0.6441498249769211,0.6711811974644661,0.423265873890159,884.6906464974071,0
sample_025,high,13,54.0,165.0,439.7,875.5,0.47759369015693665,0.7387973219156265,0.6141920015215874,0.6407424956560135,0.6746543273329735,0.39442426395950847,808.439694720639,0
sample_025,high,14,111.0,139.0,439.7,875.5,0.4761340022087097,0.7380664944648743,0.6177197843790054,0.6551229655742645,0.6808197408914567,0.3752612423365887,806.5208862763567,0
sample_025,high,15,294.0,876.0,439.7,875.5,0.4759579300880432,0.7379793077707291,0.5626109763979912,0.7100920081138611,0.6917507216334342,0.30316002374983414,145.7008579247219,0
sample_025,high,16,188.0,139.0,439.7,875.5,0.4757465422153473,0.7378735989332199,0.6178685575723648,0.6566610783338547,0.6813875824213028,0.3373907230497009,778.3220027726314,0
sample_025,high,17,54.0,62.0,439.7,875.5,0.47529545426368713,0.7376476228237152,0.585615947842598,0.630003809928894,0.6641837626695632,0.44201809917694546,900.3036932057981,0
sample_025,high,18,150.0,62.0,439.7,875.5,0.47413939237594604,0.7370700240135193,0.5768379867076874,0.6450368762016296,0.668210357427597,0.39644924013043586,863.5440579379838,0
sample_025,high,19,140.0,107.0,439.7,875.5,0.4727889895439148,0.7363942563533783,0.6304138451814651,0.6564420461654663,0.6832172900438309,0.37686138035091893,824.871105082485,0
sample_025,high,20,448.0,946.0,439.7,875.5,0.4705115258693695,0.7352564930915833,0.612183190882206,0.6473709642887115,0.6754876211285591,0.31750590545689067,70.98690019996647,0
sample_025,high,21,82.0,107.0,439.7,875.5,0.4702501595020294,0.7351242154836655,0.6191945970058441,0.6518673002719879,0.6786355257034302,0.40569261763063913,847.6682959743157,0
sample_025,high,22,400.0,914.0,439.7,875.5,0.4676612913608551,0.7338306456804276,0.6136371865868568,0.6467863470315933,0.6749742344021799,0.3011610864637063,55.30226035163481,0
sample_025,high,23,178.0,210.0,439.7,875.5,0.46744561195373535,0.7337233871221542,0.6141535714268684,0.6420253366231918,0.6731302037835121,0.30641801513618616,715.1063836940627,0
sample_025,high,24,188.0,88.0,439.7,875.5,0.4673389494419098,0.7336703687906265,0.6154137924313545,0.6601680517196655,0.6806181266903877,0.3654367250291082,826.7461158058137,0
sample_025,high,25,54.0,88.0,439.7,875.5,0.46580085158348083,0.7329007983207703,0.6046970337629318,0.6525388062000275,0.6751152485609054,0.4293366977093852,876.8812576398243,0
sample_025,high,26,149.0,139.0,439.7,875.5,0.465293288230896,0.7326460033655167,0.5974777564406395,0.6425788700580597,0.6695855006575584,0.3560351106281514,791.7946324647572,0
sample_025,high,27,73.0,139.0,439.7,875.5,0.46347692608833313,0.7317379415035248,0.6028285920619965,0.6436047554016113,0.6707027971744538,0.39537956446938427,822.7400196903029,0
sample_025,high,28,496.0,927.0,439.7,875.5,0.46345755457878113,0.7317290753126144,0.610911175608635,0.637512817978859,0.6698789924383164,0.30194784317825485,76.30163825239929,0
sample_025,high,29,82.0,210.0,439.7,875.5,0.4632601737976074,0.7316305488348007,0.6120698228478432,0.629073292016983,0.6666955009102822,0.35973879412707216,755.53923789569,0
sample_025,high,30,371.0,946.0,439.7,875.5,0.46207624673843384,0.7310384958982468,0.6035659536719322,0.6354414373636246,0.667305164039135,0.32829636001637297,98.43749285714259,0
sample_026,high,1,256.0,91.0,255.8,134.0,0.8602523803710938,0.9301264882087708,0.6754996180534363,0.910948783159256,0.871530032157898,0.3367617852429221,43.000465113763596,0
sample_026,high,2,256.0,134.0,255.8,134.0,0.85918790102005,0.9295938313007355,0.688106894493103,0.914421021938324,0.8752273201942444,0.31104019032915986,0.19999999999998863,1
sample_026,high,3,256.0,62.0,255.8,134.0,0.8526766300201416,0.9263383150100708,0.6754525899887085,0.9042946994304657,0.8673437237739563,0.354527855041039,72.00027777724195,0
sample_026,high,4,255.0,206.0,255.8,134.0,0.8383325338363647,0.9191664755344391,0.6558653861284256,0.8956495225429535,0.8570994764566422,0.2706113449210879,72.0044443072787,0
sample_026,high,5,256.0,163.0,255.8,134.0,0.8319692015647888,0.9159843921661377,0.6431730687618256,0.8892124891281128,0.8507133662700653,0.2941980625361085,29.00068964697219,0
sample_026,high,6,544.0,147.0,255.8,134.0,0.7447460293769836,0.8723729848861694,0.6063946709036827,0.8398593664169312,0.8061718747019768,0.25154025522766726,288.4930501762564,0
sample_026,high,7,544.0,190.0,255.8,134.0,0.7407194972038269,0.8703597187995911,0.6099058166146278,0.8377949893474579,0.8052430465817452,0.22140009033421826,293.59025869398323,0
sample_026,high,8,544.0,104.0,255.8,134.0,0.7342873215675354,0.867143839597702,0.5870625451207161,0.8346432447433472,0.798127342760563,0.28173746644704534,289.7572087110172,0
sample_026,high,9,544.0,61.0,255.8,134.0,0.7291495203971863,0.864575207233429,0.5891079679131508,0.8328795433044434,0.796803493797779,0.31197515926752883,297.30159770845495,0
sample_026,high,10,254.0,938.0,255.8,134.0,0.6785964965820312,0.8392984867095947,0.6090453490614891,0.8574053049087524,0.8004905864596368,0.35521824277477637,804.0020149228483,0
sample_026,high,11,202.0,156.0,255.8,134.0,0.6013503074645996,0.8006752729415894,0.5881668329238892,0.6355948001146317,0.6921413958072663,0.321822932681933,58.12434945872514,0
sample_026,high,12,393.0,176.0,255.8,134.0,0.6011324524879456,0.800566703081131,0.6013345047831535,0.6457589268684387,0.6987971529364586,0.24127266732889574,143.4846333235723,0
sample_026,high,13,202.0,127.0,255.8,134.0,0.6010818481445312,0.800540953874588,0.6061824038624763,0.6446116715669632,0.6992975309491158,0.3375892474590978,54.25347915111068,0
sample_026,high,14,202.0,55.0,255.8,134.0,0.600284993648529,0.8001425564289093,0.6073494851589203,0.6505326926708221,0.7017399966716766,0.37870106944660187,95.57949570906933,0
sample_026,high,15,931.0,648.0,255.8,134.0,0.5992691516876221,0.7996349036693573,0.6222480610013008,0.6602791547775269,0.7084152355790139,0.3222305075563144,848.5817815626258,0
sample_026,high,16,202.0,84.0,255.8,134.0,0.5992553234100342,0.7996277213096619,0.6020813435316086,0.6416757255792618,0.6969376474618912,0.36184250717681027,73.44685153224746,0
sample_026,high,17,202.0,199.0,255.8,134.0,0.5967121720314026,0.79835644364357,0.6003940626978874,0.636957585811615,0.6942044243216514,0.29950375623687925,84.37677405542358,0
sample_026,high,18,393.0,147.0,255.8,134.0,0.5963377952575684,0.7981688678264618,0.6157723739743233,0.6464615017175674,0.7010066226124765,0.260823695242591,137.81451302384664,0
sample_026,high,19,361.0,97.0,255.8,134.0,0.5951354503631592,0.7975677251815796,0.5963126495480537,0.626388818025589,0.6888451471924781,0.30143821920917724,111.51699422061195,0
sample_026,high,20,393.0,205.0,255.8,134.0,0.595009446144104,0.7975046634674072,0.5851117298007011,0.6375817507505417,0.6910569116473197,0.2218941188945755,154.48249091725572,0
sample_026,high,21,931.0,691.0,255.8,134.0,0.5945988297462463,0.7972996532917023,0.6022799089550972,0.6435092836618423,0.6967795565724373,0.33334816633663966,875.2965440352201,0
sample_026,high,22,404.0,97.0,255.8,134.0,0.5942773818969727,0.7971387505531311,0.5977948531508446,0.6321476399898529,0.6912735268473625,0.29293770668864055,152.74894434987104,0
sample_026,high,23,137.0,170.0,255.8,134.0,0.5939012765884399,0.7969509363174438,0.6031997352838516,0.6556209772825241,0.7016687124967576,0.34689263468687254,124.13476547688002,0
sample_026,high,24,404.0,54.0,255.8,134.0,0.5937195420265198,0.7968598306179047,0.5889935120940208,0.6368480622768402,0.6912818595767022,0.3225926223582926,168.41389491369173,0
sample_026,high,25,137.0,127.0,255.8,134.0,0.5934290289878845,0.7967143058776855,0.6038613468408585,0.6538085788488388,0.7009814232587814,0.36803396582380815,119.00605026636252,0
sample_026,high,26,361.0,54.0,255.8,134.0,0.5930514931678772,0.7965254783630371,0.5894844010472298,0.6308784633874893,0.6888584569096565,0.33033089471013755,132.16292974960868,0
sample_026,high,27,148.0,91.0,255.8,134.0,0.5914614796638489,0.7957310974597931,0.6097654849290848,0.651405468583107,0.700807723402977,0.3815658527698724,116.05963984090249,0
sample_026,high,28,436.0,176.0,255.8,134.0,0.5901833772659302,0.7950920164585114,0.6049412116408348,0.6479922980070114,0.6982219681143761,0.23352944139872386,185.0298354320189,0
sample_026,high,29,137.0,199.0,255.8,134.0,0.5899624824523926,0.7949813008308411,0.5932034775614738,0.6459127068519592,0.6949982985854148,0.3334441482467491,135.41949638069107,0
sample_026,high,30,50.0,127.0,255.8,134.0,0.5893729329109192,0.7946866452693939,0.6061902493238449,0.6593444049358368,0.7028504699468614,0.4132971086276796,205.9190132066488,0
sample_027,high,1,876.0,235.0,876.7,234.7,0.8517739176750183,0.9258866012096405,0.6178797706961632,0.9139787256717682,0.8595220848917962,0.3252698879392312,0.7615773105864371,1
sample_027,high,2,876.0,209.0,876.7,234.7,0.6931138038635254,0.8465569019317627,0.600408136844635,0.7792511582374573,0.7704048514366151,0.3361971148002314,25.709531306501866,0
sample_027,high,3,876.0,151.0,876.7,234.7,0.6837634444236755,0.8418815433979034,0.5991202220320702,0.7714893221855164,0.765172390639782,0.36275129220996577,83.70292706948783,0
sample_027,high,4,877.0,56.0,876.7,234.7,0.6829596161842346,0.8414799273014069,0.6107740625739098,0.7821435034275055,0.7716041848063468,0.41186466223748786,178.7002518185131,0
sample_027,high,5,877.0,113.0,876.7,234.7,0.6460217237472534,0.8230107128620148,0.5695413649082184,0.739638164639473,0.7389678239822388,0.38203272111168696,121.70036976114739,0
sample_027,high,6,876.0,177.0,876.7,234.7,0.6202839612960815,0.8101414740085602,0.5754918605089188,0.7345015555620193,0.7329555839300156,0.3505032096857317,57.70424594429771,0
sample_027,high,7,875.0,934.0,876.7,234.7,0.5416804552078247,0.7708404660224915,0.5760673433542252,0.752086877822876,0.7243844062089921,0.40557428419464664,699.3020663490134,0
sample_027,high,8,934.0,235.0,876.7,234.7,0.5306593775749207,0.7653298676013947,0.5919477269053459,0.7151253819465637,0.7105716452002526,0.3595698819423006,57.30078533493232,0
sample_027,high,9,925.0,75.0,876.7,234.7,0.4560561776161194,0.7280278354883194,0.5811906605958939,0.6140107586979866,0.6530535697937012,0.42499999999999993,166.8441788016591,0
sample_027,high,10,925.0,50.0,876.7,234.7,0.4456581175327301,0.72282874584198,0.5697871372103691,0.5988944619894028,0.642646710574627,0.4376785350002899,190.91092163624373,0
sample_027,high,11,933.0,934.0,876.7,234.7,0.44369950890541077,0.7218498587608337,0.5755769684910774,0.5991301760077477,0.6435074076056481,0.4335002883505384,701.5626700445227,0
sample_027,high,12,944.0,190.0,876.7,234.7,0.4428918957710266,0.7214458733797073,0.584951601922512,0.6028018146753311,0.6466893956065178,0.38290729948644225,80.79220259406222,0
sample_027,high,13,944.0,164.0,876.7,234.7,0.43929627537727356,0.7196479290723801,0.5815936550498009,0.5996013581752777,0.6440184459090232,0.39372071319655005,97.61034781210438,0
sample_027,high,14,925.0,113.0,876.7,234.7,0.4284660816192627,0.7142330557107925,0.5683086439967155,0.5987928807735443,0.6388721033930779,0.4064443381325418,130.93425831309386,0
sample_027,high,15,858.0,81.0,876.7,234.7,0.39042365550994873,0.6952113956212997,0.5535502582788467,0.5819549635052681,0.6215765953063965,0.38969539386551644,154.83339433080965,0
sample_027,high,16,285.0,525.0,876.7,234.7,0.34488826990127563,0.6724439710378647,0.5077667669393122,0.7386991828680038,0.6660106149502099,0.15305227865013968,659.0773702684686,0
sample_027,high,17,839.0,235.0,876.7,234.7,0.3230513334274292,0.661525547504425,0.5363218560814857,0.5668454021215439,0.5986127510666848,0.30425811410708503,37.70119361505685,0
sample_027,high,18,285.0,430.0,876.7,234.7,0.29904016852378845,0.6495202332735062,0.5223845690488815,0.6546092629432678,0.6261287122964859,0.15988276955319483,623.0978895807625,0
sample_027,high,19,105.0,525.0,876.7,234.7,0.2891533076763153,0.6445766240358353,0.5097042508423328,0.6104204431176186,0.6039396770298481,0.2798660393831306,824.4968041175175,0
sample_027,high,20,285.0,358.0,876.7,234.7,0.28687259554862976,0.6434365808963776,0.5224179085344076,0.6632223427295685,0.6271471511572599,0.1821935783720162,604.4102745652162,0
sample_027,high,21,214.0,525.0,876.7,234.7,0.2862723767757416,0.6431361883878708,0.5174120627343655,0.5940102711319923,0.5983409963548183,0.20300369454766085,723.4952522304484,0
sample_027,high,22,282.0,819.0,876.7,234.7,0.2802608609199524,0.6401300579309464,0.5013447745004669,0.6999045014381409,0.6362827786477283,0.2732077963748472,833.7113289382602,0
sample_027,high,23,663.0,234.0,876.7,234.7,0.2797528803348541,0.6398764848709106,0.49193115904927254,0.6072945445775986,0.5972546435892583,0.2205957841845578,213.70114646393458,0
sample_027,high,24,159.0,525.0,876.7,234.7,0.2796235978603363,0.6398119926452637,0.5019704475998878,0.6123512983322144,0.6012594059109688,0.24177055238386663,774.1882070917898,0
sample_027,high,25,771.0,235.0,876.7,234.7,0.27665430307388306,0.638327032327652,0.5172482430934906,0.6233847811818123,0.6081343740224838,0.2680167905188031,105.70042573234986,0
sample_027,high,26,735.0,235.0,876.7,234.7,0.27494093775749207,0.6374701112508774,0.5081750256940722,0.619584821164608,0.6044569781050086,0.25044959572736386,141.7003175719801,0
sample_027,high,27,285.0,394.0,876.7,234.7,0.27432727813720703,0.6371638029813766,0.5200947113335133,0.656440794467926,0.6214607812464238,0.16950073746152255,612.7686186481811,0
sample_027,high,28,285.0,489.0,876.7,234.7,0.27325448393821716,0.6366268396377563,0.5247708763927221,0.6528928279876709,0.6207620423287155,0.1522268044727997,644.032126527862,0
sample_027,high,29,69.0,525.0,876.7,234.7,0.2731964886188507,0.636598601937294,0.5080124940723181,0.6109701618552208,0.6006300043314695,0.3052752856030111,858.2851391000546,0
sample_027,high,30,699.0,235.0,876.7,234.7,0.2705667018890381,0.6352831423282623,0.5084434244781733,0.6124976426362991,0.6008009988814592,0.23433522995913353,177.70025323561026,0
sample_028,high,1,251.0,839.0,252.4,838.7,0.8235030770301819,0.9117511212825775,0.6102429702877998,0.9035051465034485,0.8481511011719705,0.2974239398568985,1.4317821063276315,1
sample_028,high,2,215.0,839.0,252.4,838.7,0.5337557196617126,0.7668774425983429,0.5796425044536591,0.7149327248334885,0.7086525678634643,0.3131660901183268,37.401203189202356,0
sample_028,high,3,251.0,791.0,252.4,838.7,0.5184733271598816,0.7592373788356781,0.6101714968681335,0.7583554983139038,0.7290714502334595,0.27081543530604013,47.72054065075127,0
sample_028,high,4,179.0,839.0,252.4,838.7,0.5183561444282532,0.7591777145862579,0.5840869694948196,0.7490343898534775,0.7201022356748581,0.33012270446002345,73.40061307645871,0
sample_028,high,5,251.0,743.0,252.4,838.7,0.5153189897537231,0.7576600015163422,0.5619724951684475,0.7402544170618057,0.7115602664649487,0.24601829200285086,95.71023978655579,0
sample_028,high,6,106.0,839.0,252.4,838.7,0.5026304125785828,0.751314789056778,0.58387890458107,0.7300685495138168,0.709329116344452,0.3675302708621427,146.40030737672652,0
sample_028,high,7,143.0,839.0,252.4,838.7,0.4876879155635834,0.7438438236713409,0.5847492143511772,0.7191890776157379,0.702163003385067,0.3481163598568731,109.40041133377882,0
sample_028,high,8,252.0,647.0,252.4,838.7,0.48056846857070923,0.7402835488319397,0.5575059540569782,0.7201903462409973,0.6956907488405705,0.20385411450348506,191.700417318273,0
sample_028,high,9,71.0,839.0,252.4,838.7,0.47866442799568176,0.7393322438001633,0.5648887902498245,0.7140570133924484,0.6943334609270095,0.38662772792442085,181.40024807039265,0
sample_028,high,10,251.0,695.0,252.4,838.7,0.4746673107147217,0.7373338788747787,0.5335987135767937,0.7258224934339523,0.6919822916388512,0.2236358647444546,143.70681960157637,0
sample_028,high,11,186.0,815.0,252.4,838.7,0.34628042578697205,0.6731403172016144,0.5602383762598038,0.5990494936704636,0.6209235996007919,0.31450039745602865,70.50283682235775,0
sample_028,high,12,92.0,733.0,252.4,838.7,0.33691665530204773,0.6684581488370895,0.5541315414011478,0.5700575932860374,0.6062326051294804,0.3322295892902979,192.0954189979553,0
sample_028,high,13,157.0,796.0,252.4,838.7,0.3344881534576416,0.6672439873218536,0.5683218017220497,0.5797079354524612,0.612445129454136,0.3203630752755379,104.52009376191741,0
sample_028,high,14,114.0,651.0,252.4,838.7,0.3316894769668579,0.6658450216054916,0.5595359392464161,0.5630825608968735,0.6034782208502293,0.29308445881690826,233.2077400087742,0
sample_028,high,15,194.0,656.0,252.4,838.7,0.3311297297477722,0.6655643433332443,0.5784526020288467,0.5718690976500511,0.6106638967990876,0.24287033577610914,191.80680384178245,0
sample_028,high,16,92.0,801.0,252.4,838.7,0.3311121463775635,0.6655558943748474,0.548484031111002,0.5604854710400105,0.6001133523881436,0.3585142953914111,164.77090155728348,0
sample_028,high,17,208.0,801.0,252.4,838.7,0.33032020926475525,0.6651605516672134,0.5415244325995445,0.5599607564508915,0.5983534097671509,0.296534146431739,58.24645911984697,0
sample_028,high,18,78.0,637.0,252.4,838.7,0.3283405601978302,0.6641703099012375,0.5668190345168114,0.5674664750695229,0.6060185208916664,0.31372997944091985,266.64255099289767,0
sample_028,high,19,121.0,801.0,252.4,838.7,0.32819345593452454,0.664096862077713,0.5415138080716133,0.5630063936114311,0.5991440638899803,0.3422294551905198,136.70131674567003,0
sample_028,high,20,172.0,738.0,252.4,838.7,0.3279475271701813,0.6639737188816071,0.5445262864232063,0.5730765610933304,0.6037253692746163,0.28655540476494246,128.85903150342241,0
sample_028,high,21,165.0,656.0,252.4,838.7,0.32781678438186646,0.6639078110456467,0.5777141153812408,0.5820455700159073,0.6139241755008698,0.2613053769060254,202.5291337067337,0
sample_028,high,22,143.0,738.0,252.4,838.7,0.3266558051109314,0.6633277386426926,0.5458327494561672,0.5697675347328186,0.602404659241438,0.3033916610587707,148.69045026497164,0
sample_028,high,23,114.0,757.0,252.4,838.7,0.3244251012802124,0.662212535738945,0.5450079366564751,0.5718826949596405,0.6026396796107293,0.32790623659820806,160.7154317419457,0
sample_028,high,24,251.0,876.0,252.4,838.7,0.3230630159378052,0.661531612277031,0.5095894252881408,0.5745140984654427,0.5963361693546176,0.31888634338898864,37.32626421167804,0
sample_028,high,25,85.0,757.0,252.4,838.7,0.3213176727294922,0.6606591641902924,0.5507445111870766,0.5657383054494858,0.6007078900933266,0.3451622806738882,186.27305226467948,0
sample_028,high,26,201.0,757.0,252.4,838.7,0.32027438282966614,0.6601370275020599,0.5533894635736942,0.5677621364593506,0.6018375582993032,0.27879203718901296,96.52383125425558,0
sample_028,high,27,172.0,680.0,252.4,838.7,0.3187556862831116,0.6593778878450394,0.5465635471045971,0.5732298940420151,0.6023558221757412,0.26456001209555463,177.90404717150201,0
sample_028,high,28,114.0,680.0,252.4,838.7,0.3187093436717987,0.659354642033577,0.5471446663141251,0.5645407661795616,0.5989870965480806,0.3011610864637063,210.5712468500864,0
sample_028,high,29,143.0,680.0,252.4,838.7,0.3186529576778412,0.6593263149261475,0.5492397099733353,0.5740443170070648,0.603196194767952,0.28270921456507214,192.75385858654042,0
sample_028,high,30,114.0,709.0,252.4,838.7,0.3180029094219208,0.6590010821819305,0.5564938560128212,0.5763823017477989,0.6054521247744561,0.3103844390429391,189.67511697637096,0
sample_029,high,1,856.0,688.0,857.1,688.0,0.9143983125686646,0.9571991264820099,0.6647000759840012,0.9251101613044739,0.8858637303113939,0.2846752535785294,1.1000000000000227,1
sample_029,high,2,856.0,784.0,857.1,688.0,0.878913938999176,0.9394565522670746,0.6123115494847298,0.8763532042503357,0.8487862125039101,0.3220186330012597,96.00630187649142,0
sample_029,high,3,856.0,736.0,857.1,688.0,0.8614068627357483,0.9307030141353607,0.6122359186410904,0.870573878288269,0.84295794069767,0.3020198668962027,48.01260251225713,0
sample_029,high,4,856.0,640.0,857.1,688.0,0.8575931787490845,0.9287959635257721,0.6073980927467346,0.8661921918392181,0.839474880695343,0.2704958410031474,48.01260251225713,0
sample_029,high,5,851.0,434.0,857.1,688.0,0.6787369847297668,0.8393683731555939,0.5553214810788631,0.7637620866298676,0.7523164801299573,0.2525440555625889,254.07323747297747,0
sample_029,high,6,856.0,814.0,857.1,688.0,0.6590021252632141,0.8295010328292847,0.530004907399416,0.7289010137319565,0.7293618001043797,0.3356575635971875,126.00480149581603,0
sample_029,high,7,851.0,482.0,857.1,688.0,0.6507875919342041,0.825393557548523,0.5474239774048328,0.7358094453811646,0.7339659966528416,0.24852062288671334,206.09029574436542,0
sample_029,high,8,851.0,338.0,857.1,688.0,0.644384503364563,0.8221923410892487,0.5461627207696438,0.7331243604421616,0.7313592247664928,0.2733541658727739,350.0531531067818,0
sample_029,high,9,851.0,386.0,857.1,688.0,0.637937068939209,0.8189689815044403,0.5379296280443668,0.7245350629091263,0.7249875433743,0.2609568929919269,302.0615996779465,0
sample_029,high,10,856.0,592.0,857.1,688.0,0.5501952171325684,0.7750976085662842,0.5449212305247784,0.7508405447006226,0.7193595074117184,0.26,96.00630187649142,0
sample_029,high,11,851.0,530.0,857.1,688.0,0.5376887917518616,0.7688442766666412,0.5417775139212608,0.7102404832839966,0.6999894067645074,0.2490993777591586,158.11770931809,0
sample_029,high,12,856.0,923.0,857.1,688.0,0.5172479152679443,0.7586232721805573,0.5523568987846375,0.7384053617715836,0.7092828333377839,0.39093797462001567,235.00257445398339,0
sample_029,high,13,564.0,949.0,857.1,688.0,0.48889607191085815,0.7444479465484619,0.5573388412594795,0.7437354624271393,0.7067411318421364,0.3207000155908945,392.46478822946654,0
sample_029,high,14,827.0,688.0,857.1,688.0,0.4478406310081482,0.7239199876785278,0.5967620015144348,0.6588204205036163,0.6724485635757447,0.2667142665850479,30.100000000000023,0
sample_029,high,15,823.0,472.0,857.1,688.0,0.4321916997432709,0.7160959839820862,0.5742648839950562,0.641057163476944,0.6577142357826233,0.22925204470189575,218.67512432830583,0
sample_029,high,16,827.0,942.0,857.1,688.0,0.4276621639728546,0.7138305753469467,0.5535398237407207,0.6180005818605423,0.6434404276311398,0.38877564224112604,255.77726638620564,0
sample_029,high,17,823.0,434.0,857.1,688.0,0.4265344440937042,0.7132672220468521,0.5623880513012409,0.6301548928022385,0.6498464561998845,0.23311477859629576,256.2787739942581,0
sample_029,high,18,564.0,910.0,857.1,688.0,0.425999253988266,0.7129995226860046,0.5406229421496391,0.6891098916530609,0.668968354165554,0.2934246070117501,367.68411714405073,0
sample_029,high,19,827.0,784.0,857.1,688.0,0.4247581958770752,0.7123787254095078,0.5548323281109333,0.616222470998764,0.6424069441854954,0.30625561219347475,100.60820046099623,0
sample_029,high,20,828.0,640.0,857.1,688.0,0.4201466739177704,0.710072711110115,0.558623980730772,0.6171999052166939,0.6426338426768781,0.2521745427278495,56.132076391311244,0
sample_029,high,21,823.0,376.0,857.1,688.0,0.4152379631996155,0.7076189666986465,0.550024688243866,0.6207973212003708,0.6413714528083801,0.2446477058956409,313.8579455741084,0
sample_029,high,22,536.0,949.0,857.1,688.0,0.4143446981906891,0.7071721404790878,0.5575630888342857,0.6460387706756592,0.652796982228756,0.31850981146583224,413.79488880361976,0
sample_029,high,23,827.0,736.0,857.1,688.0,0.41191330552101135,0.70595683157444,0.5744857937097549,0.6126242950558662,0.6423296093940736,0.2851534674521774,56.656950147356156,0
sample_029,high,24,851.0,291.0,857.1,688.0,0.4074527621269226,0.7037268579006195,0.5039776805788279,0.6316811740398407,0.6349587488919497,0.2888615585362649,397.0468612141393,0
sample_029,high,25,823.0,338.0,857.1,688.0,0.3986445665359497,0.6993226855993271,0.5516751445829868,0.6197030395269394,0.637945318967104,0.2555122306270289,351.6572336807534,0
sample_029,high,26,905.0,720.0,857.1,688.0,0.38393518328666687,0.6919678002595901,0.5476526133716106,0.582514762878418,0.6193235479295254,0.3259025928095694,57.60564208478192,0
sample_029,high,27,905.0,688.0,857.1,688.0,0.3818509578704834,0.6909254491329193,0.545830812305212,0.5854243561625481,0.6197060845792294,0.31572852262663886,47.89999999999998,0
sample_029,high,28,905.0,656.0,857.1,688.0,0.38131940364837646,0.6906598061323166,0.5347612425684929,0.5786881893873215,0.6146914467215538,0.3068884162036749,57.60564208478192,0
sample_029,high,29,856.0,864.0,857.1,688.0,0.37950554490089417,0.6897528171539307,0.519428001716733,0.6170786395668983,0.6266181830316782,0.36002222153639346,176.0034374664313,0
sample_029,high,30,905.0,784.0,857.1,688.0,0.37388285994529724,0.6869420260190964,0.5241257213056087,0.5663658231496811,0.6061482839286327,0.3497720686389924,107.28657884376777,0
sample_030,high,1,767.0,591.0,767.7,590.7,0.8519614338874817,0.9259806871414185,0.6475083976984024,0.8955154716968536,0.8581001430749893,0.19946177578674065,0.7615773105864148,1
sample_030,high,2,690.0,591.0,767.7,590.7,0.8211051821708679,0.9105526506900787,0.6334233433008194,0.8812113702297211,0.8433902770280839,0.14896476093358454,77.70057914842081,0
sample_030,high,3,728.0,591.0,767.7,590.7,0.7319961786270142,0.8659979701042175,0.6265454888343811,0.8715221583843231,0.8203171491622925,0.17358715390258578,39.70113348507827,0
sample_030,high,4,632.0,591.0,767.7,590.7,0.7266286611557007,0.8633138537406921,0.6323359459638596,0.8711626529693604,0.820257791876793,0.11336886697854925,135.70033161344895,0
sample_030,high,5,72.0,593.0,767.7,590.7,0.712767481803894,0.8563839793205261,0.6229243054986,0.850371241569519,0.8072869494557382,0.30970389083768385,695.7038019157291,0
sample_030,high,6,110.0,593.0,767.7,590.7,0.7112424969673157,0.8556214570999146,0.6184050664305687,0.849361777305603,0.8056743070483208,0.28350396822619606,657.7040215780955,0
sample_030,high,7,196.0,599.0,767.7,590.7,0.7111393213272095,0.8555697798728943,0.5837345495820045,0.770190417766571,0.767050988972187,0.22607189122046994,571.7602469567119,0
sample_030,high,8,158.0,599.0,767.7,590.7,0.7054677605628967,0.8527345359325409,0.5891082733869553,0.7709894478321075,0.7673112481832505,0.2517588131525885,609.7564923803601,0
sample_030,high,9,661.0,610.0,767.7,590.7,0.6381231546401978,0.8190613687038422,0.6278553605079651,0.7016816735267639,0.7338682889938355,0.13787856976339724,108.43145300142393,0
sample_030,high,10,934.0,128.0,767.7,590.7,0.6287239789962769,0.8143626153469086,0.6168652102351189,0.6599218249320984,0.7130868181586265,0.4041905491225642,491.6777196497722,0
sample_030,high,11,709.0,719.0,767.7,590.7,0.6281796097755432,0.8140895962715149,0.636730283498764,0.680754691362381,0.7252837717533113,0.21405840324546943,141.09068006073255,0
sample_030,high,12,594.0,591.0,767.7,590.7,0.6271498203277588,0.8135743141174316,0.5896032452583313,0.7648348212242126,0.7492843031883241,0.0925121613627095,173.70025906716438,0
sample_030,high,13,167.0,657.0,767.7,590.7,0.6270086765289307,0.813504159450531,0.6082930937409401,0.6559903621673584,0.7094564273953438,0.2603247971285102,604.3477310290823,0
sample_030,high,14,129.0,657.0,767.7,590.7,0.6256675124168396,0.8128333687782288,0.6107383519411087,0.6558744758367538,0.7096308082342149,0.28485961454723624,642.1319023378297,0
sample_030,high,15,62.0,740.0,767.7,590.7,0.6249246597290039,0.812462329864502,0.6154860407114029,0.6731042265892029,0.7173238307237626,0.3531600203873592,721.3203033327151,0
sample_030,high,16,100.0,753.0,767.7,590.7,0.6246920228004456,0.8123458623886108,0.6310618668794632,0.6695516556501389,0.7189713805913927,0.3346707337070273,687.1423287791257,0
sample_030,high,17,934.0,102.0,767.7,590.7,0.6238328814506531,0.8119169771671295,0.6279296427965164,0.6637609452009201,0.7158570975065232,0.41638924097531627,516.220282437643,0
sample_030,high,18,62.0,689.0,767.7,590.7,0.622525155544281,0.8112629354000092,0.6216589361429214,0.673674687743187,0.7183068364858627,0.33731661684536085,712.5134244349366,0
sample_030,high,19,757.0,751.0,767.7,590.7,0.6222652792930603,0.8111328184604645,0.6003396436572075,0.6559159308671951,0.7068874284625053,0.25401771591761074,160.65671476785522,0
sample_030,high,20,934.0,51.0,767.7,590.7,0.6222236156463623,0.8111121356487274,0.624046802520752,0.6741155534982681,0.7189004361629486,0.44156369868910195,564.7404536599092,0
sample_030,high,21,167.0,708.0,767.7,590.7,0.6211519241333008,0.8105763494968414,0.6210900098085403,0.652438685297966,0.7094240158796311,0.27762654772193524,612.0455701988211,0
sample_030,high,22,767.0,719.0,767.7,590.7,0.6201572418212891,0.8100785911083221,0.6242257431149483,0.6689162701368332,0.7164430931210519,0.24418230894149556,128.30190957269494,0
sample_030,high,23,100.0,689.0,767.7,590.7,0.6196485757827759,0.8098246157169342,0.6186298206448555,0.6738504022359848,0.7171959713101387,0.31282662930127925,674.8971625366343,0
sample_030,high,24,167.0,785.0,767.7,590.7,0.6190654039382935,0.8095324039459229,0.6118115484714508,0.6586837023496628,0.7096487522125244,0.3099306374013385,631.3422051470977,0
sample_030,high,25,91.0,657.0,767.7,590.7,0.6189061403274536,0.8094533383846283,0.602169543504715,0.6553806811571121,0.7063675165176392,0.309782181540514,679.9401297173157,0
sample_030,high,26,757.0,674.0,767.7,590.7,0.6180741190910339,0.8090368509292603,0.6209771558642387,0.6597839891910553,0.711723767220974,0.21945956347354745,83.98440331394868,0
sample_030,high,27,129.0,708.0,767.7,590.7,0.6175215840339661,0.8087614476680756,0.6231565847992897,0.6509671956300735,0.7085227742791176,0.3007532210966326,649.3819985185916,0
sample_030,high,28,632.0,719.0,767.7,590.7,0.6172871589660645,0.8086440563201904,0.6282829195261002,0.6640747636556625,0.7147441118955613,0.18081067446364996,186.74951137820952,0
sample_030,high,29,62.0,766.0,767.7,590.7,0.6165804266929626,0.8082902133464813,0.619764655828476,0.6684545874595642,0.7146508514881134,0.36235341863986875,727.1468764974516,0
sample_030,high,30,661.0,751.0,767.7,590.7,0.6156892776489258,0.8078444302082062,0.5969614312052727,0.6546835005283356,0.7044034585356713,0.21085777196963834,192.56422305298562,0
